Ticker,Company Name,Exchange,Industry (SIC Description),SIC Code,CIK,State of Incorporation,Fiscal Year End,IPO/First Listed Date,Former Name(s),SEC Exchange(s),Alpha Vantage Asset Type,Status
A,"AGILENT TECHNOLOGIES, INC.",NYSE,Laboratory Analytical Instruments,3826,1090872,DE,1031,,AGILENT TECHNOLOGIES INC,NYSE,,
AA,Alcoa Corp,NYSE,Primary Production of  Aluminum,3334,1675149,DE,1231,,Alcoa Upstream Corp,NYSE,,
AADX,"Applied Aerospace & Defense, Inc.",NYSE,"Aircraft Parts & Auxiliary Equipment, NEC",3728,2118195,DE,1231,,,NYSE,,
AAL,American Airlines Group Inc.,NASDAQ,"Air Transportation, Scheduled",4512,6201,DE,1231,,AMR CORP,Nasdaq,,
AAME,ATLANTIC AMERICAN CORP,NASDAQ,Life Insurance,6311,8177,GA,1231,,,Nasdaq,,
AAMI,Acadian Asset Management Inc.,NYSE,Investment Advice,6282,1748824,DE,1231,,BrightSphere Investment Group Inc.,NYSE,,
AAOI,"APPLIED OPTOELECTRONICS, INC.",NASDAQ,Semiconductors & Related Devices,3674,1158114,DE,1231,,APPLIED OPTOELECTRONICS INC,Nasdaq,,
AAON,"AAON, INC.",NASDAQ,Air-Cond & Warm Air Heatg Equip & Comm & Indl Refrig Equip,3585,824142,NV,1231,,AAON INC,Nasdaq,,
AAP,ADVANCE AUTO PARTS INC,NYSE,Retail-Auto & Home Supply Stores,5531,1158449,DE,0102,,,NYSE,,
AAPG,ASCENTAGE PHARMA GROUP INTERNATIONAL,NASDAQ,Pharmaceutical Preparations,2834,2023311,E9,1231,,,Nasdaq,,
AAPL,Apple Inc.,NASDAQ,Electronic Computers,3571,320193,CA,0926,,APPLE INC; APPLE COMPUTER INC; APPLE COMPUTER INC/ FA,Nasdaq,,
AARD,"Aardvark Therapeutics, Inc.",NASDAQ,Pharmaceutical Preparations,2834,1774857,DE,1231,,,Nasdaq,,
AAUC,Allied Gold Corp,NYSE,Gold and Silver Ores,1040,1993344,A6,1231,,,NYSE,,
ABAT,AMERICAN BATTERY TECHNOLOGY Co,NASDAQ,Mining & Quarrying of  Nonmetallic Minerals (No Fuels),1400,1576873,NV,0630,,"AMERICAN BATTERY METALS CORP; Oroplata Resources, Inc.",Nasdaq,,
ABBV,AbbVie Inc.,NYSE,Pharmaceutical Preparations,2834,1551152,DE,1231,,,NYSE,,
ABCB,Ameris Bancorp,NYSE,State Commercial Banks,6022,351569,GA,1231,,ABC BANCORP,NYSE,,
ABCL,AbCellera Biologics Inc.,NASDAQ,Pharmaceutical Preparations,2834,1703057,A1,1231,,,Nasdaq,,
ABEO,ABEONA THERAPEUTICS INC.,NASDAQ,Pharmaceutical Preparations,2834,318306,DE,1231,,PLASMATECH BIOPHARMACEUTICALS INC; ACCESS PHARMACEUTICALS INC; CHEMEX PHARMACEUTICALS INC,Nasdaq,,
ABG,ASBURY AUTOMOTIVE GROUP INC,NYSE,Retail-Auto Dealers & Gasoline Stations,5500,1144980,DE,1231,,,NYSE,,
ABLV,Able View Global Inc.,NASDAQ,Retail-Nonstore Retailers,5960,1957489,E9,1231,,,"Nasdaq, Nasdaq",,
ABM,ABM INDUSTRIES INC /DE/,NYSE,Services-To Dwellings & Other Buildings,7340,771497,DE,1031,,ABM INDUSTRIES INC; AMERICAN BUILDING MAINTENANCE INDUSTRIES INC,NYSE,,
ABNB,"Airbnb, Inc.",NASDAQ,Services-To Dwellings & Other Buildings,7340,1559720,DE,1231,,"Airbnb, Inc.",Nasdaq,,
ABOS,"Acumen Pharmaceuticals, Inc.",NASDAQ,"Biological Products, (No Diagnostic Substances)",2836,1576885,DE,1231,,,Nasdaq,,
ABSI,Absci Corp,NASDAQ,Services-Commercial Physical & Biological Research,8731,1672688,,1231,,"AbSci, LLC",Nasdaq,,
ABT,ABBOTT LABORATORIES,NYSE,Pharmaceutical Preparations,2834,1800,IL,1231,,,NYSE,,
ABTC,American Bitcoin Corp.,NASDAQ,Finance Services,6199,1755953,DE,1231,,"American Bitcoin Corp. /DE/; Gryphon Digital Mining, Inc.; Akerna Corp.; MTech Acquisition Holdings Inc.",Nasdaq,,
ABTS,Abits Group Inc,NASDAQ,Finance Services,6199,1864055,D8,1231,,Moxian (BVI) Inc,Nasdaq,,
ABUS,Arbutus Biopharma Corp,NASDAQ,Pharmaceutical Preparations,2834,1447028,A1,1231,,TEKMIRA PHARMACEUTICALS CORP; TEKMIRA PHARMACEUTICALS Corp,Nasdaq,,
ABVC,"ABVC BIOPHARMA, INC.",NASDAQ,Pharmaceutical Preparations,2834,1173313,NV,1231,,"American BriVision (Holding) Corp; METU BRANDS, INC.; Ecology Coatings, Inc.; ECOLOGY COATINGS, INC.; OCIS CORP","Nasdaq, OTC",,
ABX,"Abacus Global Management, Inc.",NYSE,Investment Advice,6282,1814287,DE,1231,,"Abacus Life, Inc.; East Resources Acquisition Co","NYSE, NYSE",,
ACA,"Arcosa, Inc.",NYSE,Fabricated Structural Metal Products,3440,1739445,DE,1231,,,NYSE,,
ACAD,ACADIA PHARMACEUTICALS INC,NASDAQ,Pharmaceutical Preparations,2834,1070494,DE,1231,,,Nasdaq,,
ACB,AURORA CANNABIS INC,NASDAQ,Medicinal Chemicals & Botanical Products,2833,1683541,A1,0331,,,Nasdaq,,
ACCL,Acco Group Holdings Ltd,NASDAQ,Services-Management Consulting Services,8742,2038378,,,,,Nasdaq,,
ACCO,ACCO BRANDS Corp,NYSE,"Blankbooks, Looseleaf Binders & Bookbindg & Relatd Work",2780,712034,DE,1231,,ACCO WORLD CORP,NYSE,,
ACCS,ACCESS Newswire Inc.,NYSE American,Services-Management Consulting Services,8742,843006,,1231,,ISSUER DIRECT CORP; DOCUCON INC; DOCUCON INCORPORATED,NYSE,,
ACDC,ProFrac Holding Corp.,NASDAQ,"Oil & Gas Field Services, NEC",1389,1881487,DE,1231,,,Nasdaq,,
ACEL,"Accel Entertainment, Inc.",NYSE,Services-Amusement & Recreation Services,7900,1698991,DE,1231,,TPG Pace Holdings Corp.,NYSE,,
ACET,"Adicet Bio, Inc.",NASDAQ,Pharmaceutical Preparations,2834,1720580,DE,1226,,"resTORbio, Inc.",Nasdaq,,
ACFN,"ACORN ENERGY, INC.",NASDAQ,Services-Engineering Services,8711,880984,DE,1231,,"ACORN FACTOR, INC.; DATA SYSTEMS & SOFTWARE INC",Nasdaq,,
ACGL,ARCH CAPITAL GROUP LTD.,NASDAQ,"Fire, Marine & Casualty Insurance",6331,947484,,1231,,ARCH CAPITAL GROUP LTD; RISK CAPITAL HOLDINGS INC,"Nasdaq, Nasdaq, Nasdaq",,
ACH,ACCENDRA HEALTH INC/VA/,NYSE,"Wholesale-Medical, Dental & Hospital Equipment & Supplies",5047,75252,VA,1231,,OWENS & MINOR INC/VA/; O&M HOLDING INC; OWENS & MINOR INC,NYSE,,
ACHC,"Acadia Healthcare Company, Inc.",NASDAQ,"Services-Specialty Outpatient Facilities, NEC",8093,1520697,DE,1231,,,Nasdaq,,
ACHR,Archer Aviation Inc.,NYSE,Aircraft,3721,1824502,,1231,,Atlas Crest Investment Corp.,"NYSE, NYSE",,
ACHV,"ACHIEVE LIFE SCIENCES, INC.",NASDAQ,In Vitro & In Vivo Diagnostic Substances,2835,949858,DE,1231,,"ONCOGENEX PHARMACEUTICALS, INC.; SONUS PHARMACEUTICALS INC",Nasdaq,,
ACI,"Albertsons Companies, Inc.",NYSE,Retail-Grocery Stores,5411,1646972,DE,0227,,,NYSE,,
ACIC,AMERICAN COASTAL INSURANCE Corp,NASDAQ,"Fire, Marine & Casualty Insurance",6331,1401521,DE,1231,,UNITED INSURANCE HOLDINGS CORP.; FMG ACQUISITION CORP,Nasdaq,,
ACIU,AC Immune SA,NASDAQ,Pharmaceutical Preparations,2834,1651625,V8,1231,,,Nasdaq,,
ACIW,"ACI WORLDWIDE, INC.",NASDAQ,Services-Prepackaged Software,7372,935036,DE,1231,,TRANSACTION SYSTEMS ARCHITECTS INC,Nasdaq,,
ACLS,AXCELIS TECHNOLOGIES INC,NASDAQ,"Special Industry Machinery, NEC",3559,1113232,DE,1231,,,Nasdaq,,
ACM,AECOM,NYSE,Services-Engineering Services,8711,868857,DE,0930,,AECOM TECHNOLOGY CORP,NYSE,,
ACMR,"ACM Research, Inc.",NASDAQ,"Special Industry Machinery, NEC",3559,1680062,CA,1231,,,Nasdaq,,
ACN,Accenture plc,NYSE,"Services-Business Services, NEC",7389,1467373,L2,0831,,Accenture plc,NYSE,,
ACNB,ACNB CORP,NASDAQ,State Commercial Banks,6022,715579,PA,1231,,,Nasdaq,,
ACNT,ASCENT INDUSTRIES CO.,NASDAQ,Chemicals & Allied Products,2800,95953,DE,1231,,SYNALLOY CORP,Nasdaq,,
ACOG,Alpha Cognition Inc.,NASDAQ,"Biological Products, (No Diagnostic Substances)",2836,1655923,A1,1231,,Neurodyn Cognition Inc.,Nasdaq,,
ACON,"Aclarion, Inc.",NASDAQ,Services-Medical Laboratories,8071,1635077,DE,1231,,"Nocimed, Inc.","Nasdaq, Nasdaq",,
ACR,ACRES Commercial Realty Corp.,NYSE,Real Estate Investment Trusts,6798,1332551,MD,1231,,Exantas Capital Corp.; Resource Capital Corp.,"NYSE, NYSE, NYSE",,
ACRE,Ares Commercial Real Estate Corp,NYSE,Real Estate Investment Trusts,6798,1529377,MD,,,,NYSE,,
ACRS,"Aclaris Therapeutics, Inc.",NASDAQ,Pharmaceutical Preparations,2834,1557746,DE,1231,,,Nasdaq,,
ACRV,"Acrivon Therapeutics, Inc.",NASDAQ,Pharmaceutical Preparations,2834,1781174,,1231,,,Nasdaq,,
ACT,"Enact Holdings, Inc.",NASDAQ,"Insurance Agents, Brokers & Service",6411,1823529,DE,1231,,"Genworth Mortgage Holdings, Inc.",Nasdaq,,
ACTG,ACACIA RESEARCH CORP,NASDAQ,Patent Owners & Lessors,6794,934549,DE,1231,,,Nasdaq,,
ACTU,"ACTUATE THERAPEUTICS, INC.",NASDAQ,Pharmaceutical Preparations,2834,1652935,DE,1231,,,Nasdaq,,
ACU,ACME UNITED CORP,NYSE American,"Cutlery, Handtools & General Hardware",3420,2098,CT,1231,,,NYSE,,
ACVA,ACV Auctions Inc.,NYSE,"Services-Business Services, NEC",7389,1637873,DE,1231,,,NYSE,,
ACXP,"Acurx Pharmaceuticals, Inc.",NASDAQ,Pharmaceutical Preparations,2834,1736243,DE,1231,,"Acurx Pharmaceuticals, LLC",Nasdaq,,
AD,"ARRAY DIGITAL INFRASTRUCTURE, INC.",NYSE,Radiotelephone Communications,4812,821130,DE,1231,,UNITED STATES CELLULAR CORP,"NYSE, NYSE, NYSE, NYSE",,
ADAC,American Drive Acquisition Co,NASDAQ,Blank Checks,6770,2083002,E9,1231,,American Dynamism Acquisition Co,"Nasdaq, Nasdaq, Nasdaq",,
ADAG,Adagene Inc.,NASDAQ,Pharmaceutical Preparations,2834,1818838,E9,1231,,,Nasdaq,,
ADBE,ADOBE INC.,NASDAQ,Services-Prepackaged Software,7372,796343,DE,1127,,ADOBE SYSTEMS INC,Nasdaq,,
ADBT,"Advasa Holdings, Inc.",NASDAQ,Services-Prepackaged Software,7372,2084227,DE,0331,,,Nasdaq,,
ADC,AGREE REALTY CORP,NYSE,Real Estate Investment Trusts,6798,917251,DE,1231,,,"NYSE, NYSE",,
ADCT,ADC Therapeutics SA,NYSE,Pharmaceutical Preparations,2834,1771910,V8,1231,,,NYSE,,
ADEA,Adeia Inc.,NASDAQ,Cable & Other Pay Television Services,4841,1803696,DE,1231,,Xperi Holding Corp; XRAY-TWOLF HoldCo Corp,Nasdaq,,
ADGM,"Adagio Medical Holdings, Inc.",NASDAQ,Surgical & Medical Instruments & Apparatus,3841,2006986,DE,1231,,"Aja Holdco, Inc.",Nasdaq,,
ADI,ANALOG DEVICES INC,NASDAQ,Semiconductors & Related Devices,3674,6281,MA,1031,,,Nasdaq,,
ADIG,ADI GLOBAL DISTRIBUTION INC.,NYSE,Wholesale-Hardware,5072,2105139,DE,1231,,,NYSE,,
ADIL,"ADIAL PHARMACEUTICALS, INC.",NASDAQ,Pharmaceutical Preparations,2834,1513525,DE,1231,,"Adial Pharmaceuticals, L.L.C.; ADial Pharmaceuticals, L.L.C.",Nasdaq,,
ADM,Archer-Daniels-Midland Co,NYSE,Fats & Oils,2070,7084,DE,1231,,Archer-Daniels-Midland Co; ARCHER DANIELS MIDLAND CO,NYSE,,
ADMA,"ADMA BIOLOGICS, INC.",NASDAQ,"Biological Products, (No Diagnostic Substances)",2836,1368514,DE,1231,,"R&R ACQUISITION VI, INC",Nasdaq,,
ADNT,Adient plc,NYSE,Motor Vehicle Parts & Accessories,3714,1670541,L2,0930,,Adient Ltd,NYSE,,
ADP,AUTOMATIC DATA PROCESSING INC,NASDAQ,Services-Computer Processing & Data Preparation,7374,8670,DE,0630,,,Nasdaq,,
ADPT,Adaptive Biotechnologies Corp,NASDAQ,"Biological Products, (No Diagnostic Substances)",2836,1478320,WA,1231,,Adaptive TCR Corp,Nasdaq,,
ADSE,Ads-Tec Energy Public Ltd Co,NASDAQ,"Miscellaneous Electrical Machinery, Equipment & Supplies",3690,1879248,L2,1231,,,"Nasdaq, Nasdaq",,
ADSK,"Autodesk, Inc.",NASDAQ,Services-Prepackaged Software,7372,769397,DE,0131,,AUTODESK INC,Nasdaq,,
ADT,ADT Inc.,NYSE,"Services-Detective, Guard & Armored Car Services",7381,1703056,DE,1231,,"ADT Inc.; ADT, Inc.; Prime Security Services Parent, Inc.",NYSE,,
ADTN,"ADTRAN Holdings, Inc.",NASDAQ,Telephone & Telegraph Apparatus,3661,926282,,1231,,ADTRAN INC,Nasdaq,,
ADUR,ADURO CLEAN TECHNOLOGIES INC.,NASDAQ,Chemicals & Allied Products,2800,1863934,A1,0531,,,Nasdaq,,
ADUS,Addus HomeCare Corp,NASDAQ,Services-Home Health Care Services,8082,1468328,DE,1231,,,Nasdaq,,
ADV,Advantage Solutions Inc.,NASDAQ,"Services-Business Services, NEC",7389,1776661,,1231,,Advantage Solutions Inc.; Conyers Park II Acquisition Corp.,Nasdaq,,
ADVB,Advanced Biomed Inc.,NASDAQ,Services-Medical Laboratories,8071,1941029,NV,0630,,,Nasdaq,,
AEBI,Aebi Schmidt Holding AG,NASDAQ,Construction Machinery & Equip,3531,2048519,V8,1231,,,Nasdaq,,
AEC,ANFIELD ENERGY INC.,NASDAQ,Metal Mining,1000,1519469,A1,1231,,ANFIELD RESOURCES INC; EQUINOX COPPER CORP; EQUINOX EXPLORATION CORP,Nasdaq,,
AEE,AMEREN CORP,NYSE,Electric & Other Services Combined,4931,1002910,MO,1231,,,NYSE,,
AEG,AEGON LTD.,NYSE,Life Insurance,6311,769218,D0,1231,,AEGON NV,"NYSE, OTC, NYSE",,
AEHL,Antelope Enterprise Holdings Ltd,NASDAQ,"Communications Services, NEC",4899,1470683,D8,0930,,"China Ceramics Co., Ltd",Nasdaq,,
AEHR,AEHR TEST SYSTEMS,NASDAQ,Instruments For Meas & Testing of  Electricity & Elec Signals,3825,1040470,CA,1231,,,Nasdaq,,
AEI,Alset Inc.,NASDAQ,Real Estate,6500,1750106,TX,1231,,Alset EHome International Inc.; HF Enterprises Inc.,Nasdaq,,
AEIS,ADVANCED ENERGY INDUSTRIES INC,NASDAQ,"Electronic Components, NEC",3679,927003,DE,1231,,,Nasdaq,,
AEM,AGNICO EAGLE MINES LTD,NYSE,Gold and Silver Ores,1040,2809,A6,1231,,,"NYSE, OTC",,
AEMD,AETHLON MEDICAL INC,NASDAQ,Surgical & Medical Instruments & Apparatus,3841,882291,NV,0331,,BISHOP EQUITIES INC,Nasdaq,,
AENT,ALLIANCE ENTERTAINMENT HOLDING CORP,NASDAQ,"Wholesale-Durable Goods, NEC",5099,1823584,DE,0630,,Adara Acquisition Corp.,"Nasdaq, Nasdaq",,
AEO,AMERICAN EAGLE OUTFITTERS INC,NYSE,Retail-Family Clothing Stores,5651,919012,DE,0130,,AMERICAN EAGLE OUTFITTERS INC,NYSE,,
AEON,"AEON Biopharma, Inc.",NYSE American,Pharmaceutical Preparations,2834,1837607,DE,1231,,Priveterra Acquisition Corp.,NYSE,,
AEP,AMERICAN ELECTRIC POWER CO INC,NASDAQ,Electric Services,4911,4904,NY,1231,,AMERICAN ELECTRIC POWER COMPANY INC,Nasdaq,,
AER,AerCap Holdings N.V.,NYSE,"Services-Equipment Rental & Leasing, NEC",7359,1378789,P7,1231,,,NYSE,,
AERT,"Aeries Technology, Inc.",NASDAQ,Services-Management Consulting Services,8742,1853044,,0331,,Worldwide Webb Acquisition Corp.,"Nasdaq, Nasdaq",,
AES,AES CORP,NYSE,Cogeneration Services & Small Power Producers,4991,874761,DE,1231,,AES CORPORATION,NYSE,,
AESI,Atlas Energy Solutions Inc.,NYSE,Crude Petroleum & Natural Gas,1311,1984060,DE,1231,,New Atlas HoldCo Inc.,NYSE,,
AESP,Aeon Acquisition I Corp.,NASDAQ,Blank Checks,6770,2082526,E9,1231,,,"Nasdaq, Nasdaq, Nasdaq, Nasdaq",,
AEVA,"Aeva Technologies, Inc.",NASDAQ,Motor Vehicle Parts & Accessories,3714,1789029,DE,1231,,InterPrivate Acquisition Corp.,Nasdaq,,
AEYE,AUDIOEYE INC,NASDAQ,Services-Prepackaged Software,7372,1362190,DE,1231,,,Nasdaq,,
AFCG,Advanced Flower Capital Inc.,NASDAQ,,0000,1822523,MD,1231,,"AFC Gamma, Inc.",Nasdaq,,
AFG,AMERICAN FINANCIAL GROUP INC,NYSE,"Fire, Marine & Casualty Insurance",6331,1042046,OH,1231,,AMERICAN FINANCIAL GROUP HOLDINGS INC,"NYSE, NYSE, NYSE, NYSE, NYSE",,
AFGB,AMERICAN FINANCIAL GROUP INC,NYSE,"Fire, Marine & Casualty Insurance",6331,1042046,OH,1231,,AMERICAN FINANCIAL GROUP HOLDINGS INC,"NYSE, NYSE, NYSE, NYSE, NYSE",,
AFGC,AMERICAN FINANCIAL GROUP INC,NYSE,"Fire, Marine & Casualty Insurance",6331,1042046,OH,1231,,AMERICAN FINANCIAL GROUP HOLDINGS INC,"NYSE, NYSE, NYSE, NYSE, NYSE",,
AFGD,AMERICAN FINANCIAL GROUP INC,NYSE,"Fire, Marine & Casualty Insurance",6331,1042046,OH,1231,,AMERICAN FINANCIAL GROUP HOLDINGS INC,"NYSE, NYSE, NYSE, NYSE, NYSE",,
AFGE,AMERICAN FINANCIAL GROUP INC,NYSE,"Fire, Marine & Casualty Insurance",6331,1042046,OH,1231,,AMERICAN FINANCIAL GROUP HOLDINGS INC,"NYSE, NYSE, NYSE, NYSE, NYSE",,
AFJK,"Aimei Health Technology Co., Ltd.",NASDAQ,Blank Checks,6770,1979005,,1231,,,"Nasdaq, Nasdaq, Nasdaq",,
AFL,AFLAC INC,NYSE,Accident & Health Insurance,6321,4977,GA,1231,,,NYSE,,
AFRI,Forafric Global PLC,NASDAQ,Grain Mill Products,2040,1903870,J1,1231,,Globis NV Merger Corp.,"Nasdaq, Nasdaq",,
AFRM,"Affirm Holdings, Inc.",NASDAQ,Personal Credit Institutions,6141,1820953,NV,0630,,,Nasdaq,,
AFYA,Afya Ltd,NASDAQ,Services-Educational Services,8200,1771007,E9,1231,,,Nasdaq,,
AG,FIRST MAJESTIC SILVER CORP,NYSE,Gold and Silver Ores,1040,1308648,A1,1231,,FIRST MAJESTIC RESOURCE CORP,NYSE,,
AGBK,AGI Inc,NYSE,"Commercial Banks, NEC",6029,2081206,E9,1231,,"Agi, Inc.",NYSE,,
AGCC,Agencia Comercial Spirits Ltd.,NASDAQ,"Wholesale-Beer, Wine & Distilled Alcoholic Beverages",5180,2060016,F5,,,,Nasdaq,,
AGCO,AGCO CORP /DE,NYSE,Farm Machinery & Equipment,3523,880266,DE,1231,,,NYSE,,
AGEN,AGENUS INC,NASDAQ,"Biological Products, (No Diagnostic Substances)",2836,1098972,DE,1231,,ANTIGENICS INC /DE/,Nasdaq,,
AGI,ALAMOS GOLD INC,NYSE,Gold and Silver Ores,1040,1178819,A6,1231,,ALAMOS MINERALS LTD,NYSE,,
AGIG,"ABUNDIA GLOBAL IMPACT GROUP, INC.",NYSE American,Crude Petroleum & Natural Gas,1311,1156041,DE,1231,,HOUSTON AMERICAN ENERGY CORP,NYSE,,
AGIO,"AGIOS PHARMACEUTICALS, INC.",NASDAQ,Pharmaceutical Preparations,2834,1439222,DE,1231,,AGIOS PHARMACEUTICALS INC,Nasdaq,,
AGL,"agilon health, inc.",NYSE,"Services-Misc Health & Allied Services, NEC",8090,1831097,DE,1231,,"Agilon Health Topco, Inc.",NYSE,,
AGM,FEDERAL AGRICULTURAL MORTGAGE CORP,NYSE,Federal & Federally-Sponsored Credit Agencies,6111,845877,,1231,,,"NYSE, NYSE, NYSE, NYSE, NYSE, NYSE, NYSE, NYSE",,
AGM.A,Federal Agricultural Mortgage Corporation Common Stock,NYSE,,,,,,,,,,
AGMB,Agomab Therapeutics NV,NASDAQ,"Biological Products, (No Diagnostic Substances)",2836,2020932,C9,1231,,,Nasdaq,,
AGMH,"AGM GROUP HOLDINGS, INC.",NASDAQ,Services-Computer Programming Services,7371,1705402,D8,1231,,"AGM GROUP HOLDING, INC.",Nasdaq,,
AGNC,AGNC Investment Corp.,NASDAQ,Real Estate Investment Trusts,6798,1423689,,1231,,American Capital Agency Corp,"Nasdaq, Nasdaq, Nasdaq, Nasdaq, Nasdaq, Nasdaq, Nasdaq",,
AGNT,"AGNT, Inc.",NASDAQ,Real Estate Agents & Managers (For Others),6531,1495932,TX,1231,,"EXP World Holdings, Inc.; eXp World Holdings, Inc.; EXP Realty International Corp; Desert Canadians Ltd.",Nasdaq,,
AGO,ASSURED GUARANTY LTD,NYSE,Surety Insurance,6351,1273813,D0,1231,,AGC HOLDINGS LTD,NYSE,,
AGPU,Axe Compute Inc.,NASDAQ,Finance Services,6199,1446159,DE,1231,,"Predictive Oncology Inc.; Precision Therapeutics Inc.; Skyline Medical Inc.; BioDrain Medical, Inc.",Nasdaq,,
AGRO,Adecoagro S.A.,NYSE,Agricultural Production-Crops,0100,1499505,,1231,,,NYSE,,
AGRZ,Agroz Inc.,NASDAQ,Agricultural Production-Crops,0100,2009233,E9,1231,,,Nasdaq,,
AGX,ARGAN INC,NYSE,Construction - Special Trade Contractors,1700,100591,DE,0131,,PUROFLOW INC,NYSE,,
AGYS,AGILYSYS INC,NASDAQ,Services-Computer Integrated Systems Design,7373,78749,DE,0331,,PIONEER STANDARD ELECTRONICS INC,Nasdaq,,
AHCO,AdaptHealth Corp.,NASDAQ,Services-Home Health Care Services,8082,1725255,DE,1231,,DFB Healthcare Acquisitions Corp.,Nasdaq,,
AHL$D,Aspen Insurance Holdings Limited 5.625% Perpetual Non-Cumulative Preference Shares,NYSE,,,,,,,,,,
AHMA,AMBITIONS ENTERPRISE MANAGEMENT CO. L.L.C,NASDAQ,Services-Amusement & Recreation Services,7900,2010959,C0,1231,,,Nasdaq,,
AHR,"American Healthcare REIT, Inc.",NYSE,Real Estate Investment Trusts,6798,1632970,MD,1231,,"Griffin-American Healthcare REIT IV, Inc.; Griffin-American Healthcare REIT 4, Inc.",NYSE,,
AI,"C3.ai, Inc.",NYSE,Services-Prepackaged Software,7372,1577526,DE,0430,,"C3 IoT, Inc.; C3, Inc.",NYSE,,
AIAI,AIAI Holdings Corp,NASDAQ,Services-Computer Processing & Data Preparation,7374,2096362,DE,1231,,,Nasdaq,,
AIB,AIB Data Centers Inc.,NYSE American,Commodity Contracts Brokers & Dealers,6221,2070542,DE,1231,,"BlockchAIn Digital Infrastructure, Inc.",NYSE,,
AIBZ,Bitzero Holdings Inc.,NASDAQ,Finance Services,6199,2100457,A1,0930,,,Nasdaq,,
AIDX,"20/20 Biolabs, Inc.",NASDAQ,Services-Testing Laboratories,8734,1139685,DE,1231,,"20/20 GeneSystems, Inc.; 20/20 GENE SYSTEMS INC",Nasdaq,,
AIFA,"All In FutureTech Alliance, Inc.",NASDAQ,Services-Amusement & Recreation Services,7900,1708341,DE,1231,,"Allied Gaming & Entertainment Inc.; Allied Esports Entertainment, Inc.; Black Ridge Acquisition Corp.",Nasdaq,,
AIFC,AI Financial Corp,NASDAQ,Commodity Contracts Brokers & Dealers,6221,862861,NV,1226,,ALT5 Sigma Corp; JanOne Inc.; APPLIANCE RECYCLING CENTERS OF AMERICA INC /MN,Nasdaq,,
AIFF,"FIREFLY NEUROSCIENCE, INC.",NASDAQ,Services-Prepackaged Software,7372,803578,DE,1231,,"WAVEDANCER, INC.; INFORMATION ANALYSIS INC",Nasdaq,,
AIFU,AIFU Inc.,NASDAQ,"Insurance Agents, Brokers & Service",6411,1413855,E9,1231,,AIX Inc.; FANHUA INC.; CNINSURE INC.,Nasdaq,,
AIG,"AMERICAN INTERNATIONAL GROUP, INC.",NYSE,"Fire, Marine & Casualty Insurance",6331,5272,DE,1231,,AMERICAN INTERNATIONAL GROUP INC,NYSE,,
AII,"American Integrity Insurance Group, Inc.",NYSE,"Fire, Marine & Casualty Insurance",6331,2007587,,1231,,"American Integrity Insurance Group, Inc.; American Integrity Insurance Group, LLC",NYSE,,
AIIO,ROBO.AI INC.,NASDAQ,Motor Vehicles & Passenger Car Bodies,3711,1932737,E9,1231,,"NWTN, Inc.","Nasdaq, Nasdaq",,
AIIR,AIR Global PLC,NASDAQ,Tobacco Products,2100,2097725,Y9,1231,,AIR Holdings Ltd,Nasdaq,,
AIM,AIM ImmunoTech Inc.,NYSE American,"Biological Products, (No Diagnostic Substances)",2836,946644,DE,1231,,AIM ImmunoTech Inc.; HEMISPHERX BIOPHARMA INC,NYSE,,
AIMD,"Ainos, Inc.",NASDAQ,"Computer Peripheral Equipment, NEC",3577,1014763,TX,1231,,"Ainos, Inc.; AMARILLO BIOSCIENCES INC","Nasdaq, Nasdaq",,
AIN,ALBANY INTERNATIONAL CORP /DE/,NYSE,"Broadwoven Fabric Mills, Man Made Fiber & Silk",2221,819793,DE,1231,,,NYSE,,
AIOS,AIOS Tech Inc.,NASDAQ,Miscellaneous Fabricated Metal Products,3490,1603993,D8,1231,,"Nisun International Enterprise Development Group Co., Ltd; HEBRON TECHNOLOGY CO., LTD",Nasdaq,,
AIOT,"Powerfleet, Inc.",NASDAQ,"Communications Equipment, NEC",3669,1774170,DE,0331,,,Nasdaq,,
AIP,"Arteris, Inc.",NASDAQ,Semiconductors & Related Devices,3674,1667011,DE,1231,,,Nasdaq,,
AIR,AAR CORP,NYSE,Aircraft & Parts,3720,1750,DE,0531,,,NYSE,,
AIRE,reAlpha Tech Corp.,NASDAQ,Real Estate,6500,1859199,DE,1231,,ReAlpha Asset Management Inc,Nasdaq,,
AIRG,AIRGAIN INC,NASDAQ,Radio & Tv Broadcasting & Communications Equipment,3663,1272842,,1231,,,Nasdaq,,
AIRI,AIR INDUSTRIES GROUP,NYSE American,"Aircraft Parts & Auxiliary Equipment, NEC",3728,1009891,NV,1231,,"AIR INDUSTRIES GROUP, INC.; Gales Industries Inc; Ashlin Development Corp; HEALTH & NUTRITION SYSTEMS INTERNATIONAL INC",NYSE,,
AIRJ,AirJoule Technologies Corp.,NASDAQ,Air-Cond & Warm Air Heatg Equip & Comm & Indl Refrig Equip,3585,1855474,DE,1231,,Montana Technologies Corp.; Power & Digital Infrastructure Acquisition II Corp.,"Nasdaq, Nasdaq",,
AIRO,"AIRO Group Holdings, Inc.",NASDAQ,Aircraft,3721,1927958,DE,1231,,,Nasdaq,,
AIRS,"Airsculpt Technologies, Inc.",NASDAQ,Services-Offices & Clinics of  Doctors of  Medicine,8011,1870940,,1231,,,Nasdaq,,
AIRT,AIR T INC,NASDAQ,Air Courier Services,4513,353184,DE,0331,,AIR TRANSPORTATION HOLDING CO INC,"Nasdaq, Nasdaq",,
AISP,"Airship AI Holdings, Inc.",NASDAQ,Services-Prepackaged Software,7372,1842566,DE,1231,,BYTE Acquisition Corp.,"Nasdaq, Nasdaq",,
AIT,APPLIED INDUSTRIAL TECHNOLOGIES INC,NYSE,"Wholesale-Machinery, Equipment & Supplies",5080,109563,OH,0630,,BEARINGS INC /OH/,NYSE,,
AIV,APARTMENT INVESTMENT & MANAGEMENT CO,NYSE,Real Estate Investment Trusts,6798,922864,MD,1231,,,NYSE,,
AIXC,"AIxCrypto Holdings, Inc.",NASDAQ,Finance Services,6199,1460702,DE,1231,,"Qualigen Therapeutics, Inc.; RITTER PHARMACEUTICALS INC",Nasdaq,,
AIZ,"ASSURANT, INC.",NYSE,"Insurance Carriers, NEC",6399,1267238,DE,1231,,ASSURANT INC,"NYSE, NYSE",,
AJG,Arthur J. Gallagher & Co.,NYSE,"Insurance Agents, Brokers & Service",6411,354190,DE,1231,,GALLAGHER ARTHUR J & CO,NYSE,,
AKA,A.K.A. BRANDS HOLDING CORP.,NYSE,Retail-Catalog & Mail-Order Houses,5961,1865107,,1231,,,NYSE,,
AKAM,AKAMAI TECHNOLOGIES INC,NASDAQ,"Services-Business Services, NEC",7389,1086222,DE,1231,,,Nasdaq,,
AKAN,AKANDA CORP.,NASDAQ,Medicinal Chemicals & Botanical Products,2833,1888014,A6,1231,,,Nasdaq,,
AKBA,"Akebia Therapeutics, Inc.",NASDAQ,Pharmaceutical Preparations,2834,1517022,DE,1231,,,Nasdaq,,
AKO.A,Embotelladora Andina S.A. Common Stock,NYSE,,,,,,,,,,
AKO.B,Embotelladora Andina S.A. Common Stock,NYSE,,,,,,,,,,
AKTS,"Aktis Oncology, Inc.",NASDAQ,Pharmaceutical Preparations,2834,2035832,DE,1231,,,Nasdaq,,
ALAB,"Astera Labs, Inc.",NASDAQ,Semiconductors & Related Devices,3674,1736297,DE,1231,,,Nasdaq,,
ALB,ALBEMARLE CORP,NYSE,"Plastic Materials, Synth Resins & Nonvulcan Elastomers",2821,915913,VA,1231,,,"NYSE, NYSE",,
ALC,ALCON INC,NYSE,Ophthalmic Goods,3851,1167379,V8,1231,,,NYSE,,
ALCO,"ALICO, INC.",NASDAQ,Agricultural Production-Crops,0100,3545,FL,0901,,ALICO INC,Nasdaq,,
ALDF,Aldel Financial II Inc.,NASDAQ,Blank Checks,6770,2031561,,1231,,,"Nasdaq, Nasdaq, Nasdaq",,
ALDX,"Aldeyra Therapeutics, Inc.",NASDAQ,Pharmaceutical Preparations,2834,1341235,DE,1231,,"Aldexa Therapeutics, Inc.; Neuron Systems Inc",Nasdaq,,
ALEC,"Alector, Inc.",NASDAQ,"Biological Products, (No Diagnostic Substances)",2836,1653087,,1231,,Alector LLC,Nasdaq,,
ALG,ALAMO GROUP INC,NYSE,Farm Machinery & Equipment,3523,897077,DE,1231,,,NYSE,,
ALGM,"ALLEGRO MICROSYSTEMS, INC.",NASDAQ,Semiconductors & Related Devices,3674,866291,,0331,,"ALLEGRO MICROSYSTEMS, INC.; ALLEGRO MICROSYSTEMS INC",Nasdaq,,
ALGN,ALIGN TECHNOLOGY INC,NASDAQ,"Orthopedic, Prosthetic & Surgical Appliances & Supplies",3842,1097149,DE,1231,,,Nasdaq,,
ALGS,"Aligos Therapeutics, Inc.",NASDAQ,"Biological Products, (No Diagnostic Substances)",2836,1799448,DE,1231,,,Nasdaq,,
ALGT,Allegiant Travel CO,NASDAQ,"Air Transportation, Scheduled",4512,1362468,NV,1231,,,Nasdaq,,
ALH,Alliance Laundry Holdings Inc.,NYSE,Refrigeration & Service Industry Machinery,3580,1317685,DE,1231,,ALH Holding Inc.; ALH Holding Inc,NYSE,,
ALHC,"Alignment Healthcare, Inc.",NASDAQ,Hospital & Medical Service Plans,6324,1832466,DE,1231,,,Nasdaq,,
ALIT,"Alight, Inc. / Delaware",NYSE,"Services-Business Services, NEC",7389,1809104,DE,1231,,"Alight Group, Inc.; Foley Trasimene Acquisition Corp.",NYSE,,
ALK,"ALASKA AIR GROUP, INC.",NYSE,"Air Transportation, Scheduled",4512,766421,DE,1231,,ALASKA AIR GROUP INC,NYSE,,
ALKS,Alkermes plc.,NASDAQ,Pharmaceutical Preparations,2834,1520262,,1231,,ANTLER SCIENCE TWO PLC; Antler Science Two Ltd,Nasdaq,,
ALKT,"ALKAMI TECHNOLOGY, INC.",NASDAQ,Services-Prepackaged Software,7372,1529274,DE,1231,,"ALKAMI TECHNOLOGY, INC,",Nasdaq,,
ALL,ALLSTATE CORP,NYSE,"Fire, Marine & Casualty Insurance",6331,899051,DE,1231,,,"NYSE, NYSE, NYSE, NYSE, NYSE",,
ALL$B,Allstate Corporation (The) 5.100% Fixed-to-Floating Rate Subordinated Debentures due 2053,NYSE,,,,,,,,,,
ALLE,Allegion plc,NYSE,"Services-Detective, Guard & Armored Car Services",7381,1579241,L2,1231,,,NYSE,,
ALLO,"Allogene Therapeutics, Inc.",NASDAQ,"Biological Products, (No Diagnostic Substances)",2836,1737287,,1231,,,Nasdaq,,
ALLR,"Allarity Therapeutics, Inc.",NASDAQ,Pharmaceutical Preparations,2834,1860657,DE,1231,,,Nasdaq,,
ALLT,Allot Ltd.,NASDAQ,Computer Communications Equipment,3576,1365767,L3,1231,,Allot Communications Ltd.,Nasdaq,,
ALLY,Ally Financial Inc.,NYSE,State Commercial Banks,6022,40729,DE,1231,,GMAC INC.; GMAC LLC; GENERAL MOTORS ACCEPTANCE CORP,NYSE,,
ALM,Almonty Industries Inc.,NASDAQ,Metal Mining,1000,1670061,Z4,1231,,,Nasdaq,,
ALMR,"Alamar Biosciences, Inc.",NASDAQ,Laboratory Analytical Instruments,3826,2104204,DE,1231,,,Nasdaq,,
ALMS,ALUMIS INC.,NASDAQ,Pharmaceutical Preparations,2834,1847367,DE,1231,,"FL2021-001, Inc.",Nasdaq,,
ALMU,"Aeluma, Inc.",NASDAQ,Semiconductors & Related Devices,3674,1828805,DE,0630,,"Parc Investments, Inc.",Nasdaq,,
ALNT,ALLIENT INC,NASDAQ,Instruments For Meas & Testing of  Electricity & Elec Signals,3825,46129,CO,1231,,ALLIED MOTION TECHNOLOGIES INC; HATHAWAY CORP,Nasdaq,,
ALNY,"ALNYLAM PHARMACEUTICALS, INC.",NASDAQ,Pharmaceutical Preparations,2834,1178670,,1231,,ALNYLAM PHARMACEUTICALS INC,Nasdaq,,
ALOV,"Aldabra 4 Liquidity Opportunity Vehicle, Inc.",NASDAQ,Blank Checks,6770,2083989,E9,1231,,,"Nasdaq, Nasdaq, Nasdaq",,
ALOY,REALLOYS INC.,NASDAQ,Metal Mining,1000,1567900,NV,1231,,BLACKBOXSTOCKS INC.; SMSA BALLINGER ACQUISITION CORP,Nasdaq,,
ALP,Alpha Compute Corp,NASDAQ,Finance Services,6199,1095435,D8,0331,,AlphaTON Capital Corp; PORTAGE BIOTECH INC.; BONTAN CORP INC; DEALCHECK COM INC,Nasdaq,,
ALPS,Alps Group Inc,NASDAQ,Services-Health Services,8000,2025774,E9,0331,,Alps Global Holding Pubco,"Nasdaq, OTC",,
ALRM,"Alarm.com Holdings, Inc.",NASDAQ,Services-Prepackaged Software,7372,1459200,DE,1231,,,Nasdaq,,
ALRS,ALERUS FINANCIAL CORP,NASDAQ,National Commercial Banks,6021,903419,DE,1231,,FIRST NATIONAL CORP NORTH DAKOTA,Nasdaq,,
ALSN,Allison Transmission Holdings Inc,NYSE,Motor Vehicle Parts & Accessories,3714,1411207,DE,1231,,Allison Transmission Holdings Inc,NYSE,,
ALT,"Altimmune, Inc.",NASDAQ,Pharmaceutical Preparations,2834,1326190,DE,1231,,"PHARMATHENE, INC; HEALTHCARE ACQUISITION CORP",Nasdaq,,
ALTG,ALTA EQUIPMENT GROUP INC.,NYSE,Wholesale-Industrial Machinery & Equipment,5084,1759824,DE,1231,,B. Riley Principal Merger Corp.,"NYSE, NYSE",,
ALTI,"AlTi Global, Inc.",NASDAQ,Investment Advice,6282,1838615,DE,1231,,"Alvarium Tiedemann Holdings, Inc.; Cartesian Growth Corp",Nasdaq,,
ALTO,"Alto Ingredients, Inc.",NASDAQ,Industrial Organic Chemicals,2860,778164,DE,1231,,"Pacific Ethanol, Inc.; ACCESSITY CORP; DRIVERSSHIELD COM CORP; FIRST PRIORITY GROUP INC",Nasdaq,,
ALV,AUTOLIV INC,NYSE,Motor Vehicle Parts & Accessories,3714,1034670,DE,1231,,AUTOLIV INC,NYSE,,
ALVO,Alvotech,NASDAQ,"Biological Products, (No Diagnostic Substances)",2836,1898416,N4,1231,,Alvotech Lux Holdings S.A.S.,"Nasdaq, Nasdaq",,
ALX,ALEXANDERS INC,NYSE,Real Estate Investment Trusts,6798,3499,DE,1231,,,NYSE,,
ALXO,ALX ONCOLOGY HOLDINGS INC,NASDAQ,Pharmaceutical Preparations,2834,1810182,DE,1231,,,Nasdaq,,
ALZN,"Alzamend Neuro, Inc.",NASDAQ,Pharmaceutical Preparations,2834,1677077,DE,0430,,,Nasdaq,,
AM,Antero Midstream Corp,NYSE,Natural Gas Transmission,4922,1623925,,1231,,Antero Midstream GP LP; Antero Resources Midstream Management LLC,NYSE,,
AMAL,Amalgamated Financial Corp.,NASDAQ,State Commercial Banks,6022,1823608,DE,1231,,Amalgamated Financial Corp.,Nasdaq,,
AMAT,APPLIED MATERIALS INC /DE,NASDAQ,Semiconductors & Related Devices,3674,6951,DC,1026,,,Nasdaq,,
AMBA,AMBARELLA INC,NASDAQ,Semiconductors & Related Devices,3674,1280263,,0131,,,Nasdaq,,
AMBO,Ambow Education Holding Ltd.,NYSE American,Services-Educational Services,8200,1494558,E9,1231,,,NYSE,,
AMBP,Ardagh Metal Packaging S.A.,NYSE,Metal Cans,3411,1845097,N4,1231,,,"NYSE, OTC",,
AMBQ,"Ambiq Micro, Inc.",NYSE,Semiconductors & Related Devices,3674,1500412,DE,1231,,,NYSE,,
AMC,"AMC ENTERTAINMENT HOLDINGS, INC.",NYSE,Services-Motion Picture Theaters,7830,1411579,DE,1231,,,NYSE,,
AMCI,AMC Robotics Corp,NASDAQ,"Retail-Home Furniture, Furnishings & Equipment Stores",5700,1937891,E9,1231,,AlphaVest Acquisition Corp.,Nasdaq,,
AMCR,Amcor plc,NYSE,Miscellaneous Manufacturing Industries,3990,1748790,Y9,0630,,ARCTIC JERSEY Ltd,"NYSE, OTC",,
AMCX,AMC Global Media Inc.,NASDAQ,Cable & Other Pay Television Services,4841,1514991,NV,1231,,AMC Networks Inc.,Nasdaq,,
AMD,ADVANCED MICRO DEVICES INC,NASDAQ,Semiconductors & Related Devices,3674,2488,DE,1226,,,Nasdaq,,
AME,AMETEK INC/,NYSE,"Industrial Instruments For Measurement, Display, and Control",3823,1037868,DE,1231,,,NYSE,,
AMG,"AFFILIATED MANAGERS GROUP, INC.",NYSE,Investment Advice,6282,1004434,DE,1231,,AFFILIATED MANAGERS GROUP INC,"NYSE, NYSE, NYSE, NYSE, NYSE",,
AMGN,AMGEN INC,NASDAQ,"Biological Products, (No Diagnostic Substances)",2836,318154,DE,1231,,,Nasdaq,,
AMH,American Homes 4 Rent,NYSE,Real Estate Investment Trusts,6798,1562401,MD,1231,,,"NYSE, NYSE, NYSE",,
AMIX,"Autonomix Medical, Inc.",NASDAQ,Surgical & Medical Instruments & Apparatus,3841,1617867,DE,0331,,,Nasdaq,,
AMKR,"AMKOR TECHNOLOGY, INC.",NASDAQ,Semiconductors & Related Devices,3674,1047127,DE,1231,,AMKOR TECHNOLOGY INC,Nasdaq,,
AMLX,"Amylyx Pharmaceuticals, Inc.",NASDAQ,Pharmaceutical Preparations,2834,1658551,DE,1231,,,Nasdaq,,
AMN,AMN HEALTHCARE SERVICES INC,NYSE,Services-Help Supply Services,7363,1142750,DE,1231,,,NYSE,,
AMOD,"ALPHA MODUS HOLDINGS, INC.",NASDAQ,Patent Owners & Lessors,6794,1862463,DE,1231,,Insight Acquisition Corp. /DE,"Nasdaq, Nasdaq",,
AMP,AMERIPRISE FINANCIAL INC,NYSE,Investment Advice,6282,820027,DE,1231,,AMERICAN EXPRESS FINANCIAL CORP; AMERICAN EXPRESS FINANCIAL ADVISORS; IDS FINANCIAL CORP/MN/,NYSE,,
AMPG,"AmpliTech Group, Inc.",NASDAQ,"Communications Equipment, NEC",3669,1518461,NV,1231,,BAYVIEW ACQUISITION CORP,"Nasdaq, Nasdaq",,
AMPH,"Amphastar Pharmaceuticals, Inc.",NASDAQ,Pharmaceutical Preparations,2834,1297184,,1231,,,Nasdaq,,
AMPL,"Amplitude, Inc.",NASDAQ,Services-Prepackaged Software,7372,1866692,DE,1231,,,Nasdaq,,
AMPX,"Amprius Technologies, Inc.",NYSE,"Miscellaneous Electrical Machinery, Equipment & Supplies",3690,1899287,DE,1231,,Kensington Capital Acquisition Corp. IV,"NYSE, NYSE",,
AMPY,Amplify Energy Corp.,NYSE,Crude Petroleum & Natural Gas,1311,1533924,,1231,,"Midstates Petroleum Company, Inc.",NYSE,,
AMR,"Alpha Metallurgical Resources, Inc.",NYSE,Bituminous Coal & Lignite Surface Mining,1221,1704715,DE,1231,,"Alpha Metallurgical Resources, Inc.; Contura Energy, Inc.",NYSE,,
AMRC,"Ameresco, Inc.",NYSE,Construction - Special Trade Contractors,1700,1488139,DE,1231,,"Ameresco, Inc.",NYSE,,
AMRX,"Amneal Pharmaceuticals, Inc.",NASDAQ,Pharmaceutical Preparations,2834,1723128,,1231,,"Atlas Holdings, Inc.",Nasdaq,,
AMRZ,Amrize Ltd,NYSE,"Cement, Hydraulic",3241,2035989,V8,1231,,Evertect AG,NYSE,,
AMS,AMERICAN SHARED HOSPITAL SERVICES,NYSE American,Services-Medical Laboratories,8071,744825,CA,1231,,,NYSE,,
AMSC,AMERICAN SUPERCONDUCTOR CORP /DE/,NASDAQ,Motors & Generators,3621,880807,DE,0331,,,Nasdaq,,
AMSF,AMERISAFE INC,NASDAQ,"Fire, Marine & Casualty Insurance",6331,1018979,TX,1231,,,Nasdaq,,
AMSS,AMASS BRANDS,NASDAQ,Beverages,2080,1851491,DE,1231,,,Nasdaq,,
AMST,Amesite Inc.,NASDAQ,Services-Prepackaged Software,7372,1807166,DE,0630,,Amesite Operating Co,Nasdaq,,
AMT,AMERICAN TOWER CORP /MA/,NYSE,Real Estate Investment Trusts,6798,1053507,DE,1231,,AMERICAN TOWER SYSTEMS CORP,NYSE,,
AMTB,Amerant Bancorp Inc.,NYSE,National Commercial Banks,6021,1734342,FL,1231,,Mercantil Bank Holding Corp,NYSE,,
AMTM,"Amentum Holdings, Inc.",NYSE,"Services-Business Services, NEC",7389,2011286,DE,1002,,Amazon Holdco Inc.,NYSE,,
AMTX,"AEMETIS, INC",NASDAQ,Industrial Organic Chemicals,2860,738214,NV,1231,,"AE Biofuels, Inc.; AE BIOFUELS, INC.; MARWICH II LTD",Nasdaq,,
AMWL,American Well Corp,NYSE,"Services-Business Services, NEC",7389,1393584,DE,1231,,,NYSE,,
AMZE,"AMAZE HOLDINGS, INC.",NYSE American,Retail-Catalog & Mail-Order Houses,5961,1880343,NV,1231,,"Fresh Vine Wine, Inc.; FRESH GRAPES, LLC",NYSE,,
AMZN,AMAZON COM INC,NASDAQ,Retail-Catalog & Mail-Order Houses,5961,1018724,DE,1231,,,Nasdaq,,
AN,"AUTONATION, INC.",NYSE,Retail-Auto Dealers & Gasoline Stations,5500,350698,DE,1231,,AUTONATION INC /FL; REPUBLIC INDUSTRIES INC; REPUBLIC WASTE INDUSTRIES INC,NYSE,,
ANAB,"ANAPTYSBIO, INC",NASDAQ,Pharmaceutical Preparations,2834,1370053,DE,1231,,ANAPTYSBIO INC; ANAPTYS BIOSCIENCES INC,Nasdaq,,
ANDE,"Andersons, Inc.",NASDAQ,Wholesale-Farm Product Raw Materials,5150,821026,OH,1231,,ANDERSONS INC; ANDERSONS MANAGEMENT CORP,Nasdaq,,
ANDG,Andersen Group Inc.,NYSE,"Services-Business Services, NEC",7389,2065708,DE,1231,,,NYSE,,
ANET,"Arista Networks, Inc.",NYSE,Computer Communications Equipment,3576,1596532,DE,1231,,,NYSE,,
ANF,ABERCROMBIE & FITCH CO /DE/,NYSE,Retail-Family Clothing Stores,5651,1018840,OH,0130,,ABERCROMBIE & FITCH CO /DE/,NYSE,,
ANGH,Anghami Inc,NASDAQ,"Communications Services, NEC",4899,1871983,E9,1231,,,"Nasdaq, Nasdaq",,
ANGI,Angi Inc.,NASDAQ,Services-Advertising,7310,1705110,DE,1231,,"ANGI Homeservices Inc.; Halo TopCo, Inc.",Nasdaq,,
ANGO,ANGIODYNAMICS INC,NASDAQ,Surgical & Medical Instruments & Apparatus,3841,1275187,DE,0531,,,Nasdaq,,
ANGX,"Angel Studios, Inc.",NYSE,Services-Motion Picture & Video Tape Production,7812,1865200,DE,1231,,Southport Acquisition Corp,"NYSE, NYSE",,
ANIK,"Anika Therapeutics, Inc.",NASDAQ,Surgical & Medical Instruments & Apparatus,3841,898437,DE,1231,,ANIKA THERAPEUTICS INC; ANIKA RESEARCH INC,Nasdaq,,
ANIP,ANI PHARMACEUTICALS INC,NASDAQ,Pharmaceutical Preparations,2834,1023024,DE,1231,,BIOSANTE PHARMACEUTICALS INC; BEN ABRAHAM TECHNOLOGIES INC,Nasdaq,,
ANIX,Anixa Biosciences Inc,NASDAQ,Pharmaceutical Preparations,2834,715446,DE,1031,,ITUS Corp; COPYTELE INC,Nasdaq,,
ANNA,"AleAnna, Inc.",NASDAQ,Crude Petroleum & Natural Gas,1311,1845123,DE,1231,,Swiftmerge Acquisition Corp.,"Nasdaq, Nasdaq",,
ANNX,"Annexon, Inc.",NASDAQ,Pharmaceutical Preparations,2834,1528115,DE,1231,,,Nasdaq,,
ANPA,Rich Sparkle Holdings Ltd,NASDAQ,Services-Miscellaneous Business Services,7380,2031688,,,,,Nasdaq,,
ANRO,"Alto Neuroscience, Inc.",NYSE,Pharmaceutical Preparations,2834,1999480,DE,1231,,,NYSE,,
ANTA,Antalpha Platform Holding Co,NASDAQ,Commodity Contracts Brokers & Dealers,6221,2044255,E9,1231,,,Nasdaq,,
ANTX,"AN2 Therapeutics, Inc.",NASDAQ,Pharmaceutical Preparations,2834,1880438,DE,1231,,,Nasdaq,,
ANVS,"Annovis Bio, Inc.",NYSE,Pharmaceutical Preparations,2834,1477845,DE,1231,,"QR Pharma, Inc.",NYSE,,
ANY,Sphere 3D Corp.,NASDAQ,Finance Services,6199,1591956,,1231,,Sphere 3D Corp,Nasdaq,,
AOMR,"Angel Oak Mortgage REIT, Inc.",NYSE,Real Estate,6500,1766478,MD,1231,,"Angel Oak Mortgage, Inc.","NYSE, NYSE, NYSE",,
AON,Aon plc,NYSE,"Insurance Agents, Brokers & Service",6411,315293,L2,1231,,AON CORP,NYSE,,
AORT,"ARTIVION, INC.",NYSE,Surgical & Medical Instruments & Apparatus,3841,784199,DE,1231,,CRYOLIFE INC,NYSE,,
AOS,SMITH A O CORP,NYSE,Household Appliances,3630,91142,DE,1231,,,NYSE,,
AOSL,ALPHA & OMEGA SEMICONDUCTOR Ltd,NASDAQ,Semiconductors & Related Devices,3674,1387467,,0630,,,Nasdaq,,
AOUT,"American Outdoor Brands, Inc.",NASDAQ,"Sporting & Athletic Goods, NEC",3949,1808997,DE,0430,,American Outdoor Brands Spin Co.,Nasdaq,,
AP,AMPCO PITTSBURGH CORP,NYSE,Pumps & Pumping Equipment,3561,6176,PA,1231,,,NYSE,,
APA,APA Corp,NASDAQ,Crude Petroleum & Natural Gas,1311,1841666,DE,1231,,,Nasdaq,,
APAC,StoneBridge Acquisition II Corp,NASDAQ,Blank Checks,6770,2043630,,1231,,,"Nasdaq, Nasdaq, Nasdaq",,
APAM,Artisan Partners Asset Management Inc.,NYSE,Investment Advice,6282,1517302,DE,1231,,,NYSE,,
APC,ARKO Petroleum Corp.,NASDAQ,Wholesale-Petroleum & Petroleum Products (No Bulk Stations),5172,2080921,DE,1231,,,Nasdaq,,
APD,"Air Products & Chemicals, Inc.",NYSE,Industrial Inorganic Chemicals,2810,2969,DE,0930,,AIR PRODUCTS & CHEMICALS INC /DE/,NYSE,,
APEI,AMERICAN PUBLIC EDUCATION INC,NASDAQ,Services-Educational Services,8200,1201792,DE,1231,,,Nasdaq,,
APG,APi Group Corp,NYSE,Services-To Dwellings & Other Buildings,7340,1796209,DE,1231,,,NYSE,,
APH,AMPHENOL CORP /DE/,NYSE,Electronic Connectors,3678,820313,DE,1231,,,NYSE,,
API,"Agora, Inc.",NASDAQ,Services-Prepackaged Software,7372,1802883,E9,1231,,"Agora, Inc.",Nasdaq,,
APLD,Applied Digital Corp.,NASDAQ,Services-Computer Processing & Data Preparation,7374,1144879,NV,0531,,"Applied Digital Corp.; Applied Blockchain, Inc.; Applied Science Products, Inc.; FLIGHT SAFETY TECHNOLOGIES INC; REEL STAFF INC",Nasdaq,,
APLE,"Apple Hospitality REIT, Inc.",NYSE,Real Estate Investment Trusts,6798,1418121,VA,1231,,"Apple REIT Nine, Inc.",NYSE,,
APLM,Apollomics Inc.,NASDAQ,Pharmaceutical Preparations,2834,1944885,E9,1231,,,"Nasdaq, Nasdaq",,
APMC,AmperCap Acquisition Co,NASDAQ,Blank Checks,6770,2101393,E9,1130,,,"Nasdaq, Nasdaq, Nasdaq",,
APMD,"Apnimed, Inc.",NASDAQ,Pharmaceutical Preparations,2834,1745648,DE,1231,,,Nasdaq,,
APO,"Apollo Global Management, Inc.",NYSE,Investment Advice,6282,1858681,DE,1231,,"Tango Holdings, Inc.","NYSE, NYSE",,
APOG,"APOGEE ENTERPRISES, INC.",NASDAQ,"Glass Products, Made of  Purchased Glass",3231,6845,MN,0301,,APOGEE ENTERPRISES INC,Nasdaq,,
APP,AppLovin Corp,NASDAQ,"Services-Computer Programming, Data Processing, Etc.",7370,1751008,DE,1231,,,Nasdaq,,
APPF,APPFOLIO INC,NASDAQ,Services-Prepackaged Software,7372,1433195,,1231,,,Nasdaq,,
APPN,APPIAN CORP,NASDAQ,Services-Prepackaged Software,7372,1441683,,1231,,,Nasdaq,,
APPS,"Digital Turbine, Inc.",NASDAQ,Patent Owners & Lessors,6794,317788,DE,0331,,"Mandalay Digital Group, Inc.; NeuMedia, Inc.; Mandalay Media, Inc.; Mediavest, Inc.; EB2B COMMERCE INC /NY/; EB2B COMMERCE INC  /NY/; EB2B COMMERCE INC //; DYNAMICWEB ENTERPRISES INC; SEAHAWK CAPITAL CORP",Nasdaq,,
APRE,"Aprea Therapeutics, Inc.",NASDAQ,Pharmaceutical Preparations,2834,1781983,DE,1231,,,Nasdaq,,
APT,ALPHA PRO TECH LTD,NYSE American,"Orthopedic, Prosthetic & Surgical Appliances & Supplies",3842,884269,DE,1231,,,NYSE,,
APTV,Aptiv PLC,NYSE,Motor Vehicle Parts & Accessories,3714,1521332,Y9,1231,,Delphi Automotive PLC,NYSE,,
APUR,Aperture AC,NASDAQ,Blank Checks,6770,2093524,E9,1231,,,"Nasdaq, Nasdaq",,
APUS,"Apimeds Pharmaceuticals US, Inc.",NYSE American,Pharmaceutical Preparations,2834,1894525,DE,1231,,,NYSE,,
APVO,Aptevo Therapeutics Inc.,NASDAQ,Pharmaceutical Preparations,2834,1671584,DE,1231,,,Nasdaq,,
APWC,ASIA PACIFIC WIRE & CABLE CORP LTD,NASDAQ,Drawing & Insulating of  Nonferrous Wire,3357,1026980,D0,1231,,,Nasdaq,,
APXT,Apex Treasury Corp,NASDAQ,Blank Checks,6770,2079253,E9,1231,,,"Nasdaq, Nasdaq, Nasdaq",,
APYX,Apyx Medical Corp,NASDAQ,Surgical & Medical Instruments & Apparatus,3841,719135,DE,1231,,BOVIE MEDICAL CORP; BOVIE MEDICAL Corp; AN CON GENETICS INC,Nasdaq,,
AQB,AQUABOUNTY TECHNOLOGIES INC,NASDAQ,"Fishing, Hunting and Trapping",0900,1603978,DE,1231,,"AquaBounty Technologies, Inc.",Nasdaq,,
AQMS,"Aqua Metals, Inc.",NASDAQ,Secondary Smelting & Refining of  Nonferrous Metals,3341,1621832,DE,1231,,,Nasdaq,,
AQN,ALGONQUIN POWER & UTILITIES CORP.,NYSE,Electric Services,4911,1174169,A6,1231,,ALGONQUIN POWER INCOME FUND,"NYSE, OTC, NYSE",,
AQST,"Aquestive Therapeutics, Inc.",NASDAQ,Pharmaceutical Preparations,2834,1398733,DE,1231,,"MonoSol Rx, Inc.",Nasdaq,,
AR,ANTERO RESOURCES Corp,NYSE,Crude Petroleum & Natural Gas,1311,1433270,,1231,,ANTERO RESOURCES APPALACHIAN CORP; ANTERO RESOURCES BARNETT CORP,NYSE,,
ARAI,Arrive AI Inc.,NASDAQ,Services-To Dwellings & Other Buildings,7340,1818274,DE,1231,,Arrive Technology Inc.; DRONEDEK Corp,Nasdaq,,
ARAY,ACCURAY INC,NASDAQ,Surgical & Medical Instruments & Apparatus,3841,1138723,DE,0630,,,Nasdaq,,
ARBB,ARB IOT Group Ltd,NASDAQ,Services-Computer Integrated Systems Design,7373,1930179,E9,0630,,,Nasdaq,,
ARBE,Arbe Robotics Ltd.,NASDAQ,Services-Computer Integrated Systems Design,7373,1861841,L3,1231,,,"Nasdaq, Nasdaq",,
ARCB,ARCBEST CORP /TX/,NASDAQ,Trucking (No Local),4213,894405,TX,1231,,ARCBEST CORP /DE/; ARKANSAS BEST CORP /DE/,Nasdaq,,
ARCL,ARC Group Acquisition I Corp.,NASDAQ,Blank Checks,6770,2073515,DE,1231,,D. Boral ARC Acquisition II Corp.,"Nasdaq, Nasdaq, Nasdaq, Nasdaq",,
ARCO,Arcos Dorados Holdings Inc.,NYSE,Retail-Eating  Places,5812,1508478,,1231,,,NYSE,,
ARCT,Arcturus Therapeutics Holdings Inc.,NASDAQ,Pharmaceutical Preparations,2834,1768224,DE,1231,,,Nasdaq,,
ARDT,"Ardent Health, Inc.",NYSE,"Services-General Medical & Surgical Hospitals, NEC",8062,1756655,DE,1231,,"Ardent Health Partners, Inc.; Ardent Health Partners, LLC",NYSE,,
ARDX,"ARDELYX, INC.",NASDAQ,Pharmaceutical Preparations,2834,1437402,DE,1231,,NTERYX INC,Nasdaq,,
ARE,"ALEXANDRIA REAL ESTATE EQUITIES, INC.",NYSE,Real Estate Investment Trusts,6798,1035443,MD,1231,,"ALEXANDRIA REAL ESTATE EQUITIES, INC.; ALEXANDRIA REAL ESTATE EQUITIES INC",NYSE,,
AREC,American Resources Corp,NASDAQ,Silver Ores,1220,1590715,FL,1231,,"NGFC Equities, Inc.; NATURAL GAS FUELING & CONVERSION INC.",Nasdaq,,
ARES,Ares Management Corp,NYSE,Investment Advice,6282,1176948,DE,1231,,ARES MANAGEMENT LP,"NYSE, NYSE",,
ARHS,"Arhaus, Inc.",NASDAQ,Retail-Furniture Stores,5712,1875444,DE,1231,,,Nasdaq,,
ARI,"Apollo Commercial Real Estate Finance, Inc.",NYSE,Real Estate Investment Trusts,6798,1467760,MD,1231,,,NYSE,,
ARIS,Aris Mining Corp,NYSE,Gold and Silver Ores,1040,1964504,A1,1231,,,NYSE,,
ARKO,ARKO Corp.,NASDAQ,Retail-Convenience Stores,5412,1823794,DE,1231,,,Nasdaq,,
ARKR,ARK RESTAURANTS CORP,NASDAQ,Retail-Eating  Places,5812,779544,NY,0928,,,Nasdaq,,
ARL,AMERICAN REALTY INVESTORS INC,NYSE,Real Estate Operators (No Developers) & Lessors,6510,1102238,NV,1231,,,NYSE,,
ARLO,"Arlo Technologies, Inc.",NYSE,"Services-Detective, Guard & Armored Car Services",7381,1736946,DE,1231,,,NYSE,,
ARMK,Aramark,NYSE,Retail-Eating  Places,5812,1584509,DE,1002,,ARAMARK Holdings Corp,NYSE,,
ARMP,"Armata Pharmaceuticals, Inc.",NYSE American,"Biological Products, (No Diagnostic Substances)",2836,921114,WA,1231,,AmpliPhi Biosciences Corp; TARGETED GENETICS CORP /WA/,NYSE,,
AROC,"Archrock, Inc.",NYSE,Natural Gas Transmission,4922,1389050,,1231,,"EXTERRAN HOLDINGS INC.; Iliad Holdings, INC",NYSE,,
AROW,ARROW FINANCIAL CORP,NASDAQ,National Commercial Banks,6021,717538,NY,1231,,,Nasdaq,,
ARQ,"Arq, Inc.",NASDAQ,Miscellaneous Chemical Products,2890,1515156,,1231,,"Advanced Emissions Solutions, Inc.",Nasdaq,,
ARQQ,Arqit Quantum Inc.,NASDAQ,Services-Prepackaged Software,7372,1859690,E9,0930,,,"Nasdaq, Nasdaq",,
ARQT,"Arcutis Biotherapeutics, Inc.",NASDAQ,Pharmaceutical Preparations,2834,1787306,DE,1231,,"Arcutis, Inc.",Nasdaq,,
ARR,"Armour Residential REIT, Inc.",NYSE,Real Estate Investment Trusts,6798,1428205,,1231,,,"NYSE, NYSE",,
ARRY,"Array Technologies, Inc.",NASDAQ,Semiconductors & Related Devices,3674,1820721,DE,1231,,"ATI Intermediate Holdings, LLC",Nasdaq,,
ARTL,"ARTELO BIOSCIENCES, INC.",NASDAQ,Pharmaceutical Preparations,2834,1621221,NV,1231,,REACTIVE MEDICAL INC.; KNIGHT KNOX DEVELOPMENT CORP.,Nasdaq,,
ARTNA,ARTESIAN RESOURCES CORP,NASDAQ,Water Supply,4941,863110,DE,1231,,,"Nasdaq, OTC",,
ARTV,"Artiva Biotherapeutics, Inc.",NASDAQ,"Biological Products, (No Diagnostic Substances)",2836,1817241,DE,1231,,,Nasdaq,,
ARTW,ARTS WAY MANUFACTURING CO INC,NASDAQ,Farm Machinery & Equipment,3523,7623,NC,1130,,,Nasdaq,,
ARVN,"ARVINAS, INC.",NASDAQ,Pharmaceutical Preparations,2834,1655759,DE,1231,,"ARVINAS INC.; ARVINAS HOLDING COMPANY, LLC",Nasdaq,,
ARW,"ARROW ELECTRONICS, INC.",NYSE,"Wholesale-Electronic Parts & Equipment, NEC",5065,7536,NY,1231,,"ARROW ELECTRONICS, INC; ARROW ELECTRONICS INC",NYSE,,
ARWR,"ARROWHEAD PHARMACEUTICALS, INC.",NASDAQ,Pharmaceutical Preparations,2834,879407,DE,0930,,ARROWHEAD RESEARCH CORP; INTERACTIVE GROUP INC; INTERACTIVE INC,Nasdaq,,
ARX,Accelerant Holdings,NYSE,"Insurance Agents, Brokers & Service",6411,1997350,E9,1231,,,NYSE,,
ARXS,"Arxis, Inc.",NASDAQ,"Aircraft Parts & Auxiliary Equipment, NEC",3728,2093536,DE,1231,,,Nasdaq,,
AS,"Amer Sports, Inc.",NYSE,Apparel & Other Finishd Prods of  Fabrics & Similar Matl,2300,1988894,E9,1231,,,NYSE,,
ASA,ASA Gold & Precious Metals Ltd,NYSE,,,1230869,DE,1130,,ASA LTD; ASA BERMUDA LTD,NYSE,,
ASAN,"Asana, Inc.",NYSE,Services-Prepackaged Software,7372,1477720,DE,0131,,,NYSE,,
ASB,ASSOCIATED BANC-CORP,NYSE,State Commercial Banks,6022,7789,WI,1231,,,"NYSE, NYSE, NYSE, NYSE",,
ASBP,"Aspire Biopharma Holdings, Inc.",NASDAQ,Pharmaceutical Preparations,2834,1847345,E9,1231,,PowerUp Acquisition Corp.,"Nasdaq, Nasdaq",,
ASC,Ardmore Shipping Corp,NYSE,Deep Sea Foreign Transportation of  Freight,4412,1577437,1T,1231,,,NYSE,,
ASH,ASHLAND INC.,NYSE,Wholesale-Chemicals & Allied Products,5160,1674862,DE,0930,,ASHLAND INC.; ASHLAND GLOBAL HOLDINGS INC,NYSE,,
ASIC,Ategrity Specialty Insurance Co Holdings,NYSE,"Fire, Marine & Casualty Insurance",6331,2040491,DE,1231,,Ategrity Specialty Holdings LLC,NYSE,,
ASIX,AdvanSix Inc.,NYSE,"Plastic Materials, Synth Resins & Nonvulcan Elastomers",2821,1673985,DE,1231,,,NYSE,,
ASLE,AerSale Corp,NASDAQ,"Wholesale-Machinery, Equipment & Supplies",5080,1754170,DE,1231,,Monocle Acquisition Corp,Nasdaq,,
ASM,AVINO SILVER & GOLD MINES LTD,NYSE American,Metal Mining,1000,316888,,1231,,,NYSE,,
ASMB,"ASSEMBLY BIOSCIENCES, INC.",NASDAQ,Pharmaceutical Preparations,2834,1426800,DE,1231,,VENTRUS BIOSCIENCES INC,Nasdaq,,
ASML,ASML HOLDING NV,NASDAQ,"Special Industry Machinery, NEC",3559,937966,,1231,,ASM LITHOGRAPHY HOLDING NV,"Nasdaq, OTC",,
ASND,Ascendis Pharma A/S,NASDAQ,Pharmaceutical Preparations,2834,1612042,G7,1231,,,Nasdaq,,
ASO,"Academy Sports & Outdoors, Inc.",NASDAQ,Retail-Miscellaneous Shopping Goods Stores,5940,1817358,DE,0131,,,Nasdaq,,
ASPI,ASP Isotopes Inc.,NASDAQ,Miscellaneous Chemical Products,2890,1921865,DE,1231,,,Nasdaq,,
ASPN,ASPEN AEROGELS INC,NYSE,Wholesale-Lumber & Other Construction Materials,5030,1145986,DE,1231,,,NYSE,,
ASPS,ALTISOURCE PORTFOLIO SOLUTIONS S.A.,NASDAQ,Services-Miscellaneous Business Services,7380,1462418,N4,1231,,Altisource Portfolio Solutions S.a.r.l.,"Nasdaq, Nasdaq, Nasdaq",,
ASR,SOUTHEAST AIRPORT GROUP,NYSE,"Airports, Flying Fields & Airport Terminal Services",4581,1123452,,,,,"NYSE, OTC",,
ASRV,AMERISERV FINANCIAL INC /PA/,NASDAQ,National Commercial Banks,6021,707605,PA,1231,,USBANCORP INC /PA/,Nasdaq,,
ASST,"Strive, Inc.",NASDAQ,Finance Services,6199,1920406,NV,1231,,"Strive, Inc.; Asset Entities Inc.","Nasdaq, Nasdaq",,
ASTC,ASTROTECH Corp,NASDAQ,Laboratory Analytical Instruments,3826,1001907,DE,0630,,ASTROTECH Corp \WA\; SPACEHAB INC \WA\,Nasdaq,,
ASTE,ASTEC INDUSTRIES INC,NASDAQ,Construction Machinery & Equip,3531,792987,TN,1231,,,Nasdaq,,
ASTH,"Astrana Health, Inc.",NASDAQ,Services-Management Consulting Services,8742,1083446,DE,1231,,"Apollo Medical Holdings, Inc.; SICLONE INDUSTRIES INC",Nasdaq,,
ASTI,"Ascent Solar Technologies, Inc.",NASDAQ,Semiconductors & Related Devices,3674,1350102,DE,1231,,"Ascent Solar Technologies, Inc.",Nasdaq,,
ASTL,Algoma Steel Group Inc.,NASDAQ,"Steel Works, Blast Furnaces & Rolling Mills (Coke Ovens)",3312,1860805,A1,0331,,1295908 B.C. LTD.,"Nasdaq, Nasdaq",,
ASUR,ASURE SOFTWARE INC,NASDAQ,Services-Computer Integrated Systems Design,7373,884144,DE,1231,,FORGENT NETWORKS  INC; VTEL CORP,Nasdaq,,
ASYS,AMTECH SYSTEMS INC,NASDAQ,"Special Industry Machinery, NEC",3559,720500,AZ,0930,,,Nasdaq,,
ATCH,"AtlasClear Holdings, Inc.",NYSE American,Finance Services,6199,1963088,DE,0630,,"Calculator New Pubco, Inc.","NYSE, OTC",,
ATCX,ATLAS CRITICAL MINERALS Corp,NASDAQ,Gold and Silver Ores,1040,1684688,1T,1231,,Jupiter Gold Corp,Nasdaq,,
ATEC,"Alphatec Holdings, Inc.",NASDAQ,Surgical & Medical Instruments & Apparatus,3841,1350653,DE,1231,,"Alphatec Holdings, Inc.",Nasdaq,,
ATEN,"A10 Networks, Inc.",NYSE,Computer Communications Equipment,3576,1580808,DE,1231,,,NYSE,,
ATER,"Aterian, Inc.",NASDAQ,Electric Housewares & Fans,3634,1757715,DE,1231,,"Mohawk Group Holdings, Inc.",Nasdaq,,
ATEX,Anterix Inc.,NASDAQ,Telephone Communications (No Radiotelephone),4813,1304492,DE,0331,,"pdvWireless, Inc.; Pacific DataVision, Inc.; Pacific Data Vision",Nasdaq,,
ATGL,Alpha Technology Group Ltd,NASDAQ,Services-Computer Programming Services,7371,1967621,K3,0930,,,Nasdaq,,
ATHR,"Aether Holdings, Inc.",NASDAQ,Services-Prepackaged Software,7372,2026353,DE,0930,,,Nasdaq,,
ATHS,Athene Holding Ltd.,NYSE,Life Insurance,6311,1527469,DE,1231,,Athene Holding Ltd,"NYSE, NYSE, NYSE, NYSE, NYSE",,
ATI,ATI INC,NYSE,Steel Pipe & Tubes,3317,1018963,DE,1228,,ALLEGHENY TECHNOLOGIES INC; ALLEGHENY TELEDYNE INC,NYSE,,
ATKR,Atkore Inc.,NYSE,"Miscellaneous Electrical Machinery, Equipment & Supplies",3690,1666138,DE,0930,,Atkore International Group Inc.,NYSE,,
ATLC,Atlanticus Holdings Corp,NASDAQ,Personal Credit Institutions,6141,1464343,GA,1231,,CompuCredit Holdings Corp,"Nasdaq, Nasdaq, Nasdaq, Nasdaq",,
ATLO,AMES NATIONAL CORP,NASDAQ,National Commercial Banks,6021,1132651,X1,1231,,,Nasdaq,,
ATLX,Atlas Lithium Corp,NASDAQ,Mining & Quarrying of  Nonmetallic Minerals (No Fuels),1400,1540684,NV,1231,,"Brazil Minerals, Inc.; Flux Technologies, Corp.",Nasdaq,,
ATMU,Atmus Filtration Technologies Inc.,NYSE,Motor Vehicle Parts & Accessories,3714,1921963,,1231,,"FILT Red, Inc.",NYSE,,
ATNI,"ATN International, Inc.",NASDAQ,Telephone Communications (No Radiotelephone),4813,879585,DE,1231,,ATLANTIC TELE NETWORK INC /DE,Nasdaq,,
ATNM,"Actinium Pharmaceuticals, Inc.",NYSE American,Pharmaceutical Preparations,2834,1388320,DE,1231,,"Cactus Ventures, Inc.",NYSE,,
ATO,ATMOS ENERGY CORP,NYSE,Natural Gas Distribution,4924,731802,TX,0930,,,NYSE,,
ATOM,Atomera Inc,NASDAQ,Semiconductors & Related Devices,3674,1420520,DE,1231,,MEARS TECHNOLOGIES INC,Nasdaq,,
ATOS,"ATOSSA THERAPEUTICS, INC.",NASDAQ,Pharmaceutical Preparations,2834,1488039,DE,1231,,ATOSSA GENETICS INC,Nasdaq,,
ATPC,Agape ATP Corp,NASDAQ,Services-Health Services,8000,1713210,NV,1231,,,Nasdaq,,
ATR,"APTARGROUP, INC.",NYSE,"Plastics Products, NEC",3089,896622,DE,1231,,APTARGROUP INC,NYSE,,
ATRA,"Atara Biotherapeutics, Inc.",NASDAQ,"Biological Products, (No Diagnostic Substances)",2836,1604464,DE,1231,,,Nasdaq,,
ATRC,"AtriCure, Inc.",NASDAQ,Surgical & Medical Instruments & Apparatus,3841,1323885,DE,1231,,,Nasdaq,,
ATRO,ASTRONICS CORP,NASDAQ,"Aircraft Parts & Auxiliary Equipment, NEC",3728,8063,NY,1231,,,"Nasdaq, OTC",,
ATS,ATS Corp /ATS,NYSE,"General Industrial Machinery & Equipment, NEC",3569,1394832,A6,0331,,ATS Automation Tooling Systems Inc.,NYSE,,
ATTO,"Attovia Therapeutics, Inc.",NASDAQ,"Biological Products, (No Diagnostic Substances)",2836,2058707,DE,1231,,,Nasdaq,,
ATTT,Raytech Holding Ltd,NASDAQ,Household Appliances,3630,1948443,D8,,,,Nasdaq,,
ATXG,ADDENTAX GROUP CORP.,NASDAQ,"Services-Mailing, Reproduction, Commercial Art & Photography",7330,1650101,NV,0331,,,Nasdaq,,
ATYR,aTYR PHARMA INC,NASDAQ,"Biological Products, (No Diagnostic Substances)",2836,1339970,DE,1231,,,Nasdaq,,
AU,AngloGold Ashanti PLC,NYSE,Gold and Silver Ores,1040,1973832,X0,1231,,AngloGold Ashanti (UK) Ltd,NYSE,,
AUB,Atlantic Union Bankshares Corp,NYSE,State Commercial Banks,6022,883948,VA,1231,,UNION BANKSHARES CORP; Union Bankshares Corp; UNION FIRST MARKET BANKSHARES CORP,"NYSE, NYSE",,
AUBN,"AUBURN NATIONAL BANCORPORATION, INC",NASDAQ,State Commercial Banks,6022,750574,DE,1231,,AUBURN NATIONAL BANCORPORATION INC,Nasdaq,,
AUC,ATIF Holdings Ltd,NASDAQ,Services-Management Consulting Services,8742,1755058,D8,0731,,Asia Times Holdings Ltd,Nasdaq,,
AUDC,AUDIOCODES LTD,NASDAQ,Telephone & Telegraph Apparatus,3661,1086434,L3,1231,,,Nasdaq,,
AUGO,Aura Minerals Inc.,NASDAQ,Metal Mining,1000,1468642,D8,1231,,AURA MINERALS INC,Nasdaq,,
AUID,authID Inc.,NASDAQ,Services-Prepackaged Software,7372,1534154,DE,1231,,Ipsidy Inc.; ID Global Solutions Corp; IIM Global Corp; Silverwood Acquisition Corp,Nasdaq,,
AUNA,AUNA S.A.,NYSE,Services-Offices & Clinics of  Doctors of  Medicine,8011,1799207,,,,AUNA S.A.A.,NYSE,,
AUPH,Aurinia Pharmaceuticals Inc.,NASDAQ,Pharmaceutical Preparations,2834,1600620,,1231,,,Nasdaq,,
AUR,"Aurora Innovation, Inc.",NASDAQ,Services-Computer Integrated Systems Design,7373,1828108,DE,1231,,Reinvent Technology Partners Y,"Nasdaq, Nasdaq",,
AURA,"Aura Biosciences, Inc.",NASDAQ,"Biological Products, (No Diagnostic Substances)",2836,1501796,DE,1231,,,Nasdaq,,
AURE,Aurelion Inc.,NASDAQ,Finance Services,6199,1765850,E9,0930,,Prestige Wealth Inc.,Nasdaq,,
AUST,Austin Gold Corp.,NYSE American,Gold and Silver Ores,1040,1817740,A1,1231,,,NYSE,,
AUUD,AUDDIA INC.,NASDAQ,Services-Computer Processing & Data Preparation,7374,1554818,DE,1231,,"Clip Interactive, LLC",Nasdaq,,
AUXX,Gold X2 Mining Inc.,NYSE American,Gold and Silver Ores,1040,1961592,A1,1231,,GOLDSHORE RESOURCES INC.,"NYSE, OTC, OTC",,
AVA,AVISTA CORP,NYSE,Electric & Other Services Combined,4931,104918,WA,1231,,WASHINGTON WATER POWER CO,NYSE,,
AVAH,"Aveanna Healthcare Holdings, Inc.",NASDAQ,Services-Home Health Care Services,8082,1832332,DE,0101,,,Nasdaq,,
AVAT,Avalanche Treasury Corp,NASDAQ,Finance Services,6199,2092446,DE,1231,,,Nasdaq,,
AVAV,AeroVironment Inc,NASDAQ,Aircraft,3721,1368622,DE,0430,,,Nasdaq,,
AVBC,"Avidia Bancorp, Inc.",NYSE,"Savings Institutions, Not Federally Chartered",6036,2058758,,1231,,,NYSE,,
AVBH,"Avidbank Holdings, Inc.",NASDAQ,State Commercial Banks,6022,1443575,CA,1231,,PENINSULA BANK HOLDING CO,Nasdaq,,
AVBP,"ArriVent BioPharma, Inc.",NASDAQ,Pharmaceutical Preparations,2834,1868279,DE,1231,,,Nasdaq,,
AVD,AMERICAN VANGUARD CORP,NYSE,Agricultural Chemicals,2870,5981,DE,1231,,,NYSE,,
AVEX,AEVEX Corp.,NYSE,Aircraft,3721,2096300,DE,1231,,AEVEX Corp.; Aevex Corp.,NYSE,,
AVGO,Broadcom Inc.,NASDAQ,Semiconductors & Related Devices,3674,1730168,,1101,,Broadcom Ltd,Nasdaq,,
AVIR,"Atea Pharmaceuticals, Inc.",NASDAQ,Pharmaceutical Preparations,2834,1593899,MA,1231,,,Nasdaq,,
AVLN,Avalyn Pharma Inc.,NASDAQ,Pharmaceutical Preparations,2834,1540171,DE,1231,,"Genoa Pharmaceuticals, Inc.",Nasdaq,,
AVNT,AVIENT CORP,NYSE,"Plastic Materials, Synth Resins & Nonvulcan Elastomers",2821,1122976,,1231,,POLYONE CORP,NYSE,,
AVNW,"AVIAT NETWORKS, INC.",NASDAQ,Radio & Tv Broadcasting & Communications Equipment,3663,1377789,DE,0630,,"Aviat Networks Inc; Harris Stratex Networks, Inc.; HARRIS STRATEX NETWORKS, INC.",Nasdaq,,
AVO,"Mission Produce, Inc.",NASDAQ,Agricultural Services,0700,1802974,DE,1031,,,Nasdaq,,
AVPT,"AvePoint, Inc.",NASDAQ,Services-Prepackaged Software,7372,1777921,DE,1231,,Apex Technology Acquisition Corp,Nasdaq,,
AVR,Anteris Technologies Global Corp.,NASDAQ,"Orthopedic, Prosthetic & Surgical Appliances & Supplies",3842,2011514,DE,1231,,,Nasdaq,,
AVT,AVNET INC,NASDAQ,"Wholesale-Electronic Parts & Equipment, NEC",5065,8858,NY,0703,,,Nasdaq,,
AVTR,"Avantor, Inc.",NYSE,Laboratory Analytical Instruments,3826,1722482,,1231,,Vail Holdco Corp,NYSE,,
AVTX,"Avalo Therapeutics, Inc.",NASDAQ,Pharmaceutical Preparations,2834,1534120,DE,1231,,Cerecor Inc.,Nasdaq,,
AVX,AVAX ONE TECHNOLOGY LTD.,NASDAQ,Finance Services,6199,1826397,A1,1231,,AGRIFORCE GROWING SYSTEMS LTD.,Nasdaq,,
AVXL,ANAVEX LIFE SCIENCES CORP.,NASDAQ,"Biological Products, (No Diagnostic Substances)",2836,1314052,,0930,,Thrifty Printing Inc.,Nasdaq,,
AVY,Avery Dennison Corp,NYSE,Converted Paper & Paperboard Prods (No Contaners/Boxes),2670,8818,DE,1231,,AVERY DENNISON CORPORATION,NYSE,,
AWI,ARMSTRONG WORLD INDUSTRIES INC,NYSE,"Plastics Products, NEC",3089,7431,PA,1231,,,NYSE,,
AWK,"American Water Works Company, Inc.",NYSE,Water Supply,4941,1410636,DE,1231,,,NYSE,,
AWR,AMERICAN STATES WATER CO,NYSE,Water Supply,4941,1056903,CA,1231,,,NYSE,,
AWRE,AWARE INC /MA/,NASDAQ,Services-Prepackaged Software,7372,1015739,MA,1231,,,Nasdaq,,
AWX,AVALON HOLDINGS CORP,NYSE American,Refuse Systems,4953,1061069,OH,1231,,,NYSE,,
AX,"Axos Financial, Inc.",NYSE,"Savings Institution, Federally Chartered",6035,1299709,DE,0630,,"BofI Holding, Inc.",NYSE,,
AXG,"Solowin Holdings, Ltd.",NASDAQ,"Security Brokers, Dealers & Flotation Companies",6211,1959224,E9,0331,,,Nasdaq,,
AXGN,"Axogen, Inc.",NASDAQ,Electromedical & Electrotherapeutic Apparatus,3845,805928,MN,1231,,LECTEC CORP /MN/,Nasdaq,,
AXIL,"Axil Brands, Inc.",NYSE American,"Perfumes, Cosmetics & Other Toilet Preparations",2844,1718500,DE,0531,,Reviv3 Procare Co,NYSE,,
AXON,"AXON ENTERPRISE, INC.",NASDAQ,"Ordnance & Accessories, (No Vehicles/Guided Missiles)",3480,1069183,DE,1231,,TASER INTERNATIONAL INC,Nasdaq,,
AXP,AMERICAN EXPRESS CO,NYSE,Finance Services,6199,4962,NY,1231,,,NYSE,,
AXR,AMREP CORP.,NYSE,Land Subdividers & Developers (No Cemeteries),6552,6207,OK,0430,,AMREP CORP,NYSE,,
AXS,AXIS CAPITAL HOLDINGS LTD,NYSE,"Fire, Marine & Casualty Insurance",6331,1214816,,1231,,AXIS CAPITAL HOLDINGS L,"NYSE, NYSE",,
AXSM,"Axsome Therapeutics, Inc.",NASDAQ,Pharmaceutical Preparations,2834,1579428,DE,1231,,,Nasdaq,,
AXTA,Axalta Coating Systems Ltd.,NYSE,"Paints, Varnishes, Lacquers, Enamels & Allied Prods",2851,1616862,D0,1231,,,NYSE,,
AXTI,AXT INC,NASDAQ,Semiconductors & Related Devices,3674,1051627,DE,1231,,AMERICAN XTAL TECHNOLOGY,Nasdaq,,
AYA,Aya Gold & Silver Inc.,NASDAQ,Gold and Silver Ores,1040,1826836,Z4,1231,,,Nasdaq,,
AYI,ACUITY INC. (DE),NYSE,Electric Lighting & Wiring Equipment,3640,1144215,DE,0831,,ACUITY BRANDS INC; L&C SPINCO INC,NYSE,,
AYTU,"AYTU BIOPHARMA, INC",NASDAQ,Pharmaceutical Preparations,2834,1385818,DE,0630,,"AYTU BIOSCIENCE, INC; Rosewind CORP",Nasdaq,,
AZ,A2Z CUST2MATE SOLUTIONS CORP.,NASDAQ,"General Industrial Machinery & Equipment, NEC",3569,1866030,A1,1231,,A2Z Smart Technologies Corp,Nasdaq,,
AZI,Autozi Internet Technology (Global) Ltd.,NASDAQ,"Services-Automotive Repair, Services & Parking",7500,1959726,E9,,,,Nasdaq,,
AZIO,"AZIO AI HOLDINGS, INC.",NASDAQ,Motor Vehicle Parts & Accessories,3714,1563568,DE,1231,,"Envirotech Vehicles, Inc.; Adomani, Inc.; ADOMANI, INC.",Nasdaq,,
AZN,ASTRAZENECA PLC,NYSE,Pharmaceutical Preparations,2834,901832,X0,1231,,ZENECA GROUP PLC,NYSE,,
AZO,AUTOZONE INC,NYSE,Retail-Auto & Home Supply Stores,5531,866787,NV,0829,,AUTOZONE INC,NYSE,,
AZTA,"Azenta, Inc.",NASDAQ,"Special Industry Machinery, NEC",3559,933974,DE,0930,,"Brooks Automation, Inc.; BROOKS AUTOMATION INC; BROOKS-PRI AUTOMATION INC",Nasdaq,,
AZTR,"Azitra, Inc.",NYSE American,Pharmaceutical Preparations,2834,1701478,DE,1231,,Azitra Inc,NYSE,,
AZZ,AZZ INC,NYSE,"Coating, Engraving & Allied Services",3470,8947,TX,0228,,AZTEC MANUFACTURING CO,NYSE,,
B,BARRICK MINING CORP,NYSE,Gold and Silver Ores,1040,756894,A1,1231,,BARRICK GOLD CORP,NYSE,,
BA,BOEING CO,NYSE,Aircraft,3721,12927,DE,1231,,,"NYSE, NYSE",,
BAC,BANK OF AMERICA CORP /DE/,NYSE,National Commercial Banks,6021,70858,DE,1231,,BANKAMERICA CORP/DE/; NATIONSBANK CORP,"NYSE, NYSE, NYSE, NYSE, NYSE, NYSE, NYSE, NYSE, NYSE, NYSE, NYSE, NYSE, NYSE, OTC, NYSE, NYSE, NYSE",,
BAC$L,Bank of America Corporation Non Cumulative Perpetual Conv Pfd Ser L,NYSE,,,,,,,,,,
BAER,"Bridger Aerospace Group Holdings, Inc.",NASDAQ,"Services-Business Services, NEC",7389,1941536,DE,1231,,"Wildfire New PubCo, Inc.","Nasdaq, Nasdaq",,
BAFN,BayFirst Financial Corp.,NASDAQ,State Commercial Banks,6022,1649739,FL,1231,,,Nasdaq,,
BAH,Booz Allen Hamilton Holding Corp,NYSE,Services-Management Consulting Services,8742,1443646,DE,0331,,EXPLORER HOLDING CORP,NYSE,,
BAK,BRASKEM SA,NYSE,Industrial Organic Chemicals,2860,1071438,,1231,,BRASKEM SA; COPENE PETROQUIMICA DO NORDESTE SA,NYSE,,
BALL,BALL Corp,NYSE,Metal Cans,3411,9389,IN,1231,,,NYSE,,
BALY,Bally's Corp,NYSE,Hotels & Motels,7011,1747079,DE,1231,,"Twin River Worldwide Holdings, Inc.",NYSE,,
BAM,Brookfield Asset Management Ltd.,NYSE,Investment Advice,6282,1937926,A1,1231,,,NYSE,,
BANC,"BANC OF CALIFORNIA, INC.",NYSE,National Commercial Banks,6021,1169770,MD,1231,,FIRST PACTRUST BANCORP INC,"NYSE, NYSE",,
BAND,Bandwidth Inc.,NASDAQ,Services-Prepackaged Software,7372,1514416,DE,1231,,"Bandwidth.com, Inc.",Nasdaq,,
BANF,BANCFIRST CORP /OK/,NASDAQ,National Commercial Banks,6021,760498,OK,1231,,,"Nasdaq, Nasdaq",,
BANL,CBL International Ltd,NASDAQ,Wholesale-Petroleum & Petroleum Products (No Bulk Stations),5172,1914805,E9,1231,,CBL International Ltd,Nasdaq,,
BANR,BANNER CORP,NASDAQ,State Commercial Banks,6022,946673,WA,1231,,FIRST WASHINGTON BANCORP INC /WA/; FIRST SAVINGS BANK OF WASHINGTON BANCORP INC,Nasdaq,,
BAOS,Baosheng Media Group Holdings Ltd,NASDAQ,"Services-Business Services, NEC",7389,1811216,E9,1231,,,Nasdaq,,
BAP,CREDICORP LTD,NYSE,"Commercial Banks, NEC",6029,1001290,,1231,,,NYSE,,
BARK,"Bark, Inc.",NYSE,"Retail-Retail Stores, NEC",5990,1819574,,0331,,Original Bark Co; Northern Star Acquisition Corp.,NYSE,,
BATL,BATTALION OIL CORP,NYSE American,Crude Petroleum & Natural Gas,1311,1282648,DE,1231,,BATTALION OIL CORP; HALCON RESOURCES CORP; RAM ENERGY RESOURCES INC; TREMISIS ENERGY ACQUISITION CORP,NYSE,,
BATRA,"Atlanta Braves Holdings, Inc.",NASDAQ,Services-Amusement & Recreation Services,7900,1958140,NV,1231,,,"Nasdaq, Nasdaq, OTC",,
BATRK,"Atlanta Braves Holdings, Inc.",NASDAQ,Services-Amusement & Recreation Services,7900,1958140,NV,1231,,,"Nasdaq, Nasdaq, OTC",,
BAX,BAXTER INTERNATIONAL INC,NYSE,Surgical & Medical Instruments & Apparatus,3841,10456,DE,1231,,,NYSE,,
BB,BLACKBERRY Ltd,NYSE,Services-Prepackaged Software,7372,1070235,,0228,,BLACKBERRY Ltd; RESEARCH IN MOTION LTD,NYSE,,
BBAI,"BigBear.ai Holdings, Inc.",NYSE,Services-Prepackaged Software,7372,1836981,DE,1231,,"GigCapital4, Inc.","NYSE, NYSE",,
BBAR,Banco BBVA Argentina S.A.,NYSE,"Commercial Banks, NEC",6029,913059,,1231,,BBVA BANCO FRANCES SA; FRENCH BANK OF THE RIO DE LA PLATA,NYSE,,
BBCP,"Concrete Pumping Holdings, Inc.",NASDAQ,Construction - Special Trade Contractors,1700,1703956,DE,1031,,Industrea Acquisition Corp.,Nasdaq,,
BBDC,"Barings BDC, Inc.",NYSE,,,1379785,NC,1231,,Triangle Capital CORP,NYSE,,
BBGI,BEASLEY BROADCAST GROUP INC,NASDAQ,Radio Broadcasting Stations,4832,1099160,DE,1231,,,Nasdaq,,
BBIO,"BridgeBio Pharma, Inc.",NASDAQ,Pharmaceutical Preparations,2834,1743881,DE,1231,,BridgeBio Pharma LLC,Nasdaq,,
BBLG,Bone Biologics Corp,NASDAQ,"Orthopedic, Prosthetic & Surgical Appliances & Supplies",3842,1419554,DE,1231,,"Bone Biologics, Corp.; AFH ACQUISITION X, INC.","Nasdaq, Nasdaq",,
BBNX,"Beta Bionics, Inc.",NASDAQ,Surgical & Medical Instruments & Apparatus,3841,1674632,DE,1231,,"Beta Bionics, Inc",Nasdaq,,
BBOT,"BridgeBio Oncology Therapeutics, Inc.",NASDAQ,Pharmaceutical Preparations,2834,1869105,DE,1231,,Helix Acquisition Corp. II,Nasdaq,,
BBSI,BARRETT BUSINESS SERVICES INC,NASDAQ,Services-Help Supply Services,7363,902791,MD,1231,,,Nasdaq,,
BBT,Beacon Financial Corp,NYSE,"Savings Institutions, Not Federally Chartered",6036,1108134,DE,1231,,BERKSHIRE HILLS BANCORP INC,NYSE,,
BBUC,Brookfield Business Partners L.P.,NYSE,Construction - Special Trade Contractors,1700,1654795,D0,1231,,Brookfield Business Partners L.P.,NYSE,,
BBVA,"BANCO BILBAO VIZCAYA ARGENTARIA, S.A.",NYSE,"Commercial Banks, NEC",6029,842180,,1231,,BANCO BILBAO VIZCAYA ARGENTARIA S A,"NYSE, OTC",,
BBW,BUILD-A-BEAR WORKSHOP INC,NYSE,"Retail-Hobby, Toy & Game Shops",5945,1113809,DE,0130,,BUILD A BEAR WORKSHOP INC,NYSE,,
BBWI,"Bath & Body Works, Inc.",NYSE,"Retail-Retail Stores, NEC",5990,701985,DE,0130,,"L Brands, Inc.; LIMITED BRANDS INC; LIMITED INC",NYSE,,
BBY,BEST BUY CO INC,NYSE,"Retail-Radio, Tv & Consumer Electronics Stores",5731,764478,MN,0130,,,NYSE,,
BC,BRUNSWICK CORP,NYSE,Engines & Turbines,3510,14930,DE,1231,,,"NYSE, NYSE",,
BCAL,California BanCorp \ CA,NASDAQ,National Commercial Banks,6021,1795815,CA,1231,,Southern California Bancorp \ CA,Nasdaq,,
BCAX,Bicara Therapeutics Inc.,NASDAQ,Pharmaceutical Preparations,2834,2023658,DE,1231,,,Nasdaq,,
BCBP,BCB BANCORP INC,NASDAQ,"Savings Institution, Federally Chartered",6035,1228454,NJ,1231,,,Nasdaq,,
BCC,BOISE CASCADE Co,NYSE,Wholesale-Lumber & Other Construction Materials,5030,1328581,ID,1231,,"BOISE CASCADE, L.L.C.",NYSE,,
BCDA,"BioCardia, Inc.",NASDAQ,"Biological Products, (No Diagnostic Substances)",2836,925741,DE,1231,,"Tiger X Medical, Inc.; Cardo Medical, Inc.; CLICKNSETTLE COM INC; NAM CORP",Nasdaq,,
BCE,BCE INC,NYSE,Telephone Communications (No Radiotelephone),4813,718940,,1231,,,"NYSE, OTC, OTC, OTC, OTC, OTC, OTC, OTC, OTC",,
BCG,"Binah Capital Group, Inc.",NASDAQ,Finance Services,6199,1953984,,1231,,,"Nasdaq, Nasdaq",,
BCH,BANK OF CHILE,NYSE,"Commercial Banks, NEC",6029,1161125,,,,,NYSE,,
BCHT,Birchtech Corp.,NYSE American,"Measuring & Controlling Devices, NEC",3829,728385,DE,1231,,"Midwest Energy Emissions Corp.; China Youth Media, Inc.; DIGICORP, INC.; DIGICORP",NYSE,,
BCML,BayCom Corp,NASDAQ,State Commercial Banks,6022,1730984,,,,,Nasdaq,,
BCO,BRINKS CO,NYSE,Arrangement of  Transportation of  Freight & Cargo,4731,78890,VA,1231,,PITTSTON CO,NYSE,,
BCPC,BALCHEM CORP,NASDAQ,Chemicals & Allied Products,2800,9326,MD,1231,,,Nasdaq,,
BCRX,BIOCRYST PHARMACEUTICALS INC,NASDAQ,"Biological Products, (No Diagnostic Substances)",2836,882796,DE,1231,,,Nasdaq,,
BCS,BARCLAYS PLC,NYSE,"Commercial Banks, NEC",6029,312069,X0,1231,,,"NYSE, OTC",,
BCSF,"Bain Capital Specialty Finance, Inc.",NYSE,,,1655050,DE,1231,,Sankaty Capital Corp,NYSE,,
BCSS,Bain Capital GSS Investment Corp.,NYSE,Blank Checks,6770,2064355,,1231,,,"NYSE, NYSE, NYSE",,
BCTX,BriaCell Therapeutics Corp.,NASDAQ,Pharmaceutical Preparations,2834,1610820,A1,0731,,Ansell Capital Corp.,"Nasdaq, Nasdaq, Nasdaq",,
BCX,BlackRock Resources & Commodities Strategy Trust,NYSE,,,1506289,DE,1231,,,NYSE,,
BDC,BELDEN INC.,NYSE,Drawing & Insulating of  Nonferrous Wire,3357,913142,DE,1231,,BELDEN CDT INC.; CABLE DESIGN TECHNOLOGIES CORP,NYSE,,
BDCI,BTC Development Corp.,NASDAQ,Blank Checks,6770,2042292,E9,1231,,,"Nasdaq, Nasdaq, Nasdaq",,
BDL,FLANIGANS ENTERPRISES INC,NYSE American,Retail-Eating  Places,5812,12040,FL,1003,,,NYSE,,
BDMD,Baird Medical Investment Holdings Ltd,NASDAQ,Surgical & Medical Instruments & Apparatus,3841,1982444,E9,1231,,,"Nasdaq, Nasdaq",,
BDSX,BIODESIX INC,NASDAQ,Services-Medical Laboratories,8071,1439725,DE,1231,,,Nasdaq,,
BDTX,"Black Diamond Therapeutics, Inc.",NASDAQ,"Biological Products, (No Diagnostic Substances)",2836,1701541,,1231,,"Aset Therapeutics, Inc.",Nasdaq,,
BDX,BECTON DICKINSON & CO,NYSE,Surgical & Medical Instruments & Apparatus,3841,10795,NJ,0930,,,NYSE,,
BE,Bloom Energy Corp,NYSE,Electrical Industrial Apparatus,3620,1664703,DE,1231,,,NYSE,,
BEAM,Beam Therapeutics Inc.,NASDAQ,"Biological Products, (No Diagnostic Substances)",2836,1745999,DE,1231,,Beam Therapeutics Inc.,Nasdaq,,
BEAT,"HeartBeam, Inc.",NASDAQ,Surgical & Medical Instruments & Apparatus,3841,1779372,DE,1231,,,"Nasdaq, Nasdaq",,
BEBE,TGE Value Creative Solutions Corp,NYSE,Blank Checks,6770,2079933,E9,1231,,,"NYSE, NYSE, NYSE",,
BEEM,Beam Global,NASDAQ,"Miscellaneous Electrical Machinery, Equipment & Supplies",3690,1398805,NV,1231,,"Envision Solar International, Inc.; Casita Enterprises, Inc.",Nasdaq,,
BEEP,Mobile Infrastructure Corp,NASDAQ,Real Estate,6500,1847874,,1231,,Fifth Wall Acquisition Corp. III,Nasdaq,,
BELFA,BEL FUSE INC /NJ,NASDAQ,"Electronic Coils, Transformers & Other Inductors",3677,729580,NJ,1231,,,"Nasdaq, Nasdaq",,
BELFB,BEL FUSE INC /NJ,NASDAQ,"Electronic Coils, Transformers & Other Inductors",3677,729580,NJ,1231,,,"Nasdaq, Nasdaq",,
BEN,FRANKLIN TEMPLETON INC,NYSE,Investment Advice,6282,38777,DE,0930,,FRANKLIN RESOURCES INC,NYSE,,
BENF,Beneficient,NASDAQ,Finance Services,6199,1775734,NV,0331,,"Beneficient Co Group, L.P.","Nasdaq, Nasdaq",,
BEPC,Brookfield Renewable Corp,NYSE,Electric Services,4911,1791863,A1,1231,,,NYSE,,
BESS,Bimergen Energy Corp,NYSE American,Electric Services,4911,1066764,DE,1231,,"Bitech Technologies Corp; Spine Injury Solutions, Inc; Spine Pain Management, Inc; VERSA CARD, INC.; Intrepid Global Imaging 3D, INC.; MANGAPETS, INC.; NEWMARK VENTURES INC; DELTA CAPITAL TECHNOLOGIES INC; DELTA CAPITAL TECHNOLOGIES INC/NY","NYSE, NYSE",,
BETA,"BETA Technologies, Inc.",NYSE,Aircraft,3721,1784570,DE,1231,,Beta Technologies Inc.,NYSE,,
BETR,Better Home & Finance Holding Co,NASDAQ,Loan Brokers,6163,1835856,,1231,,Aurora Acquisition Corp.,"Nasdaq, Nasdaq",,
BF.A,Brown Forman Inc Class A Common Stock,NYSE,,,,,,,,,,
BF.B,Brown Forman Inc Class B Common Stock,NYSE,,,,,,,,,,
BFAM,BRIGHT HORIZONS FAMILY SOLUTIONS INC.,NYSE,Services-Child Day Care Services,8351,1437578,,1231,,BRIGHT HORIZONS SOLUTIONS CORP,NYSE,,
BFC,Bank First Corp,NASDAQ,National Commercial Banks,6021,1746109,WI,1231,,Bank First National Corp,Nasdaq,,
BFH,"BREAD FINANCIAL HOLDINGS, INC.",NYSE,Personal Credit Institutions,6141,1101215,DE,1231,,ALLIANCE DATA SYSTEMS CORP,"NYSE, NYSE, NYSE",,
BFLY,"Butterfly Network, Inc.",NYSE,X-Ray Apparatus & Tubes & Related Irradiation Apparatus,3844,1804176,DE,1231,,Longview Acquisition Corp.,NYSE,,
BFRG,"BullFrog AI Holdings, Inc.",NASDAQ,Pharmaceutical Preparations,2834,1829247,NV,1231,,,"Nasdaq, Nasdaq",,
BFRI,Biofrontera Inc.,NASDAQ,Pharmaceutical Preparations,2834,1858685,DE,1231,,,"Nasdaq, Nasdaq",,
BFS,"SAUL CENTERS, INC.",NYSE,Real Estate Investment Trusts,6798,907254,MD,1231,,SAUL CENTERS INC,"NYSE, NYSE, NYSE",,
BFST,"Business First Bancshares, Inc.",NASDAQ,State Commercial Banks,6022,1624322,LA,1231,,,Nasdaq,,
BG,Bunge Global SA,NYSE,Fats & Oils,2070,1996862,V8,1231,,,NYSE,,
BGC,"BGC Group, Inc.",NASDAQ,"Security & Commodity Brokers, Dealers, Exchanges & Services",6200,1094831,,1231,,"BGC Partners, Inc.; ESPEED INC",Nasdaq,,
BGDE,"Big Digital Energy, Inc.",NASDAQ,Finance Services,6199,1218683,DE,1231,,"Mawson Infrastructure Group Inc.; Wize Pharma, Inc.; OphthaliX, Inc.; DENALI CONCRETE MANAGEMENT INC",Nasdaq,,
BGIN,BGIN BLOCKCHAIN Ltd,NASDAQ,Finance Services,6199,1945565,E9,1231,,BGIN BLOCKCHAIN Ltd; Bgin Blockchain Ltd,Nasdaq,,
BGL,Blue Gold Ltd,NASDAQ,Metal Mining,1000,2019435,E9,,,,"Nasdaq, Nasdaq",,
BGLC,BioNexus Gene Lab Corp,NASDAQ,Services-Medical Laboratories,8071,1737523,WY,1231,,BioNexus Gene Lab Coporation,Nasdaq,,
BGM,BGM Group Ltd.,NASDAQ,Pharmaceutical Preparations,2834,1779578,E9,0930,,Qilian International Holding Group; Qilian International Holding Group Ltd,Nasdaq,,
BGMS,"Bio Green Med Solution, Inc.",NASDAQ,"Wholesale-Durable Goods, NEC",5099,1130166,DE,1231,,"Cyclacel Pharmaceuticals, Inc.; XCYTE THERAPIES INC","Nasdaq, OTC",,
BGS,"B&G Foods, Inc.",NYSE,Food and Kindred Products,2000,1278027,DE,0102,,B&G FOODS HOLDINGS CORP,NYSE,,
BGSF,"BGSF, INC.",NYSE,Services-Help Supply Services,7363,1474903,DE,1228,,"BG Staffing, Inc.; LTN Staffing, LLC",NYSE,,
BGSI,Boyd Group Services Inc.,NYSE,"Services-Automotive Repair, Services & Parking",7500,2091467,A2,1231,,,NYSE,,
BH,Biglari Holdings Inc.,NYSE,Retail-Eating  Places,5812,1726173,IN,1231,,NBHSA Inc.,"NYSE, NYSE",,
BH.A,Biglari Holdings Inc. Class A Common Stock,NYSE,,,,,,,,,,
BHB,BAR HARBOR BANKSHARES,NYSE American,State Commercial Banks,6022,743367,ME,1231,,,NYSE,,
BHC,Bausch Health Companies Inc.,NYSE,Pharmaceutical Preparations,2834,885590,NJ,1231,,"Valeant Pharmaceuticals International, Inc.; BIOVAIL Corp; BIOVAIL CORP INTERNATIONAL; BIOVAIL CORPORATION INTERNATIONAL",NYSE,,
BHE,BENCHMARK ELECTRONICS INC,NYSE,Printed Circuit Boards,3672,863436,TX,1231,,,NYSE,,
BHF,"Brighthouse Financial, Inc.",NASDAQ,Life Insurance,6311,1685040,DE,1231,,,"Nasdaq, Nasdaq, Nasdaq, Nasdaq, Nasdaq, Nasdaq",,
BHFAL,"Brighthouse Financial, Inc.",NASDAQ,Life Insurance,6311,1685040,DE,1231,,,"Nasdaq, Nasdaq, Nasdaq, Nasdaq, Nasdaq, Nasdaq",,
BHR,Braemar Hotels & Resorts Inc.,NYSE,Real Estate Investment Trusts,6798,1574085,MD,1231,,"Ashford Hospitality Prime, Inc.","NYSE, NYSE, NYSE",,
BHRB,Burke & Herbert Financial Services Corp.,NASDAQ,National Commercial Banks,6021,1964333,VA,1231,,,Nasdaq,,
BHST,BIOHARVEST SCIENCES INC.,NASDAQ,Pharmaceutical Preparations,2834,1723464,A1,1231,,CANNA-V-CELL SCIENCES INC.; Midnight Star Ventures Corp.,Nasdaq,,
BHVN,Biohaven Ltd.,NYSE,Pharmaceutical Preparations,2834,1935979,D8,1231,,Biohaven Research Ltd.,NYSE,,
BIAF,"bioAffinity Technologies, Inc.",NASDAQ,Services-Commercial Physical & Biological Research,8731,1712762,DE,1231,,"bioAffinity Technologies, Inc.","Nasdaq, Nasdaq",,
BIIB,BIOGEN INC.,NASDAQ,"Biological Products, (No Diagnostic Substances)",2836,875045,DE,1231,,BIOGEN IDEC INC.; BIOGEN IDEC INC; IDEC PHARMACEUTICALS CORP / DE; IDEC PHARMACEUTICALS CORP / CA,Nasdaq,,
BIII,Black Spade Acquisition III Co,NYSE,Blank Checks,6770,2087087,K3,1231,,,"NYSE, NYSE, NYSE",,
BILL,"BILL Holdings, Inc.",NYSE,Services-Prepackaged Software,7372,1786352,,0630,,"BILL Holdings, Inc.; Bill.com Holdings, Inc.",NYSE,,
BIO,"BIO-RAD LABORATORIES, INC.",NYSE,Laboratory Analytical Instruments,3826,12208,DE,1231,,BIO RAD LABORATORIES INC,"NYSE, NYSE",,
BIO.B,"Bio-Rad Laboratories, Inc. Class B  Common Stock",NYSE,,,,,,,,,,
BIOA,"BioAge Labs, Inc.",NASDAQ,Pharmaceutical Preparations,2834,1709941,DE,1231,,,Nasdaq,,
BIOT,INSTINCT BIO TECHNICAL CO HOLDINGS INC.,NASDAQ,"Perfumes, Cosmetics & Other Toilet Preparations",2844,2072188,E9,1130,,Relativity Holdings Inc.,"Nasdaq, Nasdaq",,
BIOX,Bioceres Crop Solutions Corp.,NASDAQ,Agricultural Chemicals,2870,1769484,E9,0630,,,Nasdaq,,
BIPC,Brookfield Infrastructure Corp,NYSE,Natural Gas Transmisison & Distribution,4923,1788348,A1,1231,,,NYSE,,
BIRD,"Smartbird, Inc.",NASDAQ,Services-Computer Processing & Data Preparation,7374,1653909,,1231,,"Allbirds, Inc.",Nasdaq,,
BIRK,Birkenstock Holding plc,NYSE,"Footwear, (No Rubber)",3140,1977102,Y9,0930,,Birkenstock Holding Ltd; Birkenstock Group Ltd,NYSE,,
BIVI,BIOVIE INC.,NASDAQ,Pharmaceutical Preparations,2834,1580149,NV,0630,,"NANOANTIBIOTICS, INC.","Nasdaq, Nasdaq",,
BIYA,Baiya International Group Inc.,NASDAQ,Services-Employment Agencies,7361,1944712,,,,,Nasdaq,,
BJ,"BJ's Wholesale Club Holdings, Inc.",NYSE,Retail-Variety Stores,5331,1531152,DE,0130,,Beacon Holding Inc.,NYSE,,
BJDX,"Bluejay Diagnostics, Inc.",NASDAQ,Surgical & Medical Instruments & Apparatus,3841,1704287,DE,1231,,,Nasdaq,,
BJRI,BJs RESTAURANTS INC,NASDAQ,Retail-Eating  Places,5812,1013488,CA,0103,,CHICAGO PIZZA & BREWERY INC,Nasdaq,,
BKD,Brookdale Senior Living Inc.,NYSE,Services-Nursing & Personal Care Facilities,8050,1332349,DE,1231,,,NYSE,,
BKE,BUCKLE INC,NYSE,Retail-Family Clothing Stores,5651,885245,NE,0130,,,NYSE,,
BKH,BLACK HILLS CORP /SD/,NYSE,Electric Services,4911,1130464,SD,1231,,BLACK HILLS HOLDING CORP,NYSE,,
BKKT,"Bakkt, Inc.",NYSE,Finance Services,6199,1820302,,1231,,"Bakkt Holdings, Inc.; VPC Impact Acquisition Holdings","NYSE, NYSE",,
BKNG,Booking Holdings Inc.,NASDAQ,Transportation Services,4700,1075531,DE,1231,,Priceline Group Inc.; PRICELINE COM INC,Nasdaq,,
BKR,Baker Hughes Co,NASDAQ,Oil & Gas Field Machinery & Equipment,3533,1701605,DE,1231,,"Baker Hughes a GE Co; Bear Newco, Inc.",Nasdaq,,
BKSY,BlackSky Technology Inc.,NYSE,Radio & Tv Broadcasting & Communications Equipment,3663,1753539,DE,1231,,Osprey Technology Acquisition Corp.; Osprey Energy Acquisition Corp. II,"NYSE, OTC",,
BKTI,BK Technologies Corp,NYSE American,Radio & Tv Broadcasting & Communications Equipment,3663,2186,NV,1231,,"BK Technologies, Inc.; RELM WIRELESS CORP; ADAGE INC",NYSE,,
BKU,"BankUnited, Inc.",NYSE,"Savings Institution, Federally Chartered",6035,1504008,DE,1231,,,NYSE,,
BKV,BKV Corp,NYSE,Crude Petroleum & Natural Gas,1311,1838406,DE,1231,,,NYSE,,
BKYI,BIO KEY INTERNATIONAL INC,NASDAQ,Services-Prepackaged Software,7372,1019034,DE,1231,,SAC TECHNOLOGIES INC,Nasdaq,,
BL,"BLACKLINE, INC.",NASDAQ,Services-Prepackaged Software,7372,1666134,DE,1231,,,Nasdaq,,
BLBD,Blue Bird Corp,NASDAQ,Truck & Bus Bodies,3713,1589526,,1003,,Hennessy Capital Acquisition Corp.,Nasdaq,,
BLCO,Bausch & Lomb Corp,NYSE,Ophthalmic Goods,3851,1860742,,1231,,,NYSE,,
BLDP,Ballard Power Systems Inc.,NASDAQ,Electrical Industrial Apparatus,3620,1453015,,1231,,7076991 Canada Inc.,Nasdaq,,
BLDR,"Builders FirstSource, Inc.",NYSE,Retail-Lumber & Other Building Materials Dealers,5211,1316835,DE,1231,,,NYSE,,
BLFS,BIOLIFE SOLUTIONS INC,NASDAQ,Electromedical & Electrotherapeutic Apparatus,3845,834365,DE,1231,,CRYOMEDICAL SCIENCES INC,Nasdaq,,
BLIN,"Bridgeline Digital, Inc.",NASDAQ,Services-Prepackaged Software,7372,1378590,DE,0930,,"Bridgeline Software, Inc.",Nasdaq,,
BLIV,BeLive Holdings,NASDAQ,Services-Computer Integrated Systems Design,7373,1982448,E9,1231,,,Nasdaq,,
BLK,"BlackRock, Inc.",NYSE,"Security Brokers, Dealers & Flotation Companies",6211,2012383,DE,1231,,"BlackRock, Inc.; BlackRock Funding, Inc. /DE",NYSE,,
BLKB,BLACKBAUD INC,NASDAQ,Services-Prepackaged Software,7372,1280058,DE,1231,,,Nasdaq,,
BLLN,"BillionToOne, Inc.",NASDAQ,Services-Medical Laboratories,8071,2070849,DE,1231,,,Nasdaq,,
BLMN,"Bloomin' Brands, Inc.",NASDAQ,Retail-Eating  Places,5812,1546417,DE,1227,,"Bloomin' Brands, Inc.",Nasdaq,,
BLND,"Blend Labs, Inc.",NYSE,"Services-Computer Programming, Data Processing, Etc.",7370,1855747,DE,1231,,,NYSE,,
BLNE,"Beeline Holdings, Inc.",NASDAQ,Mortgage Bankers & Loan Correspondents,6162,1534708,NV,1231,,"Eastside Distilling, Inc.; Eurocan Holdings Ltd.",Nasdaq,,
BLNK,Blink Charging Co.,NASDAQ,"Miscellaneous Electrical Machinery, Equipment & Supplies",3690,1429764,NV,1231,,"Car Charging Group, Inc.; NEW IMAGE CONCEPTS, INC",Nasdaq,,
BLSH,Bullish,NYSE,Finance Services,6199,1872195,E9,1231,,,NYSE,,
BLSM,"BlossomHill Therapeutics, Inc. - Common Stock",NASDAQ,,,,,,,,,,
BLX,"BLADEX, INC.",NYSE,"Commercial Banks, NEC",6029,890541,,1231,,"FOREIGN TRADE BANK OF LATIN AMERICA, INC.; LATIN AMERICAN EXPORT BANK",NYSE,,
BLZE,"Backblaze, Inc.",NASDAQ,Services-Prepackaged Software,7372,1462056,DE,1231,,,Nasdaq,,
BMA,Macro Bank Inc.,NYSE,"Commercial Banks, NEC",6029,1347426,C1,1231,,Macro Bansud Bank Inc.,NYSE,,
BMBL,Bumble Inc.,NASDAQ,"Services-Computer Programming, Data Processing, Etc.",7370,1830043,,1231,,,Nasdaq,,
BMEA,"Biomea Fusion, Inc.",NASDAQ,Pharmaceutical Preparations,2834,1840439,DE,1231,,,Nasdaq,,
BMGL,Basel Medical Group Ltd,NASDAQ,Services-Offices & Clinics of  Doctors of  Medicine,8011,2004489,D8,0630,,,Nasdaq,,
BMHL,Bluemount Holdings Ltd,NASDAQ,Finance Services,6199,2027815,E9,0331,,,Nasdaq,,
BMI,BADGER METER INC,NYSE,Totalizing Fluid Meters & Counting Devices,3824,9092,WI,1231,,BADGER METER INC,NYSE,,
BMM,Blue Moon Metals Inc.,NASDAQ,Metal Mining,1000,1732379,A1,1231,,Blue Moon Zinc Corp.,Nasdaq,,
BMNR,"BITMINE IMMERSION TECHNOLOGIES, INC.",NYSE,Finance Services,6199,1829311,DE,0831,,"Sandy Springs Holdings, Inc.","NYSE, NYSE",,
BMO,BANK OF MONTREAL /CAN/,NYSE,"Commercial Banks, NEC",6029,927971,A6,1031,,BANK OF MONTREAL /CAN/,"NYSE, NYSE, CBOE, NYSE, NYSE, NYSE, NYSE, NYSE, CBOE, NYSE, NYSE, NYSE, NYSE, NYSE, NYSE, NYSE, NYSE, NYSE, NYSE, NYSE, CBOE, CBOE, NYSE, NYSE, CBOE, CBOE, CBOE, CBOE, NYSE, NYSE, NYSE, NYSE, NYSE, NYSE, CBOE, CBOE, NYSE, CBOE, CBOE, NYSE, NYSE, CBOE, CBOE, CBOE, CBOE",,
BMR,Beamr Imaging Ltd.,NASDAQ,Services-Prepackaged Software,7372,1899005,L3,1231,,,Nasdaq,,
BMRA,BIOMERICA INC,NASDAQ,In Vitro & In Vivo Diagnostic Substances,2835,73290,DE,0531,,,Nasdaq,,
BMRC,Bank of Marin Bancorp,NASDAQ,State Commercial Banks,6022,1403475,CA,1231,,,Nasdaq,,
BMRN,BIOMARIN PHARMACEUTICAL INC,NASDAQ,Pharmaceutical Preparations,2834,1048477,DE,1231,,,Nasdaq,,
BMY,BRISTOL MYERS SQUIBB CO,NYSE,Pharmaceutical Preparations,2834,14272,DE,1231,,,"NYSE, NYSE",,
BN,BROOKFIELD Corp /ON/,NYSE,Opeators of  Nonresidential Buildings,6512,1001085,A6,1231,,BROOKFIELD ASSET MANAGEMENT INC.; BRASCAN CORP/; EDPERBRASCAN CORP,"NYSE, OTC, OTC, OTC, OTC, OTC, OTC, OTC, OTC, NYSE, NYSE, OTC, OTC, OTC, OTC, OTC, OTC",,
BNAI,Brand Engagement Network Inc.,NASDAQ,Services-Computer Integrated Systems Design,7373,1838163,DE,1231,,DHC Acquisition Corp.,"Nasdaq, Nasdaq",,
BNC,CEA Industries Inc.,NASDAQ,Agricultural Services,0700,1482541,NV,0430,,Surna Inc.,"Nasdaq, Nasdaq, Nasdaq",,
BNED,"Barnes & Noble Education, Inc.",NYSE,Retail-Miscellaneous Shopping Goods Stores,5940,1634117,DE,0503,,,NYSE,,
BNGO,"Bionano Genomics, Inc.",NASDAQ,Laboratory Analytical Instruments,3826,1411690,DE,1231,,"BioNano Genomics, Inc; Bionano Genomics, Inc; BioNanomatrix Inc",Nasdaq,,
BNKK,"BONK, INC.",NASDAQ,"Perfumes, Cosmetics & Other Toilet Preparations",2844,1760903,DE,1231,,"Safety Shot, Inc.; Jupiter Wellness, Inc.; CBD Brands, Inc.",Nasdaq,,
BNL,"Broadstone Net Lease, Inc.",NYSE,Real Estate Investment Trusts,6798,1424182,,1231,,Broadstone Net Lease Inc,NYSE,,
BNS,BANK OF NOVA SCOTIA,NYSE,State Commercial Banks,6022,9631,Z4,1031,,BANK OF NOVA SCOTIA /,NYSE,,
BNT,Brookfield Wealth Solutions Ltd.,NYSE,"Insurance Carriers, NEC",6399,1837429,D0,1231,,Brookfield Reinsurance Ltd.; Brookfield Asset Management Reinsurance Partners Ltd.,NYSE,,
BNTC,Benitec Biopharma Inc.,NASDAQ,Pharmaceutical Preparations,2834,1808898,DE,0630,,,Nasdaq,,
BNY,Bank of New York Mellon Corp,NYSE,State Commercial Banks,6022,1390777,DE,1231,,,"NYSE, NYSE",,
BOBS,"Bob's Discount Furniture, Inc.",NYSE,Retail-Furniture Stores,5712,2085187,DE,0103,,BDF Holding Corp.,NYSE,,
BOC,BOSTON OMAHA Corp,NYSE,Real Estate Operators (No Developers) & Lessors,6510,1494582,DE,1231,,"REO PLUS, INC.",NYSE,,
BODI,"Beachbody Company, Inc.",NASDAQ,Retail-Nonstore Retailers,5960,1826889,DE,1231,,Forest Road Acquisition Corp.,"Nasdaq, OTC",,
BOF,BranchOut Food Inc.,NASDAQ,Food and Kindred Products,2000,1962481,NV,1231,,,Nasdaq,,
BOH,BANK OF HAWAII CORP,NYSE,State Commercial Banks,6022,46195,DE,1231,,PACIFIC CENTURY FINANCIAL CORP; BANCORP HAWAII INC,"NYSE, NYSE, NYSE",,
BOKF,BOK FINANCIAL CORP,NASDAQ,National Commercial Banks,6021,875357,OK,1231,,BOK FINANCIAL CORP ET AL,Nasdaq,,
BOLD,"Boundless Bio, Inc.",NASDAQ,Pharmaceutical Preparations,2834,1782303,DE,1231,,,Nasdaq,,
BOLT,"Bolt Biotherapeutics, Inc.",NASDAQ,Pharmaceutical Preparations,2834,1641281,DE,1231,,"Bolt Therapeutics, Inc.",Nasdaq,,
BON,Bon Natural Life Ltd,NASDAQ,Medicinal Chemicals & Botanical Products,2833,1816815,E9,0930,,,Nasdaq,,
BOOM,DMC Global Inc.,NASDAQ,Miscellaneous Primary Metal Products,3390,34067,CO,1231,,DYNAMIC MATERIALS CORP,Nasdaq,,
BOOT,"Boot Barn Holdings, Inc.",NYSE,Retail-Shoe Stores,5661,1610250,DE,0327,,,NYSE,,
BORR,Borr Drilling Ltd,NYSE,Drilling Oil & Gas Wells,1381,1715497,D0,1231,,,NYSE,,
BOSC,BOS BETTER ONLINE SOLUTIONS LTD,NASDAQ,Computer Communications Equipment,3576,1005516,L3,1231,,,Nasdaq,,
BOT,"RoboStrategy, Inc.",NASDAQ,,,2081119,MD,1231,,,Nasdaq,,
BOTJ,BANK OF THE JAMES FINANCIAL GROUP INC,NASDAQ,State Commercial Banks,6022,1275101,VA,1231,,,Nasdaq,,
BOW,Bowhead Specialty Holdings Inc.,NYSE,"Fire, Marine & Casualty Insurance",6331,2002473,DE,1231,,Bowhead Holdings Inc.,NYSE,,
BOX,BOX INC,NYSE,Services-Prepackaged Software,7372,1372612,DE,0131,,BOX.NET INC,"NYSE, OTC",,
BOXL,Boxlight Corp,NASDAQ,Services-Educational Services,8200,1624512,NV,1231,,Logical Choice Corp,Nasdaq,,
BP,BP PLC,NYSE,Petroleum Refining,2911,313807,X0,1231,,BP AMOCO PLC; BRITISH PETROLEUM CO PLC; BRITISH PETROLEUM COMPANY,"NYSE, OTC, OTC",,
BPAC,Blueport Acquisition Ltd,NASDAQ,Blank Checks,6770,2064177,,1231,,,"Nasdaq, Nasdaq, Nasdaq",,
BPOP,"POPULAR, INC.",NASDAQ,State Commercial Banks,6022,763901,,1231,,POPULAR INC; BANPONCE CORP,"Nasdaq, OTC, Nasdaq",,
BPRN,"Princeton Bancorp, Inc.",NASDAQ,State Commercial Banks,6022,1913971,PA,1231,,,Nasdaq,,
BQ,Boqii Holding Ltd,NYSE American,"Retail-Retail Stores, NEC",5990,1815021,E9,0331,,,NYSE,,
BR,"BROADRIDGE FINANCIAL SOLUTIONS, INC.",NYSE,"Services-Business Services, NEC",7389,1383312,DE,0630,,"BROADRIDGE FINANCIAL SOLUTIONS, INC.; BROADRIDGE FINANCIAL SOLUTIONS, LLC; BSG LLC",NYSE,,
BRAG,Bragg Gaming Group Inc.,NASDAQ,Services-Computer Rental & Leasing,7377,1867834,Z4,1231,,,Nasdaq,,
BRAI,Braiin Ltd,NASDAQ,Services-Computer Processing & Data Preparation,7374,2076975,C3,0630,,,Nasdaq,,
BRBI,BRBI BR Partners S.A.,NASDAQ,Finance Services,6199,2058601,D5,1231,,BR Advisory Partners Holdings S.A.,Nasdaq,,
BRBR,"BELLRING BRANDS, INC.",NYSE,Food and Kindred Products,2000,1772016,,0930,,,NYSE,,
BRBS,"BLUE RIDGE BANKSHARES, INC.",NYSE American,State Commercial Banks,6022,842717,VA,1231,,,NYSE,,
BRC,BRADY CORP,NYSE,Miscellaneous Manufacturing Industries,3990,746598,WI,0731,,BRADY W H CO,NYSE,,
BRCB,"Black Rock Coffee Bar, Inc.",NASDAQ,Retail-Eating & Drinking Places,5810,2068577,DE,1231,,,Nasdaq,,
BRCC,BRC Inc.,NYSE,Beverages,2080,1891101,DE,1231,,,NYSE,,
BRFH,BARFRESH FOOD GROUP INC.,NASDAQ,"Canned, Frozen & Preservd Fruit, Veg & Food Specialties",2030,1487197,DE,1231,,Moving Box Inc,Nasdaq,,
BRIA,BrilliA Inc,NYSE American,Apparel & Other Finishd Prods of  Fabrics & Similar Matl,2300,2000230,,,,,NYSE,,
BRID,BRIDGFORD FOODS CORP,NASDAQ,Sausages & Other Prepared Meat Products,2013,14177,CA,1030,,,Nasdaq,,
BRK.A,Berkshire Hathaway Inc. Common Stock,NYSE,,,,,,,,,,
BRK.B,Berkshire Hathaway Inc. New Common Stock,NYSE,,,,,,,,,,
BRKR,BRUKER CORP,NASDAQ,Laboratory Analytical Instruments,3826,1109354,DE,1231,,BRUKER BIOSCIENCES CORP; BRUKER DALTONICS INC,"Nasdaq, Nasdaq",,
BRLS,Borealis Foods Inc.,NASDAQ,Food and Kindred Products,2000,1852973,E9,1231,,Oxus Acquisition Corp.,"Nasdaq, Nasdaq",,
BRLT,"Brilliant Earth Group, Inc.",NASDAQ,"Jewelry, Silverware & Plated Ware",3910,1866757,NV,1231,,,Nasdaq,,
BRN,BARNWELL INDUSTRIES INC,NYSE American,Crude Petroleum & Natural Gas,1311,10048,DE,0930,,,NYSE,,
BRNX,BRENX LTD.,NASDAQ,"Heating Equipment, Except Electric & Warm Air Furnaces",3433,1901215,L3,1231,,Brenmiller Energy Ltd.,Nasdaq,,
BRO,"BROWN & BROWN, INC.",NYSE,"Insurance Agents, Brokers & Service",6411,79282,FL,0119,,"BROWN & BROWN, INC; BROWN & BROWN INC; POE & BROWN INC",NYSE,,
BROS,Dutch Bros Inc.,NYSE,Retail-Eating & Drinking Places,5810,1866581,DE,1231,,,NYSE,,
BRR,"ProCap Financial, Inc.",NASDAQ,Finance Services,6199,2076163,DE,1231,,,"Nasdaq, Nasdaq",,
BRSL,Brightstar Lottery PLC,NYSE,Services-Miscellaneous Amusement & Recreation,7990,1619762,X0,1231,,"International Game Technology PLC; Georgia Worldwide PLC; Georgia Worldwide, PLC",NYSE,,
BRSP,"BrightSpire Capital, Inc.",NYSE,Real Estate Investment Trusts,6798,1717547,MD,1231,,"Colony Credit Real Estate, Inc.; Colony NorthStar Credit Real Estate, Inc.",NYSE,,
BRT,BRT Apartments Corp.,NYSE,Real Estate Investment Trusts,6798,14846,NY,1231,,BRT Apartments Corp.; BRT REALTY TRUST; BRT Realty Trust,NYSE,,
BRTM,B&R Technology Merger Corp. - Class A Ordinary Shares,NASDAQ,,,,,,,,,,
BRTX,"BioRestorative Therapies, Inc.",NASDAQ,"Services-Misc Health & Allied Services, NEC",8090,1505497,NV,1231,,"Stem Cell Assurance, Inc.",Nasdaq,,
BRUN,Boost Run Inc.,NASDAQ,Services-Computer Processing & Data Preparation,7374,2090646,DE,1231,,,"Nasdaq, Nasdaq",,
BRVE,"Braveheart Bio, Inc.",NASDAQ,Pharmaceutical Preparations,2834,2131524,DE,1231,,,Nasdaq,,
BRX,Brixmor Property Group Inc.,NYSE,Real Estate Investment Trusts,6798,1581068,DE,1231,,,NYSE,,
BRZE,"Braze, Inc.",NASDAQ,Services-Prepackaged Software,7372,1676238,DE,0131,,"Appboy, Inc.",Nasdaq,,
BSAC,BANCO SANTANDER CHILE,NYSE,"Commercial Banks, NEC",6029,1027552,F3,1231,,BANK SANTIAGO,NYSE,,
BSBK,Bogota Financial Corp.,NASDAQ,"Savings Institutions, Not Federally Chartered",6036,1787414,,1231,,,Nasdaq,,
BSEM,"BioStem Technologies, Inc.",NASDAQ,"Biological Products, (No Diagnostic Substances)",2836,1658678,FL,1231,,BIOSTEM TECHNOLOGIES,Nasdaq,,
BSET,BASSETT FURNITURE INDUSTRIES INC,NASDAQ,"Wood Household Furniture, (No Upholstered)",2511,10329,VA,1128,,,Nasdaq,,
BSIN,BIG SKY INDUSTRIAL INC.,NASDAQ,Crude Petroleum & Natural Gas,1311,101594,DE,1231,,US ENERGY CORP,Nasdaq,,
BSP,Bending Spoons S.p.A.,NASDAQ,"Services-Computer Programming, Data Processing, Etc.",7370,2004711,L6,,,,Nasdaq,,
BSRR,SIERRA BANCORP,NASDAQ,State Commercial Banks,6022,1130144,CA,1231,,,Nasdaq,,
BSVN,Bank7 Corp.,NASDAQ,State Commercial Banks,6022,1746129,,1231,,,Nasdaq,,
BSX,BOSTON SCIENTIFIC CORP,NYSE,Surgical & Medical Instruments & Apparatus,3841,885725,DE,1231,,,NYSE,,
BSY,BENTLEY SYSTEMS INC,NASDAQ,Services-Prepackaged Software,7372,1031308,DE,1231,,,Nasdaq,,
BTBD,"BT Brands, Inc.",NASDAQ,Retail-Eating  Places,5812,1718224,WY,1231,,"Burger Time,Inc.","Nasdaq, Nasdaq",,
BTBT,"Bit Digital, Inc",NASDAQ,Finance Services,6199,1710350,E9,1231,,Golden Bull Ltd,Nasdaq,,
BTCS,BTCS Inc.,NASDAQ,Finance Services,6199,1436229,NV,1231,,"BTCS Inc.; Bitcoin Shop, Inc.; BITCOIN SHOP INC.; TouchIT Technologies, Inc.; Hotel Management Systems, Inc.",Nasdaq,,
BTCT,BTC Digital Ltd.,NASDAQ,Finance Services,6199,1796514,E9,1231,,Meten Holding Group Ltd.; Meten EdtechX Education Group Ltd.,Nasdaq,,
BTDR,Bitdeer Technologies Group,NASDAQ,Finance Services,6199,1899123,E9,1231,,,Nasdaq,,
BTE,BAYTEX ENERGY CORP.,NYSE,Drilling Oil & Gas Wells,1381,1279495,,,,BAYTEX ENERGY TRUST,NYSE,,
BTG,B2GOLD CORP,NYSE American,Gold and Silver Ores,1040,1429937,A1,1231,,,NYSE,,
BTGO,"BITGO HOLDINGS, INC.",NYSE,Finance Services,6199,1740604,DE,0123,,,NYSE,,
BTI,British American Tobacco p.l.c.,NYSE,Cigarettes,2111,1303523,,,,,"NYSE, OTC",,
BTLN,"Brightline Interactive, Inc./NV",NASDAQ,Services-Computer Programming Services,7371,1854445,NV,0630,,"Glimpse Group, Inc.",Nasdaq,,
BTMD,biote Corp.,NASDAQ,Medicinal Chemicals & Botanical Products,2833,1819253,,1231,,Haymaker Acquisition Corp. III,Nasdaq,,
BTOC,Armlogi Holding Corp.,NASDAQ,Public Warehousing & Storage,4220,1972529,NV,0630,,,Nasdaq,,
BTQ,BTQ Technologies Corp.,NASDAQ,"Services-Computer Programming, Data Processing, Etc.",7370,1821866,A1,1231,,Sonora Gold & Silver Corp.,Nasdaq,,
BTSG,"BrightSpring Health Services, Inc.",NASDAQ,Services-Home Health Care Services,8082,1865782,DE,1231,,,"Nasdaq, Nasdaq",,
BTTC,Black Titan Corp,NASDAQ,Services-Computer Programming Services,7371,2034400,,,,BSKE Ltd.,Nasdaq,,
BTU,PEABODY ENERGY CORP,NYSE,Bituminous Coal & Lignite Surface Mining,1221,1064728,DE,1231,,P&L COAL HOLDINGS CORP,NYSE,,
BUD,Anheuser-Busch InBev SA/NV,NYSE,Malt Beverages,2082,1668717,C9,1231,,Newbelco SA/NV,"NYSE, OTC",,
BUDA,"BUDA JUICE, INC.",NYSE American,Beverages,2080,2079720,DE,1231,,Buda Juice LLC,NYSE,,
BULL,Webull Corp,NASDAQ,"Security Brokers, Dealers & Flotation Companies",6211,1866364,E9,1231,,,"Nasdaq, Nasdaq",,
BUR,Burford Capital Ltd,NYSE,Finance Services,6199,1714174,Y7,1231,,,NYSE,,
BURL,"Burlington Stores, Inc.",NYSE,Retail-Department Stores,5311,1579298,DE,0201,,"Burlington Holdings, Inc.",NYSE,,
BURU,"Nuburu, Inc.",NYSE American,"Miscellaneous Electrical Machinery, Equipment & Supplies",3690,1814215,DE,1231,,Tailwind Acquisition Corp.,"OTC, OTC, OTC",,
BUSE,FIRST BUSEY CORP /NV/,NASDAQ,State Commercial Banks,6022,314489,NV,1231,,,"Nasdaq, Nasdaq",,
BUUU,BUUU Group Ltd,NASDAQ,Services-Amusement & Recreation Services,7900,2047273,,,,,Nasdaq,,
BV,"BrightView Holdings, Inc.",NYSE,Agricultural Services,0700,1734713,DE,0930,,,NYSE,,
BVC,BitVentures Ltd,NASDAQ,Investment Advice,6282,1785680,E9,0630,,Santech Holdings Ltd; Hywin Holdings Ltd.,Nasdaq,,
BVFL,"BV Financial, Inc.",NASDAQ,"Savings Institution, Federally Chartered",6035,1302387,MD,1231,,,Nasdaq,,
BVN,BUENAVENTURA MINING CO INC,NYSE,Metal Mining,1000,1013131,,1231,,,NYSE,,
BVS,Bioventus Inc.,NASDAQ,Surgical & Medical Instruments & Apparatus,3841,1665988,DE,1231,,,Nasdaq,,
BW,"Babcock & Wilcox Enterprises, Inc.",NYSE,"Heating Equipment, Except Electric & Warm Air Furnaces",3433,1630805,DE,1231,,,"NYSE, NYSE",,
BWA,BORGWARNER INC,NYSE,Motor Vehicle Parts & Accessories,3714,908255,DE,1231,,BORG WARNER AUTOMOTIVE INC,NYSE,,
BWB,Bridgewater Bancshares Inc,NASDAQ,State Commercial Banks,6022,1341317,MN,1231,,,"Nasdaq, Nasdaq",,
BWEN,"BROADWIND, INC.",NASDAQ,Nonferrous Foundries (Castings),3360,1120370,DE,1231,,"BROADWIND ENERGY, INC.; TOWER TECH HOLDINGS INC.; BLACKFOOT ENTERPRISES INC",Nasdaq,,
BWFG,"Bankwell Financial Group, Inc.",NASDAQ,State Commercial Banks,6022,1505732,CT,1231,,"BNC Financial Group, Inc.",Nasdaq,,
BWIN,"Baldwin Insurance Group, Inc.",NASDAQ,"Insurance Agents, Brokers & Service",6411,1781755,DE,1231,,"BRP Group, Inc.",Nasdaq,,
BWLP,BW LPG Ltd,NYSE,Transportation Services,4700,1649313,U0,1231,,,NYSE,,
BWMN,Bowman Consulting Group Ltd.,NASDAQ,Services-Management Consulting Services,8742,1847590,,,,,Nasdaq,,
BWMX,"BETTERWARE DE MEXICO, S.A.P.I. DE C.V",NYSE,Retail-Catalog & Mail-Order Houses,5961,1788257,O5,1231,,"Betterware de Mexico, S.A.B. de C.V.; Betterware de Mexico, S.A.B.I. de C.V.; Betterware de Mexico, S.A.P.I. de C.V.; Betterware de Mexico, S.A. de C.V.",NYSE,,
BWXT,"BWX Technologies, Inc.",NYSE,Engines & Turbines,3510,1486957,DE,1231,,Babcock & Wilcox Co,NYSE,,
BX,Blackstone Inc.,NYSE,Investment Advice,6282,1393818,DE,1231,,Blackstone Inc; Blackstone Group Inc; Blackstone Group L.P.,NYSE,,
BXBL,BOXABL Inc.,NASDAQ,General Bldg Contractors - Residential Bldgs,1520,1906364,NV,1231,,FG Merger II Corp.,Nasdaq,,
BXC,BlueLinx Holdings Inc.,NYSE,"Wholesale-Lumber, Plywood, Millwork & Wood Panels",5031,1301787,DE,0102,,,NYSE,,
BXP,"BXP, Inc.",NYSE,Real Estate Investment Trusts,6798,1037540,DE,1231,,BOSTON PROPERTIES INC,NYSE,,
BY,"BYLINE BANCORP, INC.",NYSE,State Commercial Banks,6022,1702750,DE,,,,NYSE,,
BYAH,"Park Ha Biological Technology Co., Ltd.",NASDAQ,"Soap, Detergents, Cleang Preparations, Perfumes, Cosmetics",2840,1986247,F4,1031,,,Nasdaq,,
BYD,BOYD GAMING CORP,NYSE,Hotels & Motels,7011,906553,NV,1231,,,NYSE,,
BYFC,BROADWAY FINANCIAL CORP \DE\,NASDAQ,"Savings Institution, Federally Chartered",6035,1001171,DE,1231,,,Nasdaq,,
BYND,"BEYOND MEAT, INC.",NASDAQ,Food and Kindred Products,2000,1655210,DE,1231,,"Savage River, Inc.",Nasdaq,,
BYRN,Byrna Technologies Inc.,NASDAQ,"Miscellaneous Electrical Machinery, Equipment & Supplies",3690,1354866,DE,1130,,Security Devices International Inc.,Nasdaq,,
BYSI,BeyondSpring Inc.,NASDAQ,Pharmaceutical Preparations,2834,1677940,,1231,,,Nasdaq,,
BZ,Kanzhun Ltd,NASDAQ,"Services-Computer Programming, Data Processing, Etc.",7370,1842827,E9,1231,,,Nasdaq,,
BZAI,"Blaize Holdings, Inc.",NASDAQ,Semiconductors & Related Devices,3674,1871638,DE,1231,,"Blaize Holdings, Inc.; BurTech Acquisition Corp.","Nasdaq, Nasdaq",,
BZFD,"BuzzFeed, Inc.",NASDAQ,"Communications Services, NEC",4899,1828972,DE,1231,,"890 5th Avenue Partners, Inc.","Nasdaq, Nasdaq",,
BZH,BEAZER HOMES USA INC,NYSE,Operative Builders,1531,915840,DE,0930,,,NYSE,,
C,CITIGROUP INC,NYSE,National Commercial Banks,6021,831001,DE,1231,,CITIGROUP INC; TRAVELERS GROUP INC; TRAVELERS INC,"NYSE, NYSE, NYSE",,
CAAP,CORPORACION AMERICA AIRPORTS S.A.,NYSE,"Airports, Flying Fields & Airport Terminal Services",4581,1717393,N4,1231,,,NYSE,,
CAAS,"China Automotive Systems, Inc.",NASDAQ,Motor Vehicle Parts & Accessories,3714,2037400,E9,1231,,"China Automotive Systems Holdings, Inc.",Nasdaq,,
CABA,"Cabaletta Bio, Inc.",NASDAQ,"Biological Products, (No Diagnostic Substances)",2836,1759138,DE,1231,,,Nasdaq,,
CABO,"Cable One, Inc.",NYSE,Cable & Other Pay Television Services,4841,1632127,DE,1231,,,NYSE,,
CABR,"Caring Brands, Inc.",NASDAQ,"Perfumes, Cosmetics & Other Toilet Preparations",2844,2020737,NV,1231,,,Nasdaq,,
CAC,CAMDEN NATIONAL CORP,NASDAQ,National Commercial Banks,6021,750686,ME,1231,,CAMDEN NATIONAL CORP,Nasdaq,,
CACC,CREDIT ACCEPTANCE CORP,NASDAQ,Personal Credit Institutions,6141,885550,MI,1231,,CREDIT ACCEPTANCE CORPORATION,Nasdaq,,
CACI,CACI INTERNATIONAL INC /DE/,NYSE,Services-Computer Integrated Systems Design,7373,16058,DE,0630,,CACI INTERNATIONAL INC /DE/,NYSE,,
CADL,"Candel Therapeutics, Inc.",NASDAQ,"Biological Products, (No Diagnostic Substances)",2836,1841387,DE,1231,,,Nasdaq,,
CAE,CAE INC,NASDAQ,"Miscellaneous Electrical Machinery, Equipment & Supplies",3690,1173382,,,,,Nasdaq,,
CAES,"Cantor Equity Partners VII, Inc.",NASDAQ,Blank Checks,6770,2087965,E9,1231,,,Nasdaq,,
CAG,CONAGRA BRANDS INC.,NYSE,Food and Kindred Products,2000,23217,DE,0530,,CONAGRA FOODS INC /DE/; CONAGRA INC /DE/,NYSE,,
CAH,CARDINAL HEALTH INC,NYSE,"Wholesale-Drugs, Proprietaries & Druggists' Sundries",5122,721371,OH,0630,,CARDINAL HEALTH INC; CARDINAL DISTRIBUTION INC,NYSE,,
CAI,"Caris Life Sciences, Inc.",NASDAQ,Services-Medical Laboratories,8071,2019410,TX,1231,,,Nasdaq,,
CAKE,CHEESECAKE FACTORY INC,NASDAQ,Retail-Eating  Places,5812,887596,DE,1230,,CHEESECAKE FACTORY INCORPORATED,Nasdaq,,
CAL,CALERES INC,NYSE,"Footwear, (No Rubber)",3140,14707,NY,0130,,BROWN SHOE CO INC; BROWN SHOE CO INC/; BROWN GROUP INC,NYSE,,
CALC,"CalciMedica, Inc.",NASDAQ,Pharmaceutical Preparations,2834,1534133,DE,1231,,"CalciMedica, Inc. /DE/; GRAYBUG VISION, INC.; GRAYBUG, Inc.; GRAYBUG LLC",Nasdaq,,
CALM,CAL-MAINE FOODS INC,NASDAQ,Agricultural Prod-Livestock & Animal Specialties,0200,16160,DE,0530,,CAL MAINE FOODS INC,Nasdaq,,
CALX,"CALIX, INC",NYSE,"Communications Services, NEC",4899,1406666,,1231,,CALIX NETWORKS INC,NYSE,,
CALY,Callaway Golf Co,NYSE,"Sporting & Athletic Goods, NEC",3949,837465,DE,1231,,Topgolf Callaway Brands Corp.; CALLAWAY GOLF; CALLAWAY GOLF CO /CA; CALLAWAY GOLF COMPANY,NYSE,,
CAMP,Camp4 Therapeutics Corp,NASDAQ,Pharmaceutical Preparations,2834,1736730,DE,1231,,,Nasdaq,,
CAMT,CAMTEK LTD,NASDAQ,Optical Instruments & Lenses,3827,1109138,L3,1231,,,Nasdaq,,
CANG,Cango Inc.,NYSE,Finance Services,6199,1725123,E9,1231,,,NYSE,,
CAPR,"CAPRICOR THERAPEUTICS, INC.",NASDAQ,Pharmaceutical Preparations,2834,1133869,DE,1231,,"Nile Therapeutics, Inc.; SMI PRODUCTS INC",Nasdaq,,
CAPS,Capstone Holding Corp.,NASDAQ,Wholesale-Lumber & Other Construction Materials,5030,887151,DE,1231,,Capstone Therapeutics Corp.; ORTHOLOGIC CORP; ORTHOLOGIC CORPORATION,Nasdaq,,
CAR,"AVIS BUDGET GROUP, INC.",NASDAQ,Services-Auto Rental & Leasing (No Drivers),7510,723612,DE,1231,,CENDANT CORP; CUC INTERNATIONAL INC /DE/,Nasdaq,,
CARE,"Carter Bankshares, Inc.",NASDAQ,National Commercial Banks,6021,1829576,VA,1231,,,Nasdaq,,
CARG,"CarGurus, Inc.",NASDAQ,Services-Computer Processing & Data Preparation,7374,1494259,DE,1231,,Cargurus LLC,Nasdaq,,
CARL,"CARLSMED, INC.",NASDAQ,Surgical & Medical Instruments & Apparatus,3841,1794546,DE,1231,,,Nasdaq,,
CARR,CARRIER GLOBAL Corp,NYSE,Air-Cond & Warm Air Heatg Equip & Comm & Indl Refrig Equip,3585,1783180,DE,1231,,,NYSE,,
CARS,Cars.com Inc.,NYSE,Services-Computer Processing & Data Preparation,7374,1683606,DE,1231,,,NYSE,,
CART,Maplebear Inc.,NASDAQ,"Services-Business Services, NEC",7389,1579091,DE,1231,,,Nasdaq,,
CASH,"PATHWARD FINANCIAL, INC.",NASDAQ,National Commercial Banks,6021,907471,DE,0930,,META FINANCIAL GROUP INC; FIRST MIDWEST FINANCIAL INC,Nasdaq,,
CASS,CASS INFORMATION SYSTEMS INC,NASDAQ,"Services-Business Services, NEC",7389,708781,MO,1231,,CASS COMMERCIAL CORP,Nasdaq,,
CAST,"FreeCast, Inc.",NASDAQ,Services-Computer Processing & Data Preparation,7374,1633369,FL,0630,,,Nasdaq,,
CASY,CASEYS GENERAL STORES INC,NASDAQ,Retail-Auto Dealers & Gasoline Stations,5500,726958,IA,0430,,,Nasdaq,,
CAT,CATERPILLAR INC,NYSE,Construction Machinery & Equip,3531,18230,DE,1231,,,NYSE,,
CATO,CATO CORP,NYSE,Retail-Women's Clothing Stores,5621,18255,DE,0130,,,NYSE,,
CATX,"Perspective Therapeutics, Inc.",NYSE American,Pharmaceutical Preparations,2834,728387,DE,1231,,"IsoRay, Inc.; Isoray, Inc.; CENTURY PARK PICTURES CORP",NYSE,,
CATY,CATHAY GENERAL BANCORP,NASDAQ,State Commercial Banks,6022,861842,DE,1231,,CATHAY BANCORP INC,Nasdaq,,
CAVA,"CAVA GROUP, INC.",NYSE,Retail-Eating  Places,5812,1639438,DE,1227,,,NYSE,,
CB,Chubb Ltd,NYSE,"Fire, Marine & Casualty Insurance",6331,896159,V8,1231,,ACE LTD; ACE Ltd,NYSE,,
CBAN,COLONY BANKCORP INC,NYSE,State Commercial Banks,6022,711669,GA,1231,,,NYSE,,
CBAT,CBAK Energy Technology Ltd,NASDAQ,"Miscellaneous Electrical Machinery, Equipment & Supplies",3690,2086841,E9,1231,,,Nasdaq,,
CBC,"Central Bancompany, Inc.",NASDAQ,,,2065601,MO,1231,,,Nasdaq,,
CBFV,"CB Financial Services, Inc.",NASDAQ,State Commercial Banks,6022,1605301,,1231,,,Nasdaq,,
CBIO,"CRESCENT BIOPHARMA, INC.",NASDAQ,Pharmaceutical Preparations,2834,1253689,E9,1231,,GLYCOMIMETICS INC,Nasdaq,,
CBK,"Commercial Bancgroup, Inc.",NASDAQ,State Commercial Banks,6022,1981546,TN,1231,,,Nasdaq,,
CBL,CBL & ASSOCIATES PROPERTIES INC,NYSE,Real Estate Investment Trusts,6798,910612,DE,1231,,,NYSE,,
CBLL,"Ceribell, Inc.",NASDAQ,Electromedical & Electrotherapeutic Apparatus,3845,1861107,DE,1231,,,Nasdaq,,
CBNA,CHAIN BRIDGE BANCORP INC,NYSE,National Commercial Banks,6021,1392272,DE,1231,,,NYSE,,
CBNK,Capital Bancorp Inc,NASDAQ,National Commercial Banks,6021,1419536,MD,1231,,,Nasdaq,,
CBOE,"Cboe Global Markets, Inc.",Cboe BZX,"Security & Commodity Brokers, Dealers, Exchanges & Services",6200,1374310,DE,1231,,"CBOE Holdings, Inc.",CBOE,,
CBRE,"CBRE GROUP, INC.",NYSE,Real Estate,6500,1138118,DE,1231,,CB RICHARD ELLIS GROUP INC; CB RICHARD ELLIS SERVICES INC; CBRE HOLDING INC,NYSE,,
CBRL,"CRACKER BARREL OLD COUNTRY STORE, INC",NASDAQ,Retail-Eating  Places,5812,1067294,TN,0731,,CBRL GROUP INC,Nasdaq,,
CBRS,Cerebras Systems Inc.,NASDAQ,Semiconductors & Related Devices,3674,2021728,DE,1231,,,Nasdaq,,
CBSH,COMMERCE BANCSHARES INC /MO/,NASDAQ,State Commercial Banks,6022,22356,MO,1231,,,Nasdaq,,
CBT,CABOT CORP,NYSE,Miscellaneous Chemical Products,2890,16040,DE,0930,,CABOT CORP,NYSE,,
CBU,"COMMUNITY FINANCIAL SYSTEM, INC.",NYSE,National Commercial Banks,6021,723188,DE,1231,,"COMMUNITY BANK SYSTEM, INC.; COMMUNITY BANK NA, a subsidiary of Community Bank System Inc; COMMUNITY BANK NA, a subsidiary of Community Bank System Inc.; COMMUNITY BANK SYSTEM INC",NYSE,,
CBUS,"Cibus, Inc.",NASDAQ,Agricultural Chemicals,2870,1705843,DE,1231,,"Calyxt, Inc.",Nasdaq,,
CBZ,"CBIZ, Inc.",NYSE,"Services-Business Services, NEC",7389,944148,DE,1231,,CENTURY BUSINESS SERVICES INC; INTERNATIONAL ALLIANCE SERVICES INC; REPUBLIC ENVIRONMENTAL SYSTEMS INC,NYSE,,
CC,Chemours Co,NYSE,Chemicals & Allied Products,2800,1627223,DE,1231,,"Chemours Company, LLC",NYSE,,
CCAP,"Crescent Capital BDC, Inc.",NASDAQ,,,1633336,MD,1231,,,Nasdaq,,
CCB,COASTAL FINANCIAL CORP,NASDAQ,State Commercial Banks,6022,1437958,WA,1231,,,Nasdaq,,
CCBG,CAPITAL CITY BANK GROUP INC,NASDAQ,State Commercial Banks,6022,726601,FL,1231,,,Nasdaq,,
CCC,CCC Intelligent Solutions Holdings Inc.,NASDAQ,Services-Prepackaged Software,7372,1818201,DE,1231,,Dragoneer Growth Opportunities Corp.,Nasdaq,,
CCCC,"C4 Therapeutics, Inc.",NASDAQ,"Biological Products, (No Diagnostic Substances)",2836,1662579,DE,1231,,,Nasdaq,,
CCCT,Columbus Circle Capital Corp III,NASDAQ,Blank Checks,6770,2123471,E9,1231,,,"Nasdaq, Nasdaq, Nasdaq",,
CCEC,Capital Clean Energy Carriers Corp.,NASDAQ,Deep Sea Foreign Transportation of  Freight,4412,1392326,,,,Capital Product Partners L.P.,Nasdaq,,
CCEL,CRYO CELL INTERNATIONAL INC,NYSE American,"Services-Misc Health & Allied Services, NEC",8090,862692,DE,1130,,CRYO CELL INTERNATIONAL INC,NYSE,,
CCEP,COCA-COLA EUROPACIFIC PARTNERS plc,NASDAQ,Bottled & Canned Soft Drinks & Carbonated Waters,2086,1650107,X0,1231,,COCA-COLA EUROPEAN PARTNERS plc; COCA-COLA EUROPEAN PARTNERS LTD; Spark Orange Ltd,Nasdaq,,
CCG,Cheche Group Inc.,NASDAQ,"Insurance Agents, Brokers & Service",6411,1965473,,,,,"Nasdaq, Nasdaq",,
CCHH,CCH Holdings Ltd,NASDAQ,Retail-Eating  Places,5812,2074123,E9,1231,,,Nasdaq,,
CCI,CROWN CASTLE INC.,NYSE,Real Estate Investment Trusts,6798,1051470,DE,1231,,CROWN CASTLE INTERNATIONAL CORP,NYSE,,
CCJ,CAMECO CORP,NYSE,Miscellaneous Metal Ores,1090,1009001,,1231,,,NYSE,,
CCK,"CROWN HOLDINGS, INC.",NYSE,Metal Cans,3411,1219601,PA,1231,,CROWN HOLDINGS INC,NYSE,,
CCL,Carnival Corp Ltd.,NYSE,Water Transportation,4400,815097,D0,1130,,CARNIVAL CORP; CARNIVAL CRUISE LINES INC,NYSE,,
CCLD,"CareCloud, Inc.",NASDAQ,Services-Prepackaged Software,7372,1582982,DE,1231,,"MTBC, Inc.; MEDICAL TRANSCRIPTION BILLING, CORP",Nasdaq,,
CCNE,CNB FINANCIAL CORP/PA,NASDAQ,State Commercial Banks,6022,736772,PA,1231,,,"Nasdaq, Nasdaq",,
CCO,"Clear Channel Outdoor Holdings, Inc.",NYSE,Services-Advertising,7310,1334978,,1231,,,NYSE,,
CCOI,"COGENT COMMUNICATIONS HOLDINGS, INC.",NASDAQ,"Communications Services, NEC",4899,1158324,DE,1231,,COGENT COMMUNICATIONS GROUP INC,Nasdaq,,
CCS,"Century Communities, Inc.",NYSE,Operative Builders,1531,1576940,DE,1231,,,NYSE,,
CCSI,"Consensus Cloud Solutions, Inc.",NASDAQ,Services-Prepackaged Software,7372,1866633,DE,1231,,,Nasdaq,,
CCTG,CCSC Technology International Holdings Ltd,NASDAQ,Electric Lighting & Wiring Equipment,3640,1931717,E9,0331,,,Nasdaq,,
CCU,UNITED BREWERIES CO INC,NYSE,Malt Beverages,2082,888746,,1231,,UNITED BREWERIES COMPANY INC,NYSE,,
CCXI,Churchill Capital Corp XI,NASDAQ,"General Industrial Machinery & Equipment, NEC",3569,2074973,E9,1231,,,"Nasdaq, Nasdaq, Nasdaq",,
CCZ,COMCAST CORP,NYSE,Cable & Other Pay Television Services,4841,1166691,PA,1231,,AT&T COMCAST CORP,"Nasdaq, NYSE",,
CD,Chaince Digital Holdings Inc.,NASDAQ,Finance Services,6199,1527762,,,,Mercurity Fintech Holding Inc.; JMU Ltd; Wowo Ltd,Nasdaq,,
CDE,"Coeur Mining, Inc.",NYSE,Gold and Silver Ores,1040,215466,DE,1231,,COEUR D ALENE MINES CORP,NYSE,,
CDIO,"Cardio Diagnostics Holdings, Inc.",NASDAQ,In Vitro & In Vivo Diagnostic Substances,2835,1870144,DE,1231,,Mana Capital Acquisition Corp.,"Nasdaq, Nasdaq",,
CDLX,"Cardlytics, Inc.",NASDAQ,"Services-Computer Programming, Data Processing, Etc.",7370,1666071,DE,1231,,,Nasdaq,,
CDNA,"CareDx, Inc.",NASDAQ,Services-Medical Laboratories,8071,1217234,DE,1231,,"XDx, Inc.; EXPRESSION DIAGNOSTICS INC",Nasdaq,,
CDNL,Cardinal Infrastructure Group Inc.,NASDAQ,Heavy Construction Other Than Bldg Const - Contractors,1600,2079999,DE,1231,,Civil Infrastructure Group Inc.,Nasdaq,,
CDNS,CADENCE DESIGN SYSTEMS INC,NASDAQ,Services-Prepackaged Software,7372,813672,DE,1231,,,Nasdaq,,
CDP,COPT DEFENSE PROPERTIES,NYSE,Real Estate Investment Trusts,6798,860546,MD,1231,,CORPORATE OFFICE PROPERTIES TRUST; CORPORATE OFFICE PROPERTIES TRUST INC; ROYALE INVESTMENTS INC,NYSE,,
CDRE,"Cadre Holdings, Inc.",NYSE,"Orthopedic, Prosthetic & Surgical Appliances & Supplies",3842,1860543,DE,1231,,,NYSE,,
CDRO,"Codere Online Luxembourg, S.A.",NASDAQ,Services-Miscellaneous Amusement & Recreation,7990,1866782,N4,1231,,,"Nasdaq, Nasdaq",,
CDT,CDT Equity Inc.,NASDAQ,Pharmaceutical Preparations,2834,1896212,DE,1231,,CONDUIT PHARMACEUTICALS INC.; Murphy Canyon Acquisition Corp.,"Nasdaq, Nasdaq",,
CDTG,CDT Environmental Technology Investment Holdings Ltd,NASDAQ,Sanitary Services,4950,1793895,E9,1231,,CDT Enviromental Technology Investment Holdings Ltd,Nasdaq,,
CDW,CDW Corp,NASDAQ,Retail-Catalog & Mail-Order Houses,5961,1402057,DE,1231,,"VH Holdings, Inc.",Nasdaq,,
CDXS,"CODEXIS, INC.",NASDAQ,Industrial Organic Chemicals,2860,1200375,DE,1231,,CODEXIS INC,Nasdaq,,
CDZI,CADIZ INC,NASDAQ,Water Supply,4941,727273,DE,1231,,CADIZ LAND CO INC,"Nasdaq, Nasdaq",,
CE,Celanese Corp,NYSE,"Plastic Material, Synth Resin/Rubber, Cellulos (No Glass)",2820,1306830,DE,1231,,,NYSE,,
CECO,CECO ENVIRONMENTAL CORP,NASDAQ,Industrial & Commercial Fans & Blowers & Air Purifing Equip,3564,3197,DE,1231,,,Nasdaq,,
CEG,Constellation Energy Corp,NASDAQ,Electric Services,4911,1868275,PA,1231,,"Constellation Newholdco, Inc.",Nasdaq,,
CELC,Celcuity Inc.,NASDAQ,Services-Medical Laboratories,8071,1603454,DE,1231,,Celcuity LLC,Nasdaq,,
CELH,"Celsius Holdings, Inc.",NASDAQ,Bottled & Canned Soft Drinks & Carbonated Waters,2086,1341766,NV,1231,,VECTOR VENTURES CORP.,Nasdaq,,
CELU,Celularity Inc,NASDAQ,Pharmaceutical Preparations,2834,1752828,DE,1231,,GX Acquisition Corp.,Nasdaq,,
CELZ,"CREATIVE MEDICAL TECHNOLOGY HOLDINGS, INC.",NASDAQ,"Biological Products, (No Diagnostic Substances)",2836,1187953,NV,1231,,JOLLEY MARKETING INC,Nasdaq,,
CENN,Cenntro Inc.,NASDAQ,Motor Vehicles & Passenger Car Bodies,3711,1707919,NV,1231,,CENNTRO ELECTRIC GROUP Ltd; NAKED BRAND GROUP Ltd; BENDON GROUP HOLDINGS LTD,Nasdaq,,
CENT,CENTRAL GARDEN & PET CO,NASDAQ,Wholesale-Miscellaneous Nondurable Goods,5190,887733,DE,0927,,CENTRAL GARDEN & PET COMPANY,"Nasdaq, Nasdaq",,
CENTA,CENTRAL GARDEN & PET CO,NASDAQ,Wholesale-Miscellaneous Nondurable Goods,5190,887733,DE,0927,,CENTRAL GARDEN & PET COMPANY,"Nasdaq, Nasdaq",,
CENX,CENTURY ALUMINUM CO,NASDAQ,Primary Production of  Aluminum,3334,949157,DE,1231,,,Nasdaq,,
CEPF,"Cantor Equity Partners IV, Inc.",NASDAQ,Blank Checks,6770,2034267,E9,1231,,,Nasdaq,,
CEPL,"Capstone Energy Plus, Inc.",NASDAQ,Engines & Turbines,3510,1009759,DE,0331,,"Capstone Green Energy Holdings, Inc.; Capstone Green Energy Corp; CAPSTONE TURBINE CORP; CAPSTONE TURBINE Corp",Nasdaq,,
CEPO,"Cantor Equity Partners I, Inc.",NASDAQ,Blank Checks,6770,2027708,E9,1231,,,Nasdaq,,
CEPS,"Cantor Equity Partners VI, Inc.",NASDAQ,Blank Checks,6770,2089536,E9,1231,,,Nasdaq,,
CEPV,"Cantor Equity Partners V, Inc.",NASDAQ,Blank Checks,6770,2034266,E9,1231,,,Nasdaq,,
CERS,CERUS CORP,NASDAQ,Surgical & Medical Instruments & Apparatus,3841,1020214,DE,1231,,,Nasdaq,,
CERT,"Certara, Inc.",NASDAQ,Services-Prepackaged Software,7372,1827090,DE,1231,,,Nasdaq,,
CET,CENTRAL SECURITIES CORP,NYSE American,,,18748,DE,1231,,,NYSE,,
CETX,CEMTREX INC,NASDAQ,Construction - Special Trade Contractors,1700,1435064,DE,0930,,,"Nasdaq, OTC",,
CETY,"Clean Energy Technologies, Inc.",NASDAQ,Natural Gas Distribution,4924,1329606,NV,1231,,Probe Manufacturing Inc,Nasdaq,,
CEVA,CEVA INC,NASDAQ,"Services-Computer Programming, Data Processing, Etc.",7370,1173489,DE,1231,,CEVA  INC; PARTHUSCEVA INC,Nasdaq,,
CF,"CF Industries Holdings, Inc.",NYSE,Agricultural Chemicals,2870,1324404,DE,1231,,,NYSE,,
CFBK,CF BANKSHARES INC.,NASDAQ,National Commercial Banks,6021,1070680,DE,1231,,CENTRAL FEDERAL CORP; GRAND CENTRAL FINANCIAL CORP,Nasdaq,,
CFFI,C & F FINANCIAL CORP,NASDAQ,State Commercial Banks,6022,913341,VA,1231,,,Nasdaq,,
CFFN,"Capitol Federal Financial, Inc.",NASDAQ,"Savings Institution, Federally Chartered",6035,1490906,MD,0930,,Capitol Federal Financial Inc,Nasdaq,,
CFG,CITIZENS FINANCIAL GROUP INC/RI,NYSE,State Commercial Banks,6022,759944,DE,1231,,CITIZENS FINANCIAL GROUP INC/DE,"NYSE, NYSE, NYSE, NYSE",,
CFR,"CULLEN/FROST BANKERS, INC.",NYSE,National Commercial Banks,6021,39263,TX,1231,,CULLEN FROST BANKERS INC,"NYSE, NYSE",,
CG,Carlyle Group Inc.,NASDAQ,Investment Advice,6282,1527166,DE,1231,,Carlyle Group L.P.,"Nasdaq, Nasdaq",,
CGAU,Centerra Gold Inc.,NYSE,Gold and Silver Ores,1040,1854640,Z4,1231,,,NYSE,,
CGC,Canopy Growth Corp,NASDAQ,Medicinal Chemicals & Botanical Products,2833,1737927,Z4,0331,,,Nasdaq,,
CGCF,Cartesian Growth Corporation IV - Class A Ordinary Shares,NASDAQ,,,,,,,,,,
CGEM,"Cullinan Therapeutics, Inc.",NASDAQ,"Biological Products, (No Diagnostic Substances)",2836,1789972,DE,1231,,"Cullinan Oncology, Inc.; Cullinan Management, Inc.; Cullinan Oncology, LLC",Nasdaq,,
CGEN,COMPUGEN LTD,NASDAQ,"Biological Products, (No Diagnostic Substances)",2836,1119774,L3,1231,,,Nasdaq,,
CGNT,Cognyte Software Ltd.,NASDAQ,Services-Prepackaged Software,7372,1824814,L3,0131,,,Nasdaq,,
CGNX,COGNEX CORP,NASDAQ,"Industrial Instruments For Measurement, Display, and Control",3823,851205,MA,1231,,,Nasdaq,,
CGON,"CG Oncology, Inc.",NASDAQ,"Biological Products, (No Diagnostic Substances)",2836,1991792,DE,1231,,,Nasdaq,,
CGTL,Creative Global Technology Holdings Ltd,NASDAQ,Wholesale-Computers & Peripheral Equipment & Software,5045,1967822,E9,0930,,,Nasdaq,,
CGTX,COGNITION THERAPEUTICS INC,NASDAQ,"Biological Products, (No Diagnostic Substances)",2836,1455365,DE,1231,,COGNITION THERAPUTICS INC,Nasdaq,,
CHAI,"Core AI Holdings, Inc.",NASDAQ,Radiotelephone Communications,4812,1649009,A1,1231,,Siyata Mobile Inc.; SIYATA MOBILE INC,Nasdaq,,
CHCI,"Comstock Holding Companies, Inc.",NASDAQ,Real Estate,6500,1299969,DE,1231,,"Comstock Homebuilding Companies, Inc.",Nasdaq,,
CHCO,CITY HOLDING CO,NASDAQ,National Commercial Banks,6021,726854,WV,1231,,,Nasdaq,,
CHD,CHURCH & DWIGHT CO INC /DE/,NYSE,"Soap, Detergents, Cleang Preparations, Perfumes, Cosmetics",2840,313927,DE,1231,,,NYSE,,
CHDN,Churchill Downs Inc,NASDAQ,"Services-Racing, Including Track Operation",7948,20212,KY,1231,,,Nasdaq,,
CHE,CHEMED CORP,NYSE,Services-Home Health Care Services,8082,19584,DE,1231,,ROTO-ROOTER INC,NYSE,,
CHEC,Chenghe Acquisition III Co.,NASDAQ,Blank Checks,6770,2047177,E9,1231,,,"Nasdaq, Nasdaq, Nasdaq",,
CHEF,"Chefs' Warehouse, Inc.",NASDAQ,"Wholesale-Groceries, General Line",5141,1517175,DE,1226,,"Chefs' Warehouse Holdings, LLC",Nasdaq,,
CHGA,Change Agents Corporation.,NASDAQ,Services-Computer Programming Services,7371,1630212,DE,1231,,Avalon Globocare Corp.; Avalon GloboCare Corp.; GLOBAL TECHNOLOGIES CORP,Nasdaq,,
CHGG,"CHEGG, INC",NYSE,Services-Educational Services,8200,1364954,DE,1231,,CHEGG INC,NYSE,,
CHH,CHOICE HOTELS INTERNATIONAL INC /DE,NYSE,Hotels & Motels,7011,1046311,DE,1231,,SUNBURST HOSPITALITY CORP; CHOICE HOTELS INTERNATIONAL INC/; CHOICE HOTELS FRANCHISING INC,NYSE,,
CHKP,CHECK POINT SOFTWARE TECHNOLOGIES LTD,NASDAQ,Services-Prepackaged Software,7372,1015922,,1231,,,Nasdaq,,
CHMG,CHEMUNG FINANCIAL CORP,NASDAQ,State Commercial Banks,6022,763563,NY,1231,,,Nasdaq,,
CHMI,Cherry Hill Mortgage Investment Corp,NYSE,Real Estate Investment Trusts,6798,1571776,MD,1231,,,"NYSE, NYSE, NYSE",,
CHNR,CHINA NATURAL RESOURCES INC,NASDAQ,Gold and Silver Ores,1040,793628,D8,1231,,CHINA RESOURCES DEVELOPMENT INC,Nasdaq,,
CHOW,ChowChow Cloud International Holdings Ltd,NYSE American,Services-Prepackaged Software,7372,2041829,E9,1231,,,NYSE,,
CHPT,"ChargePoint Holdings, Inc.",NYSE,"Miscellaneous Electrical Machinery, Equipment & Supplies",3690,1777393,DE,0131,,Switchback Energy Acquisition Corp,NYSE,,
CHR,"Cheer Holding, Inc.",NASDAQ,Services-Computer Processing & Data Preparation,7374,1738758,E9,1231,,GLORY STAR NEW MEDIA GROUP HOLDINGS Ltd; TKK SYMPHONY ACQUISITION Corp,Nasdaq,,
CHRD,Chord Energy Corp,NASDAQ,Crude Petroleum & Natural Gas,1311,1486159,DE,1231,,Oasis Petroleum Inc.,Nasdaq,,
CHRN,ChronoScale Holdings Corp,NASDAQ,"General Industrial Machinery & Equipment, NEC",3569,1549084,NV,1231,,"ChronoScale Corp; EKSO BIONICS HOLDINGS, INC.; PN Med Group Inc",Nasdaq,,
CHRS,"Coherus Oncology, Inc.",NASDAQ,"Biological Products, (No Diagnostic Substances)",2836,1512762,DE,1231,,"Coherus BioSciences, Inc.; BioGenerics, Inc.",Nasdaq,,
CHRW,"C. H. ROBINSON WORLDWIDE, INC.",NASDAQ,Arrangement of  Transportation of  Freight & Cargo,4731,1043277,DE,1231,,C H ROBINSON WORLDWIDE INC,Nasdaq,,
CHSN,Chanson International Holding,NASDAQ,Food and Kindred Products,2000,1825349,E9,1231,,RON Holding Ltd,Nasdaq,,
CHT,CHUNGHWA TELECOM CO LTD,NYSE,Radiotelephone Communications,4812,1132924,,,,,NYSE,,
CHTR,"CHARTER COMMUNICATIONS, INC. /MO/",NASDAQ,Cable & Other Pay Television Services,4841,1091667,,1231,,CHARTER COMMUNICATIONS INC /MO/,"Nasdaq, Nasdaq",,
CHWY,"Chewy, Inc.",NYSE,Retail-Catalog & Mail-Order Houses,5961,1766502,DE,0201,,,NYSE,,
CHYM,"Chime Financial, Inc.",NASDAQ,Finance Services,6199,1795586,DE,1231,,,Nasdaq,,
CI,Cigna Group,NYSE,Hospital & Medical Service Plans,6324,1739940,DE,1231,,"Cigna Corp; Halfmoon Parent, Inc.",NYSE,,
CIA,"CITIZENS, INC.",NYSE,Life Insurance,6311,24090,CO,1231,,CITIZENS INC,NYSE,,
CIEN,CIENA CORP,NYSE,Telephone & Telegraph Apparatus,3661,936395,MD,1031,,,NYSE,,
CIFR,Cipher Digital Inc.,NASDAQ,Finance Services,6199,1819989,,1231,,Cipher Mining Inc.; GOOD WORKS ACQUISITION CORP.,Nasdaq,,
CIGI,Colliers International Group Inc.,NASDAQ,Real Estate,6500,913353,A6,1231,,FIRSTSERVICE CORP,Nasdaq,,
CIGL,Concorde International Group Ltd.,NASDAQ,"Services-Detective, Guard & Armored Car Services",7381,2001794,D8,1231,,,Nasdaq,,
CIIT,"Tianci International, Inc.",NASDAQ,Computer Communications Equipment,3576,1557798,NV,0731,,"Steampunk Wizards, Inc.; FREEDOM PETROLEUM INC.",Nasdaq,,
CIM,CHIMERA INVESTMENT CORP,NYSE,Real Estate Investment Trusts,6798,1409493,NY,1231,,,"NYSE, NYSE, NYSE, NYSE, NYSE, NYSE, NYSE, NYSE",,
CINF,CINCINNATI FINANCIAL CORP,NASDAQ,"Fire, Marine & Casualty Insurance",6331,20286,OH,1231,,,Nasdaq,,
CING,Cingulate Inc.,NASDAQ,Pharmaceutical Preparations,2834,1862150,DE,1231,,Cingulate Inc.,"Nasdaq, Nasdaq",,
CINT,CI&T Inc,NYSE,Services-Computer Programming Services,7371,1868995,E9,1231,,,NYSE,,
CION,CION Investment Corp,NYSE,,,1534254,MD,1231,,C&#298;ON Investment Corp,"NYSE, NYSE, NYSE",,
CIRC,CIRCLE8 GROUP INC,NASDAQ,Services-Help Supply Services,7363,1605888,DE,1231,,"ATLANTIC INTERNATIONAL CORP.; SeqLL, Inc.",Nasdaq,,
CISO,"CISO Global, Inc.",NASDAQ,Services-Management Consulting Services,8742,1777319,DE,1231,,CERBERUS CYBER SENTINEL CORP,Nasdaq,,
CISS,C3is Inc.,NASDAQ,Deep Sea Foreign Transportation of  Freight,4412,1951067,1T,1231,,,Nasdaq,,
CITR,CitroTech Inc.,NYSE American,Chemicals & Allied Products,2800,894556,WY,1231,,"General Enterprise Ventures, Inc.; GENERAL ENTERTAINMENT VENTURES, INC; GENERAL ENVIRONMENTAL MANAGEMENT, INC; ULTRONICS CORP",NYSE,,
CIVB,"CIVISTA BANCSHARES, INC.",NASDAQ,State Commercial Banks,6022,944745,OH,1231,,FIRST CITIZENS BANC CORP /OH,Nasdaq,,
CIX,COMPX INTERNATIONAL INC,NYSE American,"Cutlery, Handtools & General Hardware",3420,1049606,DE,1231,,,NYSE,,
CJMB,CALLAN JMB INC.,NASDAQ,"Services-Business Services, NEC",7389,2032545,NV,1231,,,Nasdaq,,
CKX,"CKX LANDS, INC.",NYSE American,Crude Petroleum & Natural Gas,1311,352955,LA,1231,,CKX Lands Inc; CALCASIEU REAL ESTATE & OIL CO INC,NYSE,,
CL,COLGATE PALMOLIVE CO,NYSE,"Perfumes, Cosmetics & Other Toilet Preparations",2844,21665,DE,1231,,COLGATE PALMOLIVE CO,NYSE,,
CLAR,Clarus Corp,NASDAQ,"Sporting & Athletic Goods, NEC",3949,913277,DE,1231,,"Black Diamond, Inc.; SQL FINANCIALS INTERNATIONAL INC /DE",Nasdaq,,
CLB,Core Laboratories Inc. /DE/,NYSE,"Oil & Gas Field Services, NEC",1389,1958086,DE,1231,,Core Laboratories Luxembourg S.A.,NYSE,,
CLBK,"Columbia Financial, Inc./MD/",NASDAQ,"Savings Institution, Federally Chartered",6035,2115119,MD,1231,,,Nasdaq,,
CLBT,Cellebrite DI Ltd.,NASDAQ,Services-Prepackaged Software,7372,1854587,,1231,,,Nasdaq,,
CLDI,"Calidi Biotherapeutics, Inc.",NYSE American,"Biological Products, (No Diagnostic Substances)",2836,1855485,DE,1231,,"Calidi Biotherapeutics, Inc.; First Light Acquisition Group, Inc.","NYSE, OTC",,
CLDX,"Celldex Therapeutics, Inc.",NASDAQ,In Vitro & In Vivo Diagnostic Substances,2835,744218,DE,1231,,AVANT IMMUNOTHERAPEUTICS INC; T CELL SCIENCES INC,Nasdaq,,
CLF,CLEVELAND-CLIFFS INC.,NYSE,Metal Mining,1000,764065,OH,1231,,CLIFFS NATURAL RESOURCES INC.; CLEVELAND CLIFFS INC,NYSE,,
CLFD,"Clearfield, Inc.",NASDAQ,Telephone & Telegraph Apparatus,3661,796505,MN,0930,,"APA Enterprises, Inc.; APA OPTICS INC /MN/",Nasdaq,,
CLGN,CollPlant Biotechnologies Ltd,NASDAQ,"Orthopedic, Prosthetic & Surgical Appliances & Supplies",3842,1631487,L3,1231,,CollPlant Biotechnologies Ltd.; CollPlant Holdings Ltd.,Nasdaq,,
CLH,CLEAN HARBORS INC,NYSE,Hazardous Waste Management,4955,822818,MA,1231,,,NYSE,,
CLIK,Click Holdings Ltd.,NASDAQ,Services-Employment Agencies,7361,2020027,D8,0630,,,Nasdaq,,
CLIR,ClearSign Technologies Corp,NASDAQ,"Industrial Instruments For Measurement, Display, and Control",3823,1434524,DE,1231,,CLEARSIGN COMBUSTION CORP,Nasdaq,,
CLMB,"Climb Global Solutions, Inc.",NASDAQ,Wholesale-Computers & Peripheral Equipment & Software,5045,945983,DE,1231,,"Wayside Technology Group, Inc.; PROGRAMMERS PARADISE INC",Nasdaq,,
CLMT,"Calumet, Inc. /DE",NASDAQ,Petroleum Refining,2911,2013745,,1231,,,Nasdaq,,
CLNE,Clean Energy Fuels Corp.,NASDAQ,Gas & Other Services Combined,4932,1368265,DE,1231,,,Nasdaq,,
CLNN,Clene Inc.,NASDAQ,Pharmaceutical Preparations,2834,1822791,DE,1231,,Chelsea Worldwide Inc.,Nasdaq,,
CLOV,"CLOVER HEALTH INVESTMENTS, CORP. /DE",NASDAQ,Hospital & Medical Service Plans,6324,1801170,DE,1231,,Social Capital Hedosophia Holdings Corp. III,Nasdaq,,
CLPR,Clipper Realty Inc.,NYSE,Real Estate Investment Trusts,6798,1649096,MD,1231,,,NYSE,,
CLPS,CLPS Inc,NASDAQ,Services-Prepackaged Software,7372,1724542,E9,0630,,,Nasdaq,,
CLPT,"ClearPoint Neuro, Inc.",NASDAQ,Surgical & Medical Instruments & Apparatus,3841,1285550,DE,1231,,"MRI INTERVENTIONS, INC.; SURGIVISION INC; SURGI VISION INC",Nasdaq,,
CLRB,"Cellectar Biosciences, Inc.",NASDAQ,Pharmaceutical Preparations,2834,1279704,DE,1231,,"NOVELOS THERAPEUTICS, INC.; COMMON HORIZONS INC",Nasdaq,,
CLRO,CLEARONE INC,NASDAQ,Telephone & Telegraph Apparatus,3661,840715,DE,1231,,CLEARONE COMMUNICATIONS INC; GENTNER COMMUNICATIONS CORP,Nasdaq,,
CLS,CELESTICA INC,NYSE,Printed Circuit Boards,3672,1030894,A6,1231,,,NYSE,,
CLSK,"CLEANSPARK, INC.",NASDAQ,Finance Services,6199,827876,NV,0930,,STRATEAN INC.; SMARTDATA CORP,"Nasdaq, Nasdaq",,
CLST,"Catalyst Bancorp, Inc.",NASDAQ,"Savings Institution, Federally Chartered",6035,1849867,,,,,Nasdaq,,
CLVT,CLARIVATE PLC,NYSE,Services-Computer Processing & Data Preparation,7374,1764046,Y9,1231,,Clarivate Analytics PLC,NYSE,,
CLW,Clearwater Paper Corp,NYSE,Paperboard Mills,2631,1441236,DE,1231,,Potlatch Forest Products CORP,NYSE,,
CLWT,EURO TECH HOLDINGS CO LTD,NASDAQ,Wholesale-Professional & Commercial Equipment & Supplies,5040,1026662,D8,1231,,,Nasdaq,,
CLX,CLOROX CO /DE/,NYSE,"Specialty Cleaning, Polishing and Sanitation Preparations",2842,21076,DE,0630,,CLOROX CO /DE/,NYSE,,
CLYM,"Climb Bio, Inc.",NASDAQ,Pharmaceutical Preparations,2834,1768446,DE,1231,,"Eliem Therapeutics, Inc.",Nasdaq,,
CM,CANADIAN IMPERIAL BANK OF COMMERCE /CAN/,NYSE,"Commercial Banks, NEC",6029,1045520,,1031,,,"NYSE, OTC",,
CMBT,CMB.TECH NV,NYSE,Deep Sea Foreign Transportation of  Freight,4412,1604481,C9,1231,,Euronav NV,NYSE,,
CMC,COMMERCIAL METALS Co,NYSE,"Steel Works, Blast Furnaces & Rolling Mills (Coke Ovens)",3312,22444,DE,0831,,,NYSE,,
CMCL,Caledonia Mining Corp Plc,NYSE American,Gold and Silver Ores,1040,766011,,1231,,CALEDONIA MINING CORP,NYSE,,
CMCO,COLUMBUS MCKINNON CORP,NASDAQ,Construction Machinery & Equip,3531,1005229,NY,0331,,,Nasdaq,,
CMCSA,COMCAST CORP,NASDAQ,Cable & Other Pay Television Services,4841,1166691,PA,1231,,AT&T COMCAST CORP,"Nasdaq, NYSE",,
CMCT,Creative Media & Community Trust Corp,NASDAQ,Real Estate Investment Trusts,6798,908311,MD,1231,,CIM Commercial Trust Corp; PMC COMMERCIAL TRUST /TX,Nasdaq,,
CMDB,Costamare Bulkers Holdings Ltd,NYSE,Water Transportation,4400,2033535,1T,1231,,,NYSE,,
CME,CME GROUP INC.,NASDAQ,"Security & Commodity Brokers, Dealers, Exchanges & Services",6200,1156375,DE,1231,,CHICAGO MERCANTILE EXCHANGE HOLDINGS INC,Nasdaq,,
CMG,CHIPOTLE MEXICAN GRILL INC,NYSE,Retail-Eating  Places,5812,1058090,,1231,,,NYSE,,
CMI,CUMMINS INC,NYSE,Engines & Turbines,3510,26172,IN,1231,,CUMMINS ENGINE CO INC,NYSE,,
CMND,Clearmind Medicine Inc.,NASDAQ,Pharmaceutical Preparations,2834,1892500,Z4,1031,,,Nasdaq,,
CMP,COMPASS MINERALS INTERNATIONAL INC,NYSE,Mining & Quarrying of  Nonmetallic Minerals (No Fuels),1400,1227654,DE,0930,,SALT HOLDINGS CORP,NYSE,,
CMPR,CIMPRESS plc,NASDAQ,Commercial Printing,2750,1262976,L2,0630,,CIMPRESS N.V.; VISTAPRINT N.V.; VISTAPRINT LTD,Nasdaq,,
CMPS,COMPASS Pathways plc,NASDAQ,Pharmaceutical Preparations,2834,1816590,X0,1231,,Compass Rx Ltd.,Nasdaq,,
CMPX,"Compass Therapeutics, Inc.",NASDAQ,"Biological Products, (No Diagnostic Substances)",2836,1738021,DE,1231,,"Olivia Ventures, Inc.",Nasdaq,,
CMRC,"Commerce.com, Inc.",NASDAQ,Services-Prepackaged Software,7372,1626450,DE,1231,,"BigCommerce Holdings, Inc.",Nasdaq,,
CMRE,Costamare Inc.,NYSE,Deep Sea Foreign Transportation of  Freight,4412,1503584,1T,1231,,,"NYSE, NYSE, NYSE, NYSE",,
CMS,CMS ENERGY CORP,NYSE,Electric & Other Services Combined,4931,811156,MI,1231,,,"NYSE, NYSE, NYSE, NYSE, NYSE",,
CMT,CORE MOLDING TECHNOLOGIES INC,NYSE American,"Plastics Products, NEC",3089,1026655,DE,1231,,CORE MATERIALS CORP,NYSE,,
CMTL,COMTECH TELECOMMUNICATIONS CORP /DE/,NASDAQ,Radio & Tv Broadcasting & Communications Equipment,3663,23197,DE,0731,,,Nasdaq,,
CMTV,COMMUNITY BANCORP /VT,NASDAQ,National Commercial Banks,6021,718413,VT,1231,,,Nasdaq,,
CNA,CNA FINANCIAL CORP,NYSE,"Fire, Marine & Casualty Insurance",6331,21175,DE,1231,,,NYSE,,
CNC,CENTENE CORP,NYSE,Hospital & Medical Service Plans,6324,1071739,DE,1231,,,NYSE,,
CNCK,Coincheck Group N.V.,NASDAQ,Finance Services,6199,1913847,P7,0331,,Coincheck Group B.V.,"Nasdaq, Nasdaq",,
CNDT,CONDUENT Inc,NASDAQ,"Services-Business Services, NEC",7389,1677703,NY,1231,,,Nasdaq,,
CNET,ZW Data Action Technologies Inc.,NASDAQ,"Services-Computer Programming, Data Processing, Etc.",7370,1376321,NV,1231,,"ChinaNet Online Holdings, Inc.; EMAZING INTERACTIVE, INC.",Nasdaq,,
CNEY,CN ENERGY GROUP. INC.,NASDAQ,Industrial Organic Chemicals,2860,1780785,D8,0930,,"CN ENERGY GROUP, INC.",Nasdaq,,
CNH,CNH Industrial N.V.,NYSE,Construction Machinery & Equip,3531,1567094,P7,1231,,FI CBM Holdings N.V.,NYSE,,
CNI,CANADIAN NATIONAL RAILWAY CO,NYSE,"Railroads, Line-Haul Operating",4011,16868,A8,1231,,,NYSE,,
CNK,"Cinemark Holdings, Inc.",NYSE,Services-Motion Picture Theaters,7830,1385280,DE,1231,,,NYSE,,
CNL,Collective Mining Ltd.,NASDAQ,Gold and Silver Ores,1040,1953575,A6,1231,,,Nasdaq,,
CNM,"Core & Main, Inc.",NYSE,"Wholesale-Durable Goods, NEC",5099,1856525,DE,0131,,,NYSE,,
CNMD,CONMED Corp,NYSE,Electromedical & Electrotherapeutic Apparatus,3845,816956,DE,1231,,,NYSE,,
CNNE,"Cannae Holdings, Inc.",NYSE,Retail-Eating & Drinking Places,5810,1704720,DE,1231,,,NYSE,,
CNO,"CNO Financial Group, Inc.",NYSE,Accident & Health Insurance,6321,1224608,DE,1231,,CONSECO INC,"NYSE, NYSE",,
CNO$A,"CNO Financial Group, Inc. 5.125% Subordinated Debentures due 2060",NYSE,,,,,,,,,,
CNOB,"ConnectOne Bancorp, Inc.",NASDAQ,State Commercial Banks,6022,712771,NJ,1231,,CENTER BANCORP INC,"Nasdaq, Nasdaq",,
CNP,CENTERPOINT ENERGY INC,NYSE,Electric Services,4911,1130310,TX,1231,,CENTERPOINT ENERGY INC; RELIANT ENERGY REGCO INC,NYSE,,
CNQ,CANADIAN NATURAL RESOURCES Ltd,NYSE,Crude Petroleum & Natural Gas,1311,1017413,A0,1231,,,NYSE,,
CNR,"Core Natural Resources, Inc.",NYSE,Silver Ores,1220,1710366,DC,1231,,CONSOL Energy Inc.; CONSOL Mining Corp,NYSE,,
CNS,"COHEN & STEERS, INC.",NYSE,Investment Advice,6282,1284812,DE,1231,,COHEN & STEERS INC,NYSE,,
CNSP,"CNS Pharmaceuticals, Inc.",NASDAQ,Pharmaceutical Preparations,2834,1729427,NV,1231,,,Nasdaq,,
CNSY,"CERENOME, INC.",NASDAQ,Surgical & Medical Instruments & Apparatus,3841,1095981,DE,1231,,"PLUS THERAPEUTICS, INC.; CYTORI THERAPEUTICS, INC.; MACROPORE INC",Nasdaq,,
CNTB,Connect Biopharma Holdings Ltd,NASDAQ,Pharmaceutical Preparations,2834,1835268,E9,1231,,,Nasdaq,,
CNTN,"Canton Strategic Holdings, Inc.",NASDAQ,Finance Services,6199,1861657,DE,1231,,"Tharimmune, Inc.; Hillstream BioPharma Inc.",Nasdaq,,
CNTX,Context Therapeutics Inc.,NASDAQ,Pharmaceutical Preparations,2834,1842952,DE,1231,,Context Therapeutics LLC,Nasdaq,,
CNTY,CENTURY CASINOS INC /CO/,NASDAQ,Hotels & Motels,7011,911147,DE,1231,,CENTURY CASINOS; CENTURY CASINOS INC,Nasdaq,,
CNVS,Cineverse Corp.,NASDAQ,Services-Video Tape Rental,7841,1173204,DE,0331,,"Cinedigm Corp.; Cinedigm Digital Cinema Corp.; Access Integrated Technologies, Inc. d/b/a Cinedigm Digital Cinema Corp.; ACCESS INTEGRATED TECHNOLOGIES INC",Nasdaq,,
CNX,CNX Resources Corp,NYSE,Crude Petroleum & Natural Gas,1311,1070412,DE,1231,,CONSOL ENERGY INC; CONSOL Energy Inc,NYSE,,
CNXC,Concentrix Corp,NASDAQ,"Services-Business Services, NEC",7389,1803599,DE,1130,,,Nasdaq,,
CNXN,PC CONNECTION INC,NASDAQ,Wholesale-Computers & Peripheral Equipment & Software,5045,1050377,DE,1231,,,Nasdaq,,
CNXU,Conexeu Sciences Inc.,NASDAQ,"Orthopedic, Prosthetic & Surgical Appliances & Supplies",3842,2066836,NV,1031,,,Nasdaq,,
COAG,"Hemab Therapeutics Holdings, Inc.",NASDAQ,"Biological Products, (No Diagnostic Substances)",2836,2114044,DE,1231,,,Nasdaq,,
COCH,"Envoy Medical, Inc.",NASDAQ,"Orthopedic, Prosthetic & Surgical Appliances & Supplies",3842,1840877,,1231,,Anzu Special Acquisition Corp I,"Nasdaq, Nasdaq",,
COCO,"Vita Coco Company, Inc.",NASDAQ,Beverages,2080,1482981,DE,1231,,"All Market Inc.; All Market, Inc.",Nasdaq,,
COCP,"Cocrystal Pharma, Inc.",NASDAQ,Pharmaceutical Preparations,2834,1412486,DE,1231,,"BIOZONE PHARMACEUTICALS, INC.; International Surf Resorts, Inc.",Nasdaq,,
CODA,"Coda Octopus Group, Inc.",NASDAQ,"Search, Detection, Navigation, Guidance, Aeronautical Sys",3812,1334325,DE,1031,,,Nasdaq,,
CODI,Compass Diversified Holdings,NYSE,Household Furniture,2510,1345126,DE,1231,,Compass Diversified Trust,"NYSE, NYSE, NYSE, NYSE",,
CODX,"Co-Diagnostics, Inc.",NASDAQ,Surgical & Medical Instruments & Apparatus,3841,1692415,UT,1231,,,Nasdaq,,
COF,CAPITAL ONE FINANCIAL CORP,NYSE,National Commercial Banks,6021,927628,DE,1231,,,"NYSE, NYSE, NYSE, NYSE, NYSE, NYSE",,
COFS,CHOICEONE FINANCIAL SERVICES INC,NASDAQ,State Commercial Banks,6022,803164,MI,1231,,1ST COMMUNITY BANCORP INC,Nasdaq,,
COGT,"Cogent Biosciences, Inc.",NASDAQ,Pharmaceutical Preparations,2834,1622229,DE,1231,,"Unum Therapeutics Inc.; Unum Therapeutics, Inc.",Nasdaq,,
COHN,Cohen & Co Inc.,NYSE American,"Security Brokers, Dealers & Flotation Companies",6211,1270436,MD,1231,,"INSTITUTIONAL FINANCIAL MARKETS, INC.; ALESCO FINANCIAL INC; SUNSET FINANCIAL RESOURCES INC",NYSE,,
COHR,COHERENT CORP.,NYSE,Optical Instruments & Lenses,3827,820318,PA,0630,,II-VI INC,NYSE,,
COHU,COHU INC,NASDAQ,Instruments For Meas & Testing of  Electricity & Elec Signals,3825,21535,DE,1226,,,Nasdaq,,
COIN,"Coinbase Global, Inc.",NASDAQ,Finance Services,6199,1679788,TX,1231,,,Nasdaq,,
COKE,"Coca-Cola Consolidated, Inc.",NASDAQ,Bottled & Canned Soft Drinks & Carbonated Waters,2086,317540,DE,1231,,COCA COLA BOTTLING CO CONSOLIDATED /DE/,Nasdaq,,
COLB,"COLUMBIA BANKING SYSTEM, INC.",NASDAQ,State Commercial Banks,6022,887343,WA,1231,,COLUMBIA BANKING SYSTEM INC,Nasdaq,,
COLL,"COLLEGIUM PHARMACEUTICAL, INC",NASDAQ,Pharmaceutical Preparations,2834,1267565,VA,1231,,COLLEGIUM PHARMACEUTICAL INC,Nasdaq,,
COLM,COLUMBIA SPORTSWEAR CO,NASDAQ,Apparel & Other Finishd Prods of  Fabrics & Similar Matl,2300,1050797,OR,1231,,COLUMBIA SPORTSWEAR CO,Nasdaq,,
COMP,"Compass, Inc.",NYSE,Real Estate Agents & Managers (For Others),6531,1563190,DE,1231,,"Urban Compass, Inc.",NYSE,,
CON,"Concentra Group Holdings Parent, Inc.",NYSE,"Services-Specialty Outpatient Facilities, NEC",8093,2014596,DE,1231,,,NYSE,,
COO,"COOPER COMPANIES, INC.",NASDAQ,Ophthalmic Goods,3851,711404,DE,1031,,COOPER COMPANIES INC,Nasdaq,,
COOK,"Traeger, Inc.",NYSE,Household Appliances,3630,1857853,DE,1231,,TGPX Holdings I LLC,NYSE,,
COOT,Australian Oilseeds Holdings Ltd,NASDAQ,Fats & Oils,2070,1959994,E9,0630,,,"Nasdaq, Nasdaq",,
COP,CONOCOPHILLIPS,NYSE,Petroleum Refining,2911,1163165,DE,1231,,CORVETTEPORSCHE CORP,NYSE,,
COPR,Idaho Copper Corp,NYSE American,Metal Mining,1000,1263364,NV,0131,,Joway Health Industries Group Inc; G2 VENTURES INC,"NYSE, NYSE",,
COR,"Cencora, Inc.",NYSE,"Wholesale-Drugs, Proprietaries & Druggists' Sundries",5122,1140859,DE,0930,,AMERISOURCEBERGEN CORP; AMERISOURCE BERGEN CORP,NYSE,,
CORT,CORCEPT THERAPEUTICS INC,NASDAQ,Pharmaceutical Preparations,2834,1088856,DE,1231,,,Nasdaq,,
CORZ,"Core Scientific, Inc./tx",NASDAQ,Finance Services,6199,1839341,DE,1231,,Power & Digital Infrastructure Acquisition Corp.,"Nasdaq, OTC, Nasdaq, Nasdaq",,
COSM,Cosmos Health Inc.,NASDAQ,"Wholesale-Drugs, Proprietaries & Druggists' Sundries",5122,1474167,NV,1231,,Cosmos Holdings Inc.; PRIME ESTATES & DEVELOPMENTS INC,Nasdaq,,
COSO,"CoastalSouth Bancshares, Inc.",NYSE,State Commercial Banks,6022,1297107,,1231,,Coastal South Bancshares Inc,NYSE,,
COST,COSTCO WHOLESALE CORP /NEW,NASDAQ,Retail-Variety Stores,5331,909832,WA,0830,,COSTCO COMPANIES INC; PRICE/COSTCO INC,Nasdaq,,
COTY,COTY INC.,NYSE,"Perfumes, Cosmetics & Other Toilet Preparations",2844,1024305,,0630,,COTY INC /,NYSE,,
COUR,"Coursera, Inc.",NYSE,Services-Prepackaged Software,7372,1651562,DE,1231,,,NYSE,,
COYA,"Coya Therapeutics, Inc.",NASDAQ,Pharmaceutical Preparations,2834,1835022,DE,1231,,,Nasdaq,,
CP,CANADIAN PACIFIC KANSAS CITY LTD/CN,NYSE,"Railroads, Line-Haul Operating",4011,16875,Z4,1231,,CANADIAN PACIFIC RAILWAY LTD/CN; CANADIAN PACIFIC RAILWAY CO/CN,NYSE,,
CPA,"Copa Holdings, S.A.",NYSE,"Air Transportation, Scheduled",4512,1345105,R1,1231,,,NYSE,,
CPAY,"CORPAY, INC.",NYSE,"Services-Business Services, NEC",7389,1175454,DE,1231,,FLEETCOR TECHNOLOGIES INC,NYSE,,
CPB,CAMPBELL'S Co,NASDAQ,Food and Kindred Products,2000,16732,NJ,0803,,CAMPBELL SOUP CO,Nasdaq,,
CPBI,"Central Plains Bancshares, Inc.",NASDAQ,"Savings Institution, Federally Chartered",6035,1979332,MD,0331,,,Nasdaq,,
CPF,CENTRAL PACIFIC FINANCIAL CORP,NYSE,State Commercial Banks,6022,701347,HI,1231,,CPB INC,NYSE,,
CPHC,Canterbury Park Holding Corp,NASDAQ,"Services-Racing, Including Track Operation",7948,1672909,MN,1231,,New Canterbury Park Holding Corp,Nasdaq,,
CPHI,"CHINA PHARMA HOLDINGS, INC.",NYSE American,Pharmaceutical Preparations,2834,1106644,DE,1231,,TS ELECTRONICS INC; SOFTSTONE INC; SOFTSTONE INC /DE/; KILKENNY ACQUISITION CORP,NYSE,,
CPIX,CUMBERLAND PHARMACEUTICALS INC,NASDAQ,Pharmaceutical Preparations,2834,1087294,TN,1231,,,Nasdaq,,
CPK,CHESAPEAKE UTILITIES CORP,NYSE,Natural Gas Transmisison & Distribution,4923,19745,DE,1231,,,NYSE,,
CPNG,"Coupang, Inc.",NYSE,Retail-Catalog & Mail-Order Houses,5961,1834584,DE,1231,,,NYSE,,
CPOP,"Pop Culture Group Co., Ltd",NASDAQ,Services-Amusement & Recreation Services,7900,1807389,E9,0630,,,Nasdaq,,
CPRI,Capri Holdings Ltd,NYSE,Leather & Leather Products,3100,1530721,D8,0329,,Michael Kors Holdings Ltd,NYSE,,
CPRT,COPART INC,NASDAQ,Retail-Auto Dealers & Gasoline Stations,5500,900075,DE,0731,,,Nasdaq,,
CPS,Cooper-Standard Holdings Inc.,NYSE,Motor Vehicle Parts & Accessories,3714,1320461,DE,1231,,,NYSE,,
CPSH,CPS TECHNOLOGIES CORP/DE/,NASDAQ,Pottery & Related Products,3260,814676,MA,1226,,CERAMICS PROCESS SYSTEMS CORP/DE/,Nasdaq,,
CPSS,"CONSUMER PORTFOLIO SERVICES, INC.",NASDAQ,Finance Services,6199,889609,CA,1231,,CONSUMER PORTFOLIO SERVICES INC,Nasdaq,,
CR,Crane Co,NYSE,Miscellaneous Fabricated Metal Products,3490,1944013,DE,1231,,,NYSE,,
CRAI,"CRA INTERNATIONAL, INC.",NASDAQ,Services-Legal Services,8111,1053706,MA,0102,,CHARLES RIVER ASSOCIATES INC,Nasdaq,,
CRBG,"Corebridge Financial, Inc.",NYSE,Life Insurance,6311,1889539,DE,1231,,"SAFG Retirement Services, Inc.","NYSE, NYSE",,
CRBP,"Corbus Pharmaceuticals Holdings, Inc.",NASDAQ,Pharmaceutical Preparations,2834,1595097,DE,1231,,SAV Acquisition Corp,Nasdaq,,
CRBU,"Caribou Biosciences, Inc.",NASDAQ,"Biological Products, (No Diagnostic Substances)",2836,1619856,DE,1231,,,Nasdaq,,
CRC,California Resources Corp,NYSE,Crude Petroleum & Natural Gas,1311,1609253,DE,1231,,,NYSE,,
CRCL,"Circle Internet Group, Inc.",NYSE,Finance Services,6199,1876042,DE,1231,,Circle Internet Financial Ltd; Circle Internet Finance Public Ltd Co; CIrcle Acquisition Public Ltd Co,NYSE,,
CRCT,"Cricut, Inc.",NASDAQ,"Special Industry Machinery, NEC",3559,1828962,DE,1231,,Cricut Inc,Nasdaq,,
CRD.A,Crawford & Company Common Stock,NYSE,,,,,,,,,,
CRD.B,Crawford & Company Common Stock,NYSE,,,,,,,,,,
CRDF,"Cardiff Oncology, Inc.",NASDAQ,"Biological Products, (No Diagnostic Substances)",2836,1213037,DE,1231,,"Trovagene, Inc.; TrovaGene Inc.; XENOMICS INC; USED KAR PARTS INC",Nasdaq,,
CRDL,Cardiol Therapeutics Inc.,NASDAQ,"Biological Products, (No Diagnostic Substances)",2836,1702123,A6,1231,,,Nasdaq,,
CRDO,Credo Technology Group Holding Ltd,NASDAQ,Semiconductors & Related Devices,3674,1807794,E9,0429,,,Nasdaq,,
CRE,Cre8 Enterprise Ltd,NASDAQ,Commercial Printing,2750,2003977,,,,Cre8 Enterpise Ltd,Nasdaq,,
CREX,"CREATIVE REALITIES, INC.",NASDAQ,Services-Computer Integrated Systems Design,7373,1356093,MN,1231,,WIRELESS RONIN TECHNOLOGIES INC,Nasdaq,,
CRGO,Freightos Ltd,NASDAQ,Arrangement of  Transportation of  Freight & Cargo,4731,1927719,E9,1231,,,"Nasdaq, Nasdaq",,
CRGY,Crescent Energy Co,NYSE,Crude Petroleum & Natural Gas,1311,1866175,DE,1231,,IE PubCo Inc.,NYSE,,
CRH,CRH PUBLIC LTD CO,NYSE,"Cement, Hydraulic",3241,849395,L2,1231,,,NYSE,,
CRI,CARTERS INC,NYSE,Apparel & Other Finishd Prods of  Fabrics & Similar Matl,2300,1060822,DE,0102,,CARTER HOLDINGS INC,NYSE,,
CRIS,CURIS INC,NASDAQ,"Biological Products, (No Diagnostic Substances)",2836,1108205,DE,1231,,,Nasdaq,,
CRK,COMSTOCK RESOURCES INC,NYSE,Crude Petroleum & Natural Gas,1311,23194,NV,1231,,,NYSE,,
CRL,"CHARLES RIVER LABORATORIES INTERNATIONAL, INC.",NYSE,Services-Commercial Physical & Biological Research,8731,1100682,,1227,,CHARLES RIVER LABORATORIES INTERNATIONAL INC; CHARLES RIVER LABORATORIES HOLDINGS INC,NYSE,,
CRM,"Salesforce, Inc.",NYSE,Services-Prepackaged Software,7372,1108524,DE,0131,,"SALESFORCE.COM, INC.; SALESFORCE COM INC",NYSE,,
CRMD,CorMedix Inc.,NASDAQ,Pharmaceutical Preparations,2834,1410098,DE,1231,,,Nasdaq,,
CRML,Critical Metals Corp.,NASDAQ,Metal Mining,1000,1951089,D8,,,,"Nasdaq, Nasdaq, OTC",,
CRMT,AMERICAS CARMART INC,NASDAQ,Retail-Auto Dealers & Gasoline Stations,5500,799850,TX,0430,,AMERICANS CARMART INC; CROWN GROUP INC /TX/; CROWN CASINO CORP,Nasdaq,,
CRNC,Cerence Inc.,NASDAQ,Services-Prepackaged Software,7372,1768267,DE,0930,,Cerence LLC,Nasdaq,,
CRNT,CERAGON NETWORKS LTD,NASDAQ,Radio & Tv Broadcasting & Communications Equipment,3663,1119769,L3,1231,,,Nasdaq,,
CRON,Cronos Group Inc.,NASDAQ,Medicinal Chemicals & Botanical Products,2833,1656472,A1,1231,,PharmaCan Capital Corp.,Nasdaq,,
CROX,"Crocs, Inc.",NASDAQ,Rubber & Plastics Footwear,3021,1334036,,1231,,,Nasdaq,,
CRS,CARPENTER TECHNOLOGY CORP,NYSE,"Steel Works, Blast Furnaces & Rolling Mills (Coke Ovens)",3312,17843,DE,0630,,,NYSE,,
CRSP,CRISPR Therapeutics AG,NASDAQ,"Biological Products, (No Diagnostic Substances)",2836,1674416,V8,1231,,CRISPR Therapeutics AG,Nasdaq,,
CRSR,"Corsair Gaming, Inc.",NASDAQ,"Computer Peripheral Equipment, NEC",3577,1743759,DE,1231,,,Nasdaq,,
CRTO,Criteo S.A.,NASDAQ,Services-Advertising Agencies,7311,1576427,N4,1231,,,Nasdaq,,
CRUS,"CIRRUS LOGIC, INC.",NASDAQ,Semiconductors & Related Devices,3674,772406,DE,0327,,CIRRUS LOGIC INC,Nasdaq,,
CRVL,CORVEL CORP,NASDAQ,"Insurance Agents, Brokers & Service",6411,874866,DE,0331,,,Nasdaq,,
CRVO,CervoMed Inc.,NASDAQ,Pharmaceutical Preparations,2834,1053691,DE,1231,,"Diffusion Pharmaceuticals Inc.; RestorGenex Corp; Stratus Media Group, Inc; FERIS INTERNATIONAL, INC.; TITAN MOTORCYCLE CO OF AMERICA INC",Nasdaq,,
CRVS,"Corvus Pharmaceuticals, Inc.",NASDAQ,Pharmaceutical Preparations,2834,1626971,DE,1231,,,Nasdaq,,
CRWD,"CrowdStrike Holdings, Inc.",NASDAQ,Services-Prepackaged Software,7372,1535527,DE,0131,,,Nasdaq,,
CRWS,CROWN CRAFTS INC,NASDAQ,"Broadwoven Fabric Mills, Cotton",2211,25895,DE,0328,,,Nasdaq,,
CRWV,"CoreWeave, Inc.",NASDAQ,Services-Prepackaged Software,7372,1769628,DE,1231,,Atlantic Crypto Corp,Nasdaq,,
CSAI,"CLOUDASTRUCTURE, INC.",NASDAQ,"Services-Computer Programming, Data Processing, Etc.",7370,1709628,DE,1231,,,Nasdaq,,
CSAN,Cosan S.A.,NYSE,Retail-Auto Dealers & Gasoline Stations,5500,1430162,D5,1231,,Cosan S.A. Industria e Comercio,NYSE,,
CSBR,"CHAMPIONS ONCOLOGY, INC.",NASDAQ,"Biological Products, (No Diagnostic Substances)",2836,771856,DE,0430,,"CHAMPIONS BIOTECHNOLOGY, INC.; CHAMPIONS SPORTS INC",Nasdaq,,
CSCO,"CISCO SYSTEMS, INC.",NASDAQ,Computer Communications Equipment,3576,858877,DE,0725,,"CISCO SYSTEMS, INC.; CISCO SYSTEMS INC",Nasdaq,,
CSGP,"COSTAR GROUP, INC.",NASDAQ,"Services-Business Services, NEC",7389,1057352,DE,1231,,"COSTAR GROUP, INC.; COSTAR GROUP INC; REALTY INFORMATION GROUP INC",Nasdaq,,
CSHR,CoinShares PLC,NASDAQ,"Security Brokers, Dealers & Flotation Companies",6211,2087587,Y9,1231,,Odysseus Holdings Ltd,"Nasdaq, Nasdaq",,
CSIQ,Canadian Solar Inc.,NASDAQ,Semiconductors & Related Devices,3674,1375877,A6,1231,,,Nasdaq,,
CSL,CARLISLE COMPANIES INC,NYSE,"Fabricated Rubber Products, NEC",3060,790051,DE,1231,,,NYSE,,
CSPI,CSP INC /MA/,NASDAQ,Services-Computer Integrated Systems Design,7373,356037,MA,0930,,,Nasdaq,,
CSQR,"Csquare, Inc.",NYSE,"Services-Computer Programming, Data Processing, Etc.",7370,2105398,DE,1231,,BIF III US Aggregator (Delaware) LLC,NYSE,,
CSR,CENTERSPACE,NYSE,Real Estate Investment Trusts,6798,798359,ND,1231,,INVESTORS REAL ESTATE TRUST,NYSE,,
CSTE,Caesarstone Ltd.,NASDAQ,Cut Stone & Stone Products,3281,1504379,,,,CaesarStone Sdot-Yam Ltd.,Nasdaq,,
CSTL,CASTLE BIOSCIENCES INC,NASDAQ,Services-Medical Laboratories,8071,1447362,DE,1231,,,Nasdaq,,
CSTM,CONSTELLIUM SE,NYSE,Secondary Smelting & Refining of  Nonferrous Metals,3341,1563411,,1231,,Constellium N.V.; Constellium Holdco B.V.,NYSE,,
CSV,CARRIAGE SERVICES INC,NYSE,Services-Personal Services,7200,1016281,DE,1231,,,NYSE,,
CSW,"CSW INDUSTRIALS, INC.",NYSE,Adhesives & Sealants,2891,1624794,DE,0331,,CSWC Newco Corp.,NYSE,,
CSWC,CAPITAL SOUTHWEST CORP,NASDAQ,,,17313,TX,0331,,,Nasdaq,,
CSX,CSX CORP,NASDAQ,"Railroads, Line-Haul Operating",4011,277948,VA,1231,,,Nasdaq,,
CTAS,CINTAS CORP,NASDAQ,"Men's & Boys' Furnishgs, Work Clothg, & Allied Garments",2320,723254,WA,0531,,,Nasdaq,,
CTEV,Claritev Corp,NYSE,"Services-Business Services, NEC",7389,1793229,DE,1231,,MultiPlan Corp; Churchill Capital Corp III; Butler Acquisition Corp,NYSE,,
CTGO,Contango Silver & Gold Inc.,NYSE American,Gold and Silver Ores,1040,1502377,DE,1231,,"Contango ORE, Inc.",NYSE,,
CTKB,"Cytek Biosciences, Inc.",NASDAQ,Laboratory Analytical Instruments,3826,1831915,DE,1231,,,Nasdaq,,
CTM,"Castellum, Inc.",NYSE American,Services-Management Consulting Services,8742,1877939,NV,1231,,,NYSE,,
CTMX,"CytomX Therapeutics, Inc.",NASDAQ,Pharmaceutical Preparations,2834,1501989,DE,1231,,,Nasdaq,,
CTNM,"Contineum Therapeutics, Inc.",NASDAQ,Pharmaceutical Preparations,2834,1855175,DE,1231,,,Nasdaq,,
CTNT,CHEETAH NET SUPPLY CHAIN SERVICE INC.,NASDAQ,Wholesale-Motor Vehicles & Motor Vehicle Parts & Supplies,5010,1951667,DE,1231,,,Nasdaq,,
CTO,"CTO Realty Growth, Inc.",NYSE,Real Estate Investment Trusts,6798,23795,MD,1231,,"CTO Realty Growth, Inc.; CTO Realty Growth Inc.; CONSOLIDATED TOMOKA LAND CO","NYSE, NYSE",,
CTOR,"CITIUS ONCOLOGY, INC.",NASDAQ,Pharmaceutical Preparations,2834,1851484,DE,0930,,TenX Keane Acquisition,Nasdaq,,
CTOS,"Custom Truck One Source, Inc.",NYSE,"Services-Equipment Rental & Leasing, NEC",7359,1709682,DE,1231,,"NESCO HOLDINGS, INC.; Capitol Investment Corp. IV",NYSE,,
CTRE,"CareTrust REIT, Inc.",NYSE,Real Estate Investment Trusts,6798,1590717,MD,1231,,,NYSE,,
CTRI,"Centuri Holdings, Inc.",NYSE,Natural Gas Transmisison & Distribution,4923,1981599,DE,0103,,,NYSE,,
CTRM,Castor Maritime Inc.,NASDAQ,Deep Sea Foreign Transportation of  Freight,4412,1720161,1T,1231,,,Nasdaq,,
CTRN,Citi Trends Inc,NASDAQ,Retail-Apparel & Accessory Stores,5600,1318484,DE,0130,,,Nasdaq,,
CTS,CTS CORP,NYSE,Printed Circuit Boards,3672,26058,IN,1231,,,NYSE,,
CTSH,COGNIZANT TECHNOLOGY SOLUTIONS CORP,NASDAQ,Services-Computer Programming Services,7371,1058290,,1231,,,Nasdaq,,
CTSO,Cytosorbents Corp,NASDAQ,Surgical & Medical Instruments & Apparatus,3841,1175151,DE,1231,,MedaSorb Technologies CORP; GILDER ENTERPRISES INC,Nasdaq,,
CTVA,"Corteva, Inc.",NYSE,Agricultural Production-Crops,0100,1755672,DE,1231,,,NYSE,,
CTW,CTW,NASDAQ,Services-Computer Processing & Data Preparation,7374,2047148,M0,0731,,CTW Cayman,Nasdaq,,
CTXR,"Citius Pharmaceuticals, Inc.",NASDAQ,Pharmaceutical Preparations,2834,1506251,NV,0930,,"Trail One, Inc.; TrailOne, Inc.",Nasdaq,,
CUB,Lionheart Holdings,NASDAQ,Blank Checks,6770,2015955,E9,1231,,,"Nasdaq, Nasdaq, Nasdaq",,
CUBE,CubeSmart,NYSE,Real Estate Investment Trusts,6798,1298675,MD,1231,,U-Store-It Trust,NYSE,,
CUBI,"Customers Bancorp, Inc.",NYSE,State Commercial Banks,6022,1488813,PA,1231,,"Customers 1st Bancorp, Inc.","NYSE, NYSE",,
CUE,"Cue Biopharma, Inc.",NASDAQ,Pharmaceutical Preparations,2834,1645460,DE,1231,,"Imagen Biopharma, Inc.",Nasdaq,,
CULP,CULP INC,NASDAQ,"Broadwoven Fabric Mills, Cotton",2211,723603,NC,1231,,,Nasdaq,,
CUPR,Cuprina Holdings (Cayman) LTD,NASDAQ,"Orthopedic, Prosthetic & Surgical Appliances & Supplies",3842,1995704,E9,1231,,,Nasdaq,,
CURB,Curbline Properties Corp.,NYSE,Real Estate,6500,2027317,MD,1231,,,NYSE,,
CURI,CuriosityStream Inc.,NASDAQ,Services-Motion Picture & Video Tape Production,7812,1776909,DE,1231,,Software Acquisition Group Inc.,Nasdaq,,
CURR,Currenc Group Inc.,NASDAQ,"Services-Business Services, NEC",7389,1862935,E9,1231,,InFinT Acquisition Corp,Nasdaq,,
CURV,Torrid Holdings Inc.,NYSE,Retail-Apparel & Accessory Stores,5600,1792781,,0131,,,NYSE,,
CURX,Curanex Pharmaceuticals Inc,NASDAQ,Pharmaceutical Preparations,2834,2025942,NV,1231,,,Nasdaq,,
CUZ,COUSINS PROPERTIES INC,NYSE,Real Estate Investment Trusts,6798,25232,GA,1231,,,NYSE,,
CV,"CapsoVision, Inc",NASDAQ,Electromedical & Electrotherapeutic Apparatus,3845,1378325,DE,1231,,Capso Vision Inc,Nasdaq,,
CVBF,CVB FINANCIAL CORP,NASDAQ,State Commercial Banks,6022,354647,CA,1231,,CVB FINANCIAL CORP,Nasdaq,,
CVCO,"CAVCO INDUSTRIES, INC.",NASDAQ,Mobile Homes,2451,278166,DE,0328,,CAVCO INDUSTRIES INC.; CAVCO INDUSTRIES INC,Nasdaq,,
CVE,CENOVUS ENERGY INC.,NYSE,Crude Petroleum & Natural Gas,1311,1475260,,1231,,,NYSE,,
CVEO,Civeo Corp,NYSE,"Hotels, Rooming Houses, Camps & Other Lodging Places",7000,1590584,A1,1231,,OIS Accommodations SpinCo Inc.,NYSE,,
CVGI,"Commercial Vehicle Group, Inc.",NASDAQ,Motor Vehicle Parts & Accessories,3714,1290900,DE,1231,,,Nasdaq,,
CVI,CVR ENERGY INC,NYSE,Petroleum Refining,2911,1376139,DE,1231,,,NYSE,,
CVKD,"Cadrenal Therapeutics, Inc.",NASDAQ,Pharmaceutical Preparations,2834,1937993,DE,1231,,,Nasdaq,,
CVLG,"COVENANT LOGISTICS GROUP, INC.",NYSE,Trucking (No Local),4213,928658,NV,1231,,COVENANT TRANSPORTATION GROUP INC; COVENANT TRANSPORT INC,NYSE,,
CVLT,COMMVAULT SYSTEMS INC,NASDAQ,Services-Prepackaged Software,7372,1169561,DE,0331,,,Nasdaq,,
CVM,CEL SCI CORP,NYSE American,"Biological Products, (No Diagnostic Substances)",2836,725363,CO,0930,,,NYSE,,
CVNA,CARVANA CO.,NYSE,Retail-Auto Dealers & Gasoline Stations,5500,1690820,DE,1231,,,NYSE,,
CVR,CHICAGO RIVET & MACHINE CO,NYSE American,Metalworkg Machinery & Equipment,3540,19871,IL,1231,,,NYSE,,
CVRX,"CVRx, Inc.",NASDAQ,Surgical & Medical Instruments & Apparatus,3841,1235912,DE,1231,,CVRX INC,Nasdaq,,
CVS,CVS HEALTH Corp,NYSE,Retail-Drug Stores and Proprietary Stores,5912,64803,DE,1231,,CVS CAREMARK CORP; CVS/CAREMARK CORP; CVS CORP; MELVILLE CORP,NYSE,,
CVSA,Covista Inc.,NYSE,Services-Educational Services,8200,730464,DE,0630,,Adtalem Global Education Inc.; Adtalem Global Education; DEVRY EDUCATION GROUP INC.; DEVRY EDUCATION GROUP; DEVRY INC,NYSE,,
CVU,CPI AEROSTRUCTURES INC,NYSE American,"Aircraft Parts & Auxiliary Equipment, NEC",3728,889348,NY,1231,,,NYSE,,
CVV,CVD EQUIPMENT CORP,NASDAQ,"Special Industry Machinery, NEC",3559,766792,NY,1231,,,Nasdaq,,
CVX,CHEVRON CORP,NYSE,Petroleum Refining,2911,93410,DE,1231,,CHEVRONTEXACO CORP,NYSE,,
CW,CURTISS WRIGHT CORP,NYSE,Misc Industrial & Commercial Machinery & Equipment,3590,26324,DE,1231,,,NYSE,,
CWBC,Community West Bancshares,NASDAQ,State Commercial Banks,6022,1127371,CA,1231,,CENTRAL VALLEY COMMUNITY BANCORP; CENTRAL VALEY COMMUNITY BANCORP,Nasdaq,,
CWCO,Consolidated Water Co. Ltd.,NASDAQ,Water Supply,4941,928340,E9,1231,,CONSOLIDATED WATER CO LTD; CAYMAN WATER CO LTD,Nasdaq,,
CWD,CaliberCos Inc.,NASDAQ,Real Estate,6500,1627282,DE,1231,,CaliberCo Inc.,Nasdaq,,
CWEN,"Clearway Energy, Inc.",NYSE,Electric Services,4911,1567683,DE,1231,,"NRG Yield, Inc.; NRG Yieldco, Inc.",NYSE,,
CWH,"Camping World Holdings, Inc.",NYSE,Retail-Auto Dealers & Gasoline Stations,5500,1669779,DE,1231,,,NYSE,,
CWK,Cushman & Wakefield Ltd.,NYSE,Real Estate,6500,1628369,D0,1231,,Cushman & Wakefield plc; Cushman & Wakefield Ltd; DTZ Jersey Holdings Ltd,NYSE,,
CWST,CASELLA WASTE SYSTEMS INC,NASDAQ,Refuse Systems,4953,911177,DE,1231,,,Nasdaq,,
CWT,CALIFORNIA WATER SERVICE GROUP,NYSE,Water Supply,4941,1035201,DE,1231,,,NYSE,,
CX,CEMEX SAB DE CV,NYSE,"Cement, Hydraulic",3241,1076378,O5,1231,,CEMEX SA DE CV,"NYSE, OTC",,
CXAI,CXApp Inc.,NASDAQ,Services-Prepackaged Software,7372,1820875,DE,1231,,"KINS Technology Group, Inc.","Nasdaq, Nasdaq",,
CXDO,"Crexendo, Inc.",NASDAQ,Telephone Communications (No Radiotelephone),4813,1075736,DE,1231,,IMERGENT INC; NETGATEWAY INC,Nasdaq,,
CXII,Churchill Capital Corp XII,NASDAQ,Blank Checks,6770,2114227,E9,1231,,,"Nasdaq, Nasdaq, Nasdaq",,
CXM,"Sprinklr, Inc.",NYSE,Services-Prepackaged Software,7372,1569345,DE,0131,,"Sprinklr, Inc.",NYSE,,
CXT,"Crane NXT, Co.",NYSE,Miscellaneous Fabricated Metal Products,3490,25445,DE,1231,,"Crane Holdings, Co.; CRANE CO /DE/",NYSE,,
CXW,"CoreCivic, Inc.",NYSE,Real Estate Investment Trusts,6798,1070985,MD,1231,,CORRECTIONS CORP OF AMERICA; CORRECTIONS CORP OF AMERICA/MD; PRISON REALTY TRUST INC; PRISON REALTY CORP,NYSE,,
CYAB,"CYABRA, INC.",NASDAQ,Services-Prepackaged Software,7372,2032341,DE,1231,,"Trailblazer Holdings, Inc.",Nasdaq,,
CYCU,"Cycurion, Inc.",NASDAQ,Services-Computer Programming Services,7371,1868419,DE,1231,,Western Acquisition Ventures Corp.,"Nasdaq, Nasdaq",,
CYD,CHINA YUCHAI INTERNATIONAL LTD,NYSE,Engines & Turbines,3510,932695,,1231,,,NYSE,,
CYH,COMMUNITY HEALTH SYSTEMS INC,NYSE,"Services-General Medical & Surgical Hospitals, NEC",8062,1108109,DE,1231,,COMMUNITY HEALTH SYSTEMS INC/,NYSE,,
CYN,Cyngn Inc.,NASDAQ,Services-Computer Programming Services,7371,1874097,DE,1231,,"Cyngn, Inc.",Nasdaq,,
CYPH,CYPHERPUNK TECHNOLOGIES INC.,NASDAQ,Pharmaceutical Preparations,2834,1509745,DE,1231,,"LEAP THERAPEUTICS, INC.; Dekkun Corp",Nasdaq,,
CYRX,"Cryoport, Inc.",NASDAQ,Pharmaceutical Preparations,2834,1124524,NV,1231,,CRYOPORT SYSTEMS INC,Nasdaq,,
CYTK,CYTOKINETICS INC,NASDAQ,Pharmaceutical Preparations,2834,1061983,,1231,,,Nasdaq,,
CZFS,CITIZENS FINANCIAL SERVICES INC,NASDAQ,State Commercial Banks,6022,739421,PA,1231,,,Nasdaq,,
CZNC,CITIZENS & NORTHERN CORP,NASDAQ,State Commercial Banks,6022,810958,PA,1231,,,Nasdaq,,
CZR,"Caesars Entertainment, Inc.",NASDAQ,Hotels & Motels,7011,1590895,DE,1231,,"Eldorado Resorts, Inc.; Eclair Holdings Co",Nasdaq,,
CZWI,Citizens Community Bancorp Inc.,NASDAQ,"Savings Institution, Federally Chartered",6035,1367859,MD,1231,,,Nasdaq,,
D,"DOMINION ENERGY, INC",NYSE,Electric Services,4911,715957,VA,1231,,DOMINION ENERGY INC /VA/; DOMINION RESOURCES INC /VA/,NYSE,,
DAC,Danaos Corp,NYSE,Deep Sea Foreign Transportation of  Freight,4412,1369241,1T,1231,,,NYSE,,
DAIC,"CID Holdco, Inc.",NASDAQ,Services-Computer Integrated Systems Design,7373,2033770,DE,1231,,,"Nasdaq, Nasdaq",,
DAIO,DATA I/O CORP,NASDAQ,Instruments For Meas & Testing of  Electricity & Elec Signals,3825,351998,WA,1211,,,Nasdaq,,
DAKT,DAKTRONICS INC /SD/,NASDAQ,Miscellaneous Manufacturing Industries,3990,915779,DE,0501,,,Nasdaq,,
DAL,"DELTA AIR LINES, INC.",NYSE,"Air Transportation, Scheduled",4512,27904,DE,1231,,DELTA AIR LINES INC /DE/,NYSE,,
DAN,DANA Inc,NYSE,Motor Vehicle Parts & Accessories,3714,26780,DE,1231,,DANA HOLDING CORP; DANA CORP,NYSE,,
DAR,DARLING INGREDIENTS INC.,NYSE,Fats & Oils,2070,916540,DE,0102,,DARLING INTERNATIONAL INC,NYSE,,
DARE,"Dare Bioscience, Inc.",NASDAQ,Pharmaceutical Preparations,2834,1401914,DE,1231,,Cerulean Pharma Inc.; Tempo Pharmaceuticals Inc,Nasdaq,,
DASH,"DoorDash, Inc.",NASDAQ,"Services-Business Services, NEC",7389,1792789,DE,1231,,"DoorDash, Inc.; DoorDash Inc",Nasdaq,,
DAVE,Dave Inc./DE,NASDAQ,Finance Services,6199,1841408,,1231,,"VPC Impact Acquisition Holdings III, Inc.","Nasdaq, Nasdaq",,
DB,DEUTSCHE BANK AKTIENGESELLSCHAFT,NYSE,State Commercial Banks,6022,1159508,,1231,,,"NYSE, OTC, OTC, NYSE, NYSE, NYSE, OTC",,
DBCA,D. Boral Acquisition I Corp.,NASDAQ,Blank Checks,6770,2095161,D8,1231,,,"Nasdaq, Nasdaq, Nasdaq",,
DBD,"DIEBOLD NIXDORF, Inc",NYSE,Calculating & Accounting Machines (No Electronic Computers),3578,28823,DE,1231,,DIEBOLD INC,NYSE,,
DBGI,"Digital Brands Group, Inc.",NASDAQ,Retail-Apparel & Accessory Stores,5600,1668010,DE,1231,,"Denim LA, Inc.",Nasdaq,,
DBI,Designer Brands Inc.,NYSE,Retail-Shoe Stores,5661,1319947,OH,0130,,Designer Brands Inc.; DSW Inc.,NYSE,,
DBRG,"DigitalBridge Group, Inc.",NYSE,Investment Advice,6282,1679688,MD,1231,,"Colony Capital, Inc.; Colony NorthStar, Inc.","NYSE, NYSE, NYSE, NYSE",,
DBRG$H,"DigitalBridge Group, Inc. 7.125% Series H",NYSE,,,,,,,,,,
DBRG$I,"DigitalBridge Group, Inc. 7.15% Series I",NYSE,,,,,,,,,,
DBRG$J,"DigitalBridge Group, Inc. 7.125% Series J",NYSE,,,,,,,,,,
DBX,"DROPBOX, INC.",NASDAQ,Services-Prepackaged Software,7372,1467623,NV,1231,,"Evenflow, Inc.",Nasdaq,,
DC,Dakota Gold Corp.,NYSE American,Metal Mining,1000,1852353,DE,1231,,JR Resources Corp.,NYSE,,
DCBO,Docebo Inc.,NASDAQ,Services-Prepackaged Software,7372,1829959,A6,1231,,,Nasdaq,,
DCGO,DocGo Inc.,NASDAQ,Services-Health Services,8000,1822359,DE,1231,,Motion Acquisition Corp.,Nasdaq,,
DCH,Dauch Corp,NYSE,Motor Vehicle Parts & Accessories,3714,1062231,DE,1231,,AMERICAN AXLE & MANUFACTURING HOLDINGS INC,NYSE,,
DCI,DONALDSON Co INC,NYSE,Industrial & Commercial Fans & Blowers & Air Purifing Equip,3564,29644,DE,0731,,,NYSE,,
DCO,DUCOMMUN INC /DE/,NYSE,"Aircraft Parts & Auxiliary Equipment, NEC",3728,30305,DE,1231,,,NYSE,,
DCOM,"Dime Commercial Bancshares, Inc. /NY/",NYSE,National Commercial Banks,6021,846617,NY,1231,,"Dime Community Bancshares, Inc. /NY/; BRIDGE BANCORP, INC.; BRIDGE BANCORP INC","NYSE, NYSE, NYSE",,
DCOY,Decoy Therapeutics Inc.,NASDAQ,Pharmaceutical Preparations,2834,1615219,DE,1231,,"Salarius Pharmaceuticals, Inc.; Flex Pharma, Inc.",Nasdaq,,
DCTH,"DELCATH SYSTEMS, INC.",NASDAQ,Surgical & Medical Instruments & Apparatus,3841,872912,DE,1231,,"DELCATH SYSTEMS, INC.; DELCATH SYSTEMS INC",Nasdaq,,
DCX,Digital Currency X Technology Inc.,NASDAQ,Motor Vehicles & Passenger Car Bodies,3711,1957413,E9,1231,,"Chijet Motor Company, Inc.",Nasdaq,,
DD,"DuPont de Nemours, Inc.",NYSE,"Plastic Materials, Synth Resins & Nonvulcan Elastomers",2821,1666700,DE,1231,,DowDuPont Inc.,NYSE,,
DDC,DDC Enterprise Ltd,NYSE American,Food and Kindred Products,2000,1808110,E9,1231,,DDC Enterprise Ltd,NYSE,,
DDD,3D SYSTEMS CORP,NYSE,Services-Prepackaged Software,7372,910638,DE,1231,,3D SYSTEMS CORP; 3 D SYSTEMS CORP,NYSE,,
DDI,"DoubleDown Interactive Co., Ltd.",NASDAQ,Services-Computer Processing & Data Preparation,7374,1799567,M5,1231,,,Nasdaq,,
DDOG,"Datadog, Inc.",NASDAQ,Services-Prepackaged Software,7372,1561550,NV,1231,,,Nasdaq,,
DDS,"DILLARD'S, INC.",NYSE,Retail-Department Stores,5311,28917,TX,0130,,DILLARDS INC; DILLARD DEPARTMENT STORES INC,"NYSE, NYSE",,
DE,DEERE & CO,NYSE,Farm Machinery & Equipment,3523,315189,DE,1101,,,NYSE,,
DEA,"Easterly Government Properties, Inc.",NYSE,Real Estate Investment Trusts,6798,1622194,MD,1231,,,NYSE,,
DEC,Diversified Energy Co,NYSE,Crude Petroleum & Natural Gas,1311,1922446,DE,1231,,Diversified Energy Co PLC,NYSE,,
DECK,DECKERS OUTDOOR CORP,NYSE,Rubber & Plastics Footwear,3021,910521,DE,0331,,,NYSE,,
DEFT,"Defi Technologies, Inc.",NASDAQ,Finance Services,6199,1888274,DE,1231,,,Nasdaq,,
DEI,Douglas Emmett Inc,NYSE,Real Estate Investment Trusts,6798,1364250,MD,1231,,,NYSE,,
DELL,Dell Technologies Inc.,NYSE,Electronic Computers,3571,1571996,TX,0129,,Dell Technologies Inc; Denali Holding Inc.,NYSE,,
DEO,DIAGEO PLC,NYSE,Beverages,2080,835403,X0,0630,,,"NYSE, OTC",,
DERM,Journey Medical Corp,NASDAQ,Pharmaceutical Preparations,2834,1867066,DE,1231,,,Nasdaq,,
DETX,"LIBERTY DEFENSE HOLDINGS, LTD.",NASDAQ,"Search, Detection, Navigation, Guidance, Aeronautical Sys",3812,1919776,A1,1231,,,Nasdaq,,
DFDV,DeFi Development Corp.,NASDAQ,Finance Services,6199,1805526,NV,1231,,DeFi Development Corp.; Janover Inc.; Janover Ventures LLC,"Nasdaq, Nasdaq, Nasdaq, OTC",,
DFH,"Dream Finders Homes, Inc.",NYSE,Operative Builders,1531,1825088,TX,1231,,,NYSE,,
DFIN,"Donnelley Financial Solutions, Inc.",NYSE,Services-Miscellaneous Business Services,7380,1669811,DE,1231,,,NYSE,,
DFLI,Dragonfly Energy Holdings Corp.,NASDAQ,"Miscellaneous Electrical Machinery, Equipment & Supplies",3690,1847986,NV,1231,,Chardan NexTech Acquisition 2 Corp.,"Nasdaq, Nasdaq",,
DFNS,T3 Defense Inc.,NASDAQ,Services-Management Consulting Services,8742,1787518,DE,1231,,Nukkleus Inc.; Brilliant Acquisition Corp,"Nasdaq, Nasdaq",,
DFSC,DEFSEC Technologies Inc.,NASDAQ,Services-Prepackaged Software,7372,1889823,A1,0930,,KWESST Micro Systems Inc.,"Nasdaq, Nasdaq",,
DFTX,"Definium Therapeutics, Inc.",NASDAQ,Medicinal Chemicals & Botanical Products,2833,1813814,A1,1231,,Mind Medicine (MindMed) Inc.,Nasdaq,,
DG,DOLLAR GENERAL CORP,NYSE,Retail-Variety Stores,5331,29534,TN,0129,,,NYSE,,
DGICA,DONEGAL GROUP INC,NASDAQ,"Fire, Marine & Casualty Insurance",6331,800457,DE,1231,,,"Nasdaq, Nasdaq",,
DGICB,DONEGAL GROUP INC,NASDAQ,"Fire, Marine & Casualty Insurance",6331,800457,DE,1231,,,"Nasdaq, Nasdaq",,
DGII,DIGI INTERNATIONAL INC,NASDAQ,Computer Communications Equipment,3576,854775,DE,0930,,,Nasdaq,,
DGNX,Diginex Ltd,NASDAQ,Services-Computer Processing & Data Preparation,7374,2010499,E9,0331,,,Nasdaq,,
DGX,QUEST DIAGNOSTICS INC,NYSE,Services-Medical Laboratories,8071,1022079,DE,1231,,CORNING CLINICAL LABORATORIES INC,NYSE,,
DGXX,Digi Power X Inc.,NASDAQ,Finance Services,6199,1854368,A1,1231,,Digihost Technology Inc.,Nasdaq,,
DH,Definitive Healthcare Corp.,NASDAQ,Services-Prepackaged Software,7372,1861795,DE,1231,,,Nasdaq,,
DHI,HORTON D R INC /DE/,NYSE,Operative Builders,1531,882184,DE,0930,,,NYSE,,
DHR,DANAHER CORP /DE/,NYSE,"Industrial Instruments For Measurement, Display, and Control",3823,313616,DE,1231,,,NYSE,,
DHT,"DHT Holdings, Inc.",NYSE,Deep Sea Foreign Transportation of  Freight,4412,1331284,1T,1231,,"DHT Maritime, Inc.; Double Hull Tankers, Inc.",NYSE,,
DHX,"DHI GROUP, INC.",NYSE,"Services-Business Services, NEC",7389,1393883,DE,1231,,"DICE HOLDINGS, INC.",NYSE,,
DIBS,"1stdibs.com, Inc.",NASDAQ,Retail-Catalog & Mail-Order Houses,5961,1600641,DE,1231,,,Nasdaq,,
DIN,"Dine Brands Global, Inc.",NYSE,Retail-Eating  Places,5812,49754,DE,1231,,"DineEquity, Inc; IHOP CORP",NYSE,,
DINO,HF Sinclair Corp,NYSE,Pipe Lines (No Natural Gas),4610,1915657,DE,1231,,,NYSE,,
DIOD,DIODES INC /DEL/,NASDAQ,Semiconductors & Related Devices,3674,29002,DE,1231,,,Nasdaq,,
DIS,Walt Disney Co,NYSE,Services-Miscellaneous Amusement & Recreation,7990,1744489,DE,1003,,TWDC Holdco 613 Corp; TWDC Holdco 613 Corp.,NYSE,,
DIT,AMCON DISTRIBUTING CO,NYSE American,"Wholesale-Groceries, General Line",5141,928465,DE,0930,,,NYSE,,
DJCO,DAILY JOURNAL CORP,NASDAQ,Newspapers: Publishing or  Publishing & Printing,2711,783412,SC,0930,,,Nasdaq,,
DJT,Trump Media & Technology Group Corp.,NASDAQ,"Services-Computer Programming, Data Processing, Etc.",7370,1849635,FL,1231,,Digital World Acquisition Corp.,"Nasdaq, Nasdaq",,
DK,"Delek US Holdings, Inc.",NYSE,Petroleum Refining,2911,1694426,DE,1231,,"Delek Holdco, Inc.",NYSE,,
DKI,DarkIris Inc.,NASDAQ,Services-Prepackaged Software,7372,2058584,,,,,Nasdaq,,
DKNG,DraftKings Inc.,NASDAQ,Services-Miscellaneous Amusement & Recreation,7990,1883685,NV,1231,,"New Duke Holdco, Inc.",Nasdaq,,
DKS,"DICK'S SPORTING GOODS, INC.",NYSE,Retail-Miscellaneous Shopping Goods Stores,5940,1089063,DE,0130,,DICKS SPORTING GOODS INC,NYSE,,
DLB,"Dolby Laboratories, Inc.",NYSE,Patent Owners & Lessors,6794,1308547,DE,0927,,,NYSE,,
DLHC,DLH Holdings Corp.,NASDAQ,Services-Help Supply Services,7363,785557,NJ,0930,,TEAMSTAFF INC; DIGITAL SOLUTIONS INC,Nasdaq,,
DLO,dLocal Ltd,NASDAQ,"Services-Business Services, NEC",7389,1846832,E9,1231,,,Nasdaq,,
DLPN,"Dolphin Entertainment, Inc.",NASDAQ,Services-Personal Services,7200,1282224,FL,1231,,DOLPHIN DIGITAL MEDIA INC; LOGICA HOLDINGS INC; MAXIMUM AWARDS INC,Nasdaq,,
DLTH,DULUTH HOLDINGS INC.,NASDAQ,Retail-Apparel & Accessory Stores,5600,1649744,,0201,,,Nasdaq,,
DLTR,"DOLLAR TREE, INC.",NASDAQ,Retail-Variety Stores,5331,935703,VA,0130,,DOLLAR TREE INC; DOLLAR TREE STORES INC,Nasdaq,,
DLX,DELUXE CORP,NYSE,"Blankbooks, Looseleaf Binders & Bookbindg & Relatd Work",2780,27996,MN,1231,,,NYSE,,
DLXY,Delixy Holdings Ltd,NASDAQ,Wholesale-Petroleum & Petroleum Products (No Bulk Stations),5172,2025218,E9,1231,,,Nasdaq,,
DMAC,DiaMedica Therapeutics Inc.,NASDAQ,Pharmaceutical Preparations,2834,1401040,Z4,1231,,DiaMedica Inc.,Nasdaq,,
DMC,DEL MONTE CORP,NYSE,Agricultural Production-Crops,0100,1047340,E9,1226,,FRESH DEL MONTE PRODUCE INC,NYSE,,
DMII,Drugs Made In America Acquisition II Corp.,NASDAQ,Blank Checks,6770,2040475,,1231,,,"Nasdaq, Nasdaq, Nasdaq",,
DMRA,"Damora Therapeutics, Inc.",NASDAQ,Pharmaceutical Preparations,2834,1800315,DE,1231,,"Galecto, Inc.; Galecto Inc.",Nasdaq,,
DMRC,Digimarc Corp,NASDAQ,Services-Computer Integrated Systems Design,7373,2119322,OR,1231,,"Digimarc Parent, Inc.; Deschutes Parent, Inc.",Nasdaq,,
DNA,"Ginkgo Bioworks Holdings, Inc.",NYSE,"Biological Products, (No Diagnostic Substances)",2836,1830214,DE,1231,,Soaring Eagle Acquisition Corp.; Spinning Eagle Acquisition Corp.,"NYSE, OTC",,
DNLI,Denali Therapeutics Inc.,NASDAQ,"Biological Products, (No Diagnostic Substances)",2836,1714899,DE,1231,,,Nasdaq,,
DNMX,Dynamix Corp III,NASDAQ,Blank Checks,6770,2081125,E9,1231,,,"Nasdaq, Nasdaq, Nasdaq",,
DNN,DENISON MINES CORP.,NYSE American,Miscellaneous Metal Ores,1090,1063259,A6,1231,,INTERNATIONAL URANIUM CORP,NYSE,,
DNOW,DNOW Inc.,NYSE,Oil & Gas Field Machinery & Equipment,3533,1599617,DE,1231,,NOW Inc.,NYSE,,
DNTH,"Dianthus Therapeutics, Inc. /DE/",NASDAQ,Pharmaceutical Preparations,2834,1690585,DE,1231,,"Magenta Therapeutics, Inc.",Nasdaq,,
DNUT,"Krispy Kreme, Inc.",NASDAQ,Retail-Food Stores,5400,1857154,,,,Krispy Kreme Holdco Inc.,Nasdaq,,
DOC,"HEALTHPEAK PROPERTIES, INC.",NYSE,Real Estate Investment Trusts,6798,765880,MD,1231,,"HCP, INC.; HEALTH CARE PROPERTY INVESTORS INC",NYSE,,
DOCN,"DigitalOcean Holdings, Inc.",NYSE,"Services-Computer Programming, Data Processing, Etc.",7370,1582961,DE,1231,,"Digital Ocean, Inc.",NYSE,,
DOCS,"Doximity, Inc.",NYSE,Services-Computer Programming Services,7371,1516513,DE,0331,,,NYSE,,
DOCU,"DOCUSIGN, INC.",NASDAQ,Services-Prepackaged Software,7372,1261333,DE,0131,,DOCUSIGN INC,Nasdaq,,
DOGZ,Dogness (International) Corp,NASDAQ,Miscellaneous Manufacturing Industries,3990,1707303,D8,0630,,,Nasdaq,,
DOLE,Dole plc,NYSE,Agricultural Production-Crops,0100,1857475,,,,,NYSE,,
DOMH,Dominari Holdings Inc.,NASDAQ,"Security Brokers, Dealers & Flotation Companies",6211,12239,DE,1231,,Aikido Pharma Inc.; AIkido Pharma Inc.; SPHERIX INC; BIOSPHERICS INC,Nasdaq,,
DOMO,"DOMO, INC.",NASDAQ,Services-Prepackaged Software,7372,1505952,DE,0131,,"SHACHO, INC.",Nasdaq,,
DOO,BRP Inc.,NASDAQ,Miscellaneous Transportation Equipment,3790,1748797,A8,,,,Nasdaq,,
DORM,"Dorman Products, Inc.",NASDAQ,Motor Vehicle Parts & Accessories,3714,868780,PA,1228,,R & B INC,Nasdaq,,
DOUG,Douglas Elliman Inc.,NYSE,Real Estate Agents & Managers (For Others),6531,1878897,DE,1231,,Douglas Elliman Inc.,NYSE,,
DOV,DOVER Corp,NYSE,"Construction, Mining & Materials Handling Machinery & Equip",3530,29905,NY,1231,,,NYSE,,
DOW,DOW INC.,NYSE,"Plastic Materials, Synth Resins & Nonvulcan Elastomers",2821,1751788,DE,1231,,Dow Holdings Inc.,NYSE,,
DOX,AMDOCS LTD,NASDAQ,Services-Computer Programming Services,7371,1062579,X0,0930,,,Nasdaq,,
DPC,DPC Holdings PLC,NYSE,Nonferrous Foundries (Castings),3360,2107018,Y9,1231,,DPC Holdings Ltd,NYSE,,
DPRO,Draganfly Inc.,NASDAQ,Aircraft,3721,1786286,A1,1231,,,Nasdaq,,
DPU,Top KingWin Ltd,NASDAQ,"Services-Business Services, NEC",7389,1938865,E9,1231,,,Nasdaq,,
DPZ,DOMINOS PIZZA INC,NASDAQ,Wholesale-Groceries & Related Products,5140,1286681,DE,0102,,,Nasdaq,,
DRCT,"Direct Digital Holdings, Inc.",NASDAQ,Services-Advertising,7310,1880613,DE,1231,,,Nasdaq,,
DRH,DiamondRock Hospitality Co,NASDAQ,Real Estate Investment Trusts,6798,1298946,,1231,,,Nasdaq,,
DRI,DARDEN RESTAURANTS INC,NYSE,Retail-Eating  Places,5812,940944,FL,0531,,,NYSE,,
DRIO,DarioHealth Corp.,NASDAQ,Surgical & Medical Instruments & Apparatus,3841,1533998,DE,1231,,LabStyle Innovations Corp.,Nasdaq,,
DRMA,"Dermata Therapeutics, Inc.",NASDAQ,Pharmaceutical Preparations,2834,1853816,DE,1231,,"Dermata Therapeutics, Inc.","Nasdaq, Nasdaq",,
DRS,"Leonardo DRS, Inc.",NASDAQ,"Search, Detection, Navigation, Guidance, Aeronautical Sys",3812,1833756,DE,1231,,,Nasdaq,,
DRTS,Alpha Tau Medical Ltd.,NASDAQ,Surgical & Medical Instruments & Apparatus,3841,1871321,L3,1231,,,"Nasdaq, Nasdaq",,
DRUG,BRIGHT MINDS BIOSCIENCES INC.,NASDAQ,Pharmaceutical Preparations,2834,1827401,A1,0930,,,Nasdaq,,
DRVN,Driven Brands Holdings Inc.,NASDAQ,"Services-Automotive Repair, Services & Parking",7500,1804745,DE,1227,,RC Driven Holdings LLC,Nasdaq,,
DSGN,"Design Therapeutics, Inc.",NASDAQ,Pharmaceutical Preparations,2834,1807120,DE,1231,,,Nasdaq,,
DSGR,"Distribution Solutions Group, Inc.",NASDAQ,"Wholesale-Machinery, Equipment & Supplies",5080,703604,DE,1231,,LAWSON PRODUCTS INC/NEW/DE/,Nasdaq,,
DSGX,DESCARTES SYSTEMS GROUP INC,NASDAQ,Services-Prepackaged Software,7372,1050140,A6,0131,,,Nasdaq,,
DSP,Viant Technology Inc.,NASDAQ,"Services-Computer Programming, Data Processing, Etc.",7370,1828791,DE,1231,,,Nasdaq,,
DSS,"DSS, INC.",NYSE American,Paperboard Containers & Boxes,2650,771999,NY,1231,,DOCUMENT SECURITY SYSTEMS INC; NEW SKY COMMUNICATIONS INC,NYSE,,
DSWL,DESWELL INDUSTRIES INC,NASDAQ,"Plastics Products, NEC",3089,946936,,0331,,,Nasdaq,,
DSX,DIANA SHIPPING INC.,NYSE,Deep Sea Foreign Transportation of  Freight,4412,1318885,,,,,"NYSE, NYSE, NYSE",,
DSY,Big Tree Cloud Holdings Ltd,NASDAQ,Converted Paper & Paperboard Prods (No Contaners/Boxes),2670,1999297,E9,0630,,,"Nasdaq, Nasdaq",,
DT,"Dynatrace, Inc.",NYSE,Services-Prepackaged Software,7372,1773383,DE,0331,,Dynatrace Holdings LLC,NYSE,,
DTB,DTE ENERGY CO,NYSE,Electric Services,4911,936340,MI,1231,,DTE HOLDINGS INC,"NYSE, NYSE, NYSE, NYSE, NYSE",,
DTCX,"Datacentrex, Inc.",NASDAQ,Services-Computer Processing & Data Preparation,7374,1853825,NV,1231,,THUMZUP MEDIA Corp,Nasdaq,,
DTE,DTE ENERGY CO,NYSE,Electric Services,4911,936340,MI,1231,,DTE HOLDINGS INC,"NYSE, NYSE, NYSE, NYSE, NYSE",,
DTG,DTE ENERGY CO,NYSE,Electric Services,4911,936340,MI,1231,,DTE HOLDINGS INC,"NYSE, NYSE, NYSE, NYSE, NYSE",,
DTI,Drilling Tools International Corp,NASDAQ,Oil & Gas Field Machinery & Equipment,3533,1884516,DE,1231,,ROC Energy Acquisition Corp.,Nasdaq,,
DTIL,PRECISION BIOSCIENCES INC,NASDAQ,"Biological Products, (No Diagnostic Substances)",2836,1357874,DE,0521,,,Nasdaq,,
DTK,DTE ENERGY CO,NYSE,Electric Services,4911,936340,MI,1231,,DTE HOLDINGS INC,"NYSE, NYSE, NYSE, NYSE, NYSE",,
DTM,"DT Midstream, Inc.",NYSE,Natural Gas Transmission,4922,1842022,DE,1231,,,NYSE,,
DTSS,Datasea Intelligent Technology Ltd.,NASDAQ,Services-Prepackaged Software,7372,2110423,D8,0630,,,Nasdaq,,
DTST,Data Storage Corp,NASDAQ,Services-Computer Processing & Data Preparation,7374,1419951,NV,1231,,Euro Trend Inc.,Nasdaq,,
DTW,DTE ENERGY CO,NYSE,Electric Services,4911,936340,MI,1231,,DTE HOLDINGS INC,"NYSE, NYSE, NYSE, NYSE, NYSE",,
DUK,Duke Energy CORP,NYSE,Electric & Other Services Combined,4931,1326160,DE,1231,,Duke Energy Holding Corp.; Deer Holding Corp.,"NYSE, NYSE, NYSE, NYSE, OTC",,
DUKB,Duke Energy CORP,NYSE,Electric & Other Services Combined,4931,1326160,DE,1231,,Duke Energy Holding Corp.; Deer Holding Corp.,"NYSE, NYSE, NYSE, NYSE, OTC",,
DUKR,DUKE Robotics Corp.,NASDAQ,Aircraft,3721,1638911,NV,1231,,UAS Drone Corp.,"Nasdaq, Nasdaq",,
DUO,Fangdd Network Group Ltd.,NASDAQ,Real Estate,6500,1750593,E9,1231,,,Nasdaq,,
DUOL,"Duolingo, Inc.",NASDAQ,Services-Prepackaged Software,7372,1562088,DE,1231,,,Nasdaq,,
DUOT,"DUOS TECHNOLOGIES GROUP, INC.",NASDAQ,Services-Prepackaged Software,7372,1396536,FL,1231,,"DUOS TECHNOLOGY GROUP, INC.; INFORMATION SYSTEMS ASSOCIATES, INC.",Nasdaq,,
DV,"DoubleVerify Holdings, Inc.",NYSE,"Services-Computer Programming, Data Processing, Etc.",7370,1819928,DE,1231,,,NYSE,,
DVA,DAVITA INC.,NYSE,"Services-Misc Health & Allied Services, NEC",8090,927066,DE,1231,,DAVITA HEALTHCARE PARTNERS INC.; DAVITA INC; TOTAL RENAL CARE HOLDINGS INC,NYSE,,
DVLT,Datavault AI Inc.,NASDAQ,"Services-Business Services, NEC",7389,1682149,DE,1231,,"WISA TECHNOLOGIES, INC.; Summit Wireless Technologies, Inc.; Summit Semiconductor Inc.; SUMMIT SEMICONDUCTOR LLC",Nasdaq,,
DVN,DEVON ENERGY CORP/DE,NYSE,Crude Petroleum & Natural Gas,1311,1090012,DE,1231,,DEVON ENERGY CORP; DEVON DELAWARE CORP,NYSE,,
DWSN,DAWSON GEOPHYSICAL CO,NASDAQ,Oil & Gas Field Exploration Services,1382,799165,TX,1231,,TGC INDUSTRIES INC,Nasdaq,,
DWTX,"Dogwood Therapeutics, Inc.",NASDAQ,Pharmaceutical Preparations,2834,1818844,DE,1231,,"Virios Therapeutics, Inc.; Virios Therapeutics, LLC",Nasdaq,,
DX,DYNEX CAPITAL INC,NYSE,Real Estate Investment Trusts,6798,826675,VA,1231,,RESOURCE MORTGAGE CAPITAL INC/VA,"NYSE, NYSE",,
DXC,DXC Technology Co,NYSE,Services-Computer Processing & Data Preparation,7374,1688568,NV,0331,,"Everett SpinCo, Inc.",NYSE,,
DXCM,DEXCOM INC,NASDAQ,Surgical & Medical Instruments & Apparatus,3841,1093557,DE,1231,,,Nasdaq,,
DXLG,"DESTINATION XL GROUP, INC.",NASDAQ,Retail-Family Clothing Stores,5651,813298,DE,0131,,CASUAL MALE RETAIL GROUP INC; DESIGNS INC,Nasdaq,,
DXPE,DXP ENTERPRISES INC,NASDAQ,Wholesale-Industrial Machinery & Equipment,5084,1020710,TX,1231,,INDEX INC,Nasdaq,,
DXST,Decent Holding Inc.,NASDAQ,Sanitary Services,4950,1958133,,,,,Nasdaq,,
DXYZ,Destiny Tech100 Inc.,NYSE,,,1843974,MD,1231,,,NYSE,,
DY,DYCOM INDUSTRIES INC,NYSE,"Water, Sewer, Pipeline, Comm & Power Line Construction",1623,67215,FL,0130,,,NYSE,,
DYAI,DYADIC INTERNATIONAL INC,NASDAQ,"Biological Products, (No Diagnostic Substances)",2836,1213809,DE,1231,,CCP WORLDWIDE INC,Nasdaq,,
DYN,"Dyne Therapeutics, Inc.",NASDAQ,Pharmaceutical Preparations,2834,1818794,DE,1231,,,Nasdaq,,
DYNC,Dynamix Corp,NASDAQ,Blank Checks,6770,2028699,,1231,,,"Nasdaq, Nasdaq, Nasdaq",,
DYOR,Insight Digital Partners II,NASDAQ,Blank Checks,6770,2079292,E9,1231,,,"Nasdaq, Nasdaq, Nasdaq",,
E,ENI SPA,NYSE,Crude Petroleum & Natural Gas,1311,1002242,L6,1231,,,"NYSE, OTC",,
EAF,GRAFTECH INTERNATIONAL LTD,NYSE,Electrical Industrial Apparatus,3620,931148,DE,1231,,UCAR INTERNATIONAL INC,NYSE,,
EAI,"ENTERGY ARKANSAS, LLC",NYSE,Electric Services,4911,7323,TX,1231,,ENTERGY ARKANSAS INC; ARKANSAS POWER & LIGHT CO,NYSE,,
EARN,Ellington Credit Co,NYSE,Real Estate Investment Trusts,6798,1560672,DE,0331,,Ellington Residential Mortgage REIT,"NYSE, NYSE",,
EAT,"BRINKER INTERNATIONAL, INC",NYSE,Retail-Eating  Places,5812,703351,DE,0624,,BRINKER INTERNATIONAL INC,NYSE,,
EBAY,EBAY INC,NASDAQ,"Services-Business Services, NEC",7389,1065088,DE,1231,,,Nasdaq,,
EBC,"Eastern Bankshares, Inc.",NASDAQ,"Savings Institution, Federally Chartered",6035,1810546,MA,1231,,,Nasdaq,,
EBF,"ENNIS, INC.",NYSE,Manifold Business Forms,2761,33002,TX,1231,,ENNIS BUSINESS FORMS INC,NYSE,,
EBMT,"Eagle Bancorp Montana, Inc.",NASDAQ,State Commercial Banks,6022,1478454,DE,1231,,,Nasdaq,,
EBON,Ebang International Holdings Inc.,NASDAQ,"Security & Commodity Brokers, Dealers, Exchanges & Services",6200,1799290,E9,1231,,,Nasdaq,,
EBS,Emergent BioSolutions Inc.,NYSE,Pharmaceutical Preparations,2834,1367644,DE,1231,,,NYSE,,
ECBK,"ECB Bancorp, Inc. /MD/",NASDAQ,"Savings Institutions, Not Federally Chartered",6036,1914605,MD,1231,,,Nasdaq,,
ECC,Eagle Point Credit Co,NYSE,,,1604174,DE,1231,,Eagle Point Credit Co Inc.; Eagle Point Credit Co LLC,"NYSE, NYSE, NYSE, NYSE, NYSE",,
ECG,"Everus Construction Group, Inc.",NYSE,Operative Builders,1531,2015845,DE,1231,,,NYSE,,
ECHO,EchoStar CORP,NASDAQ,"Communications Services, NEC",4899,1415404,NV,1231,,EchoStar Holding CORP,Nasdaq,,
ECL,ECOLAB INC.,NYSE,"Soap, Detergents, Cleang Preparations, Perfumes, Cosmetics",2840,31462,DE,1231,,ECOLAB INC,NYSE,,
ECO,Okeanis Eco Tankers Corp.,NYSE,Deep Sea Foreign Transportation of  Freight,4412,1964954,1T,1231,,,NYSE,,
ECOR,"electroCore, Inc.",NASDAQ,Electromedical & Electrotherapeutic Apparatus,3845,1560258,DE,1231,,"ElectroCore, LLC",Nasdaq,,
ECPG,ENCORE CAPITAL GROUP INC,NASDAQ,Short-Term Business Credit Institutions,6153,1084961,DE,1231,,MCM CAPITAL GROUP INC,Nasdaq,,
ECVT,Ecovyst Inc.,NYSE,Chemicals & Allied Products,2800,1708035,DE,1231,,PQ Group Holdings Inc.,NYSE,,
ECX,ECARX Holdings Inc.,NASDAQ,Services-Computer Integrated Systems Design,7373,1861974,,,,,"Nasdaq, Nasdaq",,
ED,CONSOLIDATED EDISON INC,NYSE,Electric & Other Services Combined,4931,1047862,NY,1231,,,NYSE,,
EDBL,Edible Garden AG Inc,NASDAQ,Agricultural Production-Crops,0100,1809750,DE,1231,,Edible Garden Inc,"Nasdaq, Nasdaq",,
EDHL,Everbright Digital Holding Ltd.,NASDAQ,Services-Advertising,7310,2024876,E9,1231,,,Nasdaq,,
EDIT,"Editas Medicine, Inc.",NASDAQ,"Biological Products, (No Diagnostic Substances)",2836,1650664,DE,1231,,,Nasdaq,,
EDRY,EuroDry Ltd.,NASDAQ,Water Transportation,4400,1731388,1T,1231,,,Nasdaq,,
EDSA,"Edesa Biotech, Inc.",NASDAQ,Pharmaceutical Preparations,2834,1540159,A1,0930,,"Stellar Biotechnologies, Inc.",Nasdaq,,
EDTK,Skillful Craftsman Education Technology Ltd,NASDAQ,Services-Educational Services,8200,1782309,E9,0331,,,Nasdaq,,
EDU,New Oriental Education & Technology Group Inc.,NYSE,Services-Educational Services,8200,1372920,E9,0531,,,"NYSE, OTC",,
EDUC,EDUCATIONAL DEVELOPMENT CORP,NASDAQ,Wholesale-Miscellaneous Nondurable Goods,5190,31667,DE,0228,,,Nasdaq,,
EDVA,"Endovia Health Sciences, Inc.",NYSE American,Beverages,2080,1553788,NV,1231,,"SPLASH BEVERAGE GROUP, INC.; Canfield Medical Supply, Inc.","NYSE, NYSE",,
EE,"Excelerate Energy, Inc.",NYSE,Natural Gas Distribution,4924,1888447,DE,1231,,,NYSE,,
EEFT,"EURONET WORLDWIDE, INC.",NASDAQ,"Functions Related To Depository Banking, NEC",6099,1029199,DE,1231,,EURONET WORLDWIDE INC; EURONET SERVICES INC,Nasdaq,,
EEIQ,EpicQuest Education Group International Ltd,NASDAQ,Services-Educational Services,8200,1781397,D8,0930,,Elite Education Group International Ltd,Nasdaq,,
EFC,Ellington Financial Inc.,NYSE,Real Estate,6500,1411342,DE,1231,,Ellington Financial LLC,"NYSE, NYSE, NYSE, NYSE",,
EFOI,"ENERGY FOCUS, INC/DE",NASDAQ,Electric Lighting & Wiring Equipment,3640,924168,OH,1231,,FIBERSTARS INC /CA/,Nasdaq,,
EFOR,Everforth Inc,NYSE,Services-Help Supply Services,7363,890564,DE,1231,,ASGN Inc; ON ASSIGNMENT INC,NYSE,,
EFSC,ENTERPRISE FINANCIAL SERVICES CORP,NASDAQ,State Commercial Banks,6022,1025835,DE,1231,,ENTERBANK HOLDINGS INC,"Nasdaq, Nasdaq",,
EFSI,EAGLE FINANCIAL SERVICES INC,NASDAQ,State Commercial Banks,6022,880641,VA,1231,,,Nasdaq,,
EFTY,"ETOILES CAPITAL GROUP CO., LTD",NASDAQ,Services-Management Consulting Services,8742,2058349,,,,"Thrive Capital Group Co., LTD",Nasdaq,,
EFX,EQUIFAX INC,NYSE,"Services-Consumer Credit Reporting, Collection Agencies",7320,33185,GA,1231,,EQUIFAX INC,NYSE,,
EFXT,Enerflex Ltd.,NYSE,General Industrial Machinery & Equipment,3560,1904856,Z4,1231,,,NYSE,,
EG,"EVEREST GROUP, LTD.",NYSE,"Fire, Marine & Casualty Insurance",6331,1095073,D0,1231,,EVEREST RE GROUP LTD; EVEREST REINSURANCE GROUP LTD,NYSE,,
EGAN,EGAIN Corp,NASDAQ,Services-Prepackaged Software,7372,1066194,DE,0630,,EGAIN COMMUNICATIONS CORP,Nasdaq,,
EGBN,EAGLE BANCORP INC,NASDAQ,State Commercial Banks,6022,1050441,MD,1231,,,Nasdaq,,
EGG,ENIGMATIG LTD,NYSE American,Services-Management Consulting Services,8742,1982961,E9,0930,,Desfran Holdings Ltd,NYSE,,
EGHT,8X8 INC /DE/,NASDAQ,Services-Computer Processing & Data Preparation,7374,1023731,DE,0331,,NETERGY NETWORKS INC; 8X8 INC,Nasdaq,,
EGO,ELDORADO GOLD CORP /FI,NYSE,Gold and Silver Ores,1040,918608,A1,1231,,ELDORADO GOLD CORP                                      /FI,NYSE,,
EGP,EASTGROUP PROPERTIES INC,NYSE,Real Estate Investment Trusts,6798,49600,MD,1231,,EASTGROUP PROPERTIES II INC; EASTGROUP PROPERTIES,NYSE,,
EGY,VAALCO ENERGY INC /DE/,NYSE,Crude Petroleum & Natural Gas,1311,894627,DE,1231,,,NYSE,,
EH,EHang Holdings Ltd,NASDAQ,"Aircraft Parts & Auxiliary Equipment, NEC",3728,1759783,E9,1231,,,Nasdaq,,
EHC,Encompass Health Corp,NYSE,Services-Hospitals,8060,785161,DE,1231,,HEALTHSOUTH CORP; HEALTHSOUTH REHABILITATION CORP,NYSE,,
EHGO,EShallGo Inc.,NASDAQ,"Services-Equipment Rental & Leasing, NEC",7359,1879754,E9,0331,,,Nasdaq,,
EHLD,Euroholdings Ltd.,NASDAQ,Deep Sea Foreign Transportation of  Freight,4412,2032779,,,,,Nasdaq,,
EHTH,"eHealth, Inc.",NASDAQ,"Insurance Agents, Brokers & Service",6411,1333493,DE,1231,,,Nasdaq,,
EIC,Eagle Point Income Co Inc.,NYSE,,,1754836,DE,1231,,EP Income Co LLC,"NYSE, NYSE",,
EIG,"Employers Holdings, Inc.",NYSE,"Fire, Marine & Casualty Insurance",6331,1379041,NV,1231,,"Employers Holdings, Inc.",NYSE,,
EIKN,"Eikon Therapeutics, Inc.",NASDAQ,"Biological Products, (No Diagnostic Substances)",2836,1861123,DE,1231,,,Nasdaq,,
EIX,EDISON INTERNATIONAL,NYSE,Electric Services,4911,827052,CA,1231,,SCECORP,NYSE,,
EJH,E-Home Household Service Holdings Ltd,NASDAQ,Services-Miscellaneous Repair Services,7600,1769768,E9,0630,,,Nasdaq,,
EL,ESTEE LAUDER COMPANIES INC,NYSE,"Perfumes, Cosmetics & Other Toilet Preparations",2844,1001250,DE,0630,,,NYSE,,
ELA,Envela Corp,NYSE American,Retail-Jewelry Stores,5944,701719,NV,1231,,DGSE COMPANIES INC; DALLAS GOLD & SILVER EXCHANGE INC /NV/,NYSE,,
ELAB,PMGC Holdings Inc.,NASDAQ,Pharmaceutical Preparations,2834,1840563,DE,1231,,Elevai Labs Inc.; Reactive Medical Labs Inc.,Nasdaq,,
ELAN,Elanco Animal Health Inc,NYSE,Pharmaceutical Preparations,2834,1739104,,1231,,,NYSE,,
ELBM,Electra Battery Materials Corp,NASDAQ,Mining & Quarrying of  Nonmetallic Minerals (No Fuels),1400,1907184,A6,1231,,,Nasdaq,,
ELDN,"Eledon Pharmaceuticals, Inc.",NASDAQ,Pharmaceutical Preparations,2834,1404281,DE,1231,,"Eledon Pharmaceuticals, Inc.; Novus Therapeutics, Inc.; Tokai Pharmaceuticals Inc",Nasdaq,,
ELE,Elemental Royalty Corp,NASDAQ,Gold and Silver Ores,1040,2086771,A1,1231,,Elemental Altus Royalties Corp.,Nasdaq,,
ELF,"e.l.f. Beauty, Inc.",NYSE,"Perfumes, Cosmetics & Other Toilet Preparations",2844,1600033,DE,0331,,"J.A. Cosmetics Holdings, Inc.",NYSE,,
ELLO,Ellomay Capital Ltd.,NYSE American,Electric Services,4911,946394,L3,1231,,NUR MACROPRINTERS LTD,NYSE,,
ELMD,"Electromed, Inc.",NYSE American,Electromedical & Electrotherapeutic Apparatus,3845,1488917,MN,0630,,,NYSE,,
ELME,Elme Communities,NYSE,Real Estate Investment Trusts,6798,104894,MD,1231,,WASHINGTON REAL ESTATE INVESTMENT TRUST,NYSE,,
ELMT,Elmet Group Co.,NASDAQ,Miscellaneous Fabricated Metal Products,3490,2101698,DE,0101,,,Nasdaq,,
ELOG,Eastern International Ltd.,NASDAQ,Arrangement of  Transportation of  Freight & Cargo,4731,2013320,E9,0331,,,Nasdaq,,
ELOX,"Eloxx Pharmaceuticals, Inc.",NASDAQ,"Biological Products, (No Diagnostic Substances)",2836,1035354,DE,1231,,"Sevion Therapeutics, Inc.; SENESCO TECHNOLOGIES INC; NAVA LEISURE USA INC",Nasdaq,,
ELPW,Elong Power Holding Ltd.,NASDAQ,"Miscellaneous Electrical Machinery, Equipment & Supplies",3690,2015691,E9,1231,,,Nasdaq,,
ELS,EQUITY LIFESTYLE PROPERTIES INC,NYSE,Real Estate Investment Trusts,6798,895417,MD,1231,,MANUFACTURED HOME COMMUNITIES INC,NYSE,,
ELTK,ELTEK LTD,NASDAQ,Printed Circuit Boards,3672,1024672,L3,1231,,,Nasdaq,,
ELTX,"Elicio Therapeutics, Inc.",NASDAQ,Pharmaceutical Preparations,2834,1601485,DE,1231,,Angion Biomedica Corp.,Nasdaq,,
ELUT,ELUTIA INC.,NASDAQ,"Biological Products, (No Diagnostic Substances)",2836,1708527,DE,1231,,"AZIYO BIOLOGICS, INC.",Nasdaq,,
ELV,"Elevance Health, Inc.",NYSE,Hospital & Medical Service Plans,6324,1156039,IN,1231,,"Anthem, Inc.; WELLPOINT, INC; WELLPOINT INC; ANTHEM INC",NYSE,,
ELVA,Electrovaya Inc.,NASDAQ,"Miscellaneous Electrical Machinery, Equipment & Supplies",3690,1844450,A6,0930,,,Nasdaq,,
ELVN,"Enliven Therapeutics, Inc.",NASDAQ,Pharmaceutical Preparations,2834,1672619,DE,1231,,IMARA Inc.,Nasdaq,,
ELVR,Elevra Lithium Ltd,NASDAQ,Mining & Quarrying of  Nonmetallic Minerals (No Fuels),1400,1739016,C3,0630,,Sayona Mining Ltd,"Nasdaq, OTC",,
ELWT,"Elauwit Connection, Inc.",NASDAQ,"Communications Services, NEC",4899,2063863,,1231,,,Nasdaq,,
EMA,EMERA INC,NYSE,Electric Services,4911,1127248,,1231,,,"NYSE, OTC, OTC, OTC",,
EMAT,Evolution Metals & Technologies Corp.,NASDAQ,"Miscellaneous Electrical Machinery, Equipment & Supplies",3690,1866226,DE,1231,,Welsbach Technology Metals Acquisition Corp.,Nasdaq,,
EMBC,Embecta Corp.,NASDAQ,Surgical & Medical Instruments & Apparatus,3841,1872789,DE,0930,,"Berra Newco, Inc.",Nasdaq,,
EMBJ,EMBRAER S.A.,NYSE,Aircraft,3721,1355444,,,,Embraer - Empresa Brasileira de Aeronautica S.A.; EMPRESA BRASILEIRA DE AERONAUTICA S.A.; Rio Han Holding,NYSE,,
EME,"EMCOR Group, Inc.",NYSE,Electrical Work,1731,105634,DE,1231,,EMCOR GROUP INC; JWP INC/DE/,NYSE,,
EML,EASTERN CO,NASDAQ,"Cutlery, Handtools & General Hardware",3420,31107,CT,0103,,,Nasdaq,,
EMN,EASTMAN CHEMICAL CO,NYSE,"Plastic Materials, Synth Resins & Nonvulcan Elastomers",2821,915389,DE,1231,,,NYSE,,
EMP,"ENTERGY MISSISSIPPI, LLC",NYSE,Electric Services,4911,66901,TX,1231,,ENTERGY MISSISSIPPI INC; MISSISSIPPI POWER & LIGHT CO,NYSE,,
EMPD,Empery Digital Inc.,NASDAQ,Finance Services,6199,1829794,DE,1231,,"Empery Digital, Inc.; Volcon, Inc.",Nasdaq,,
EMR,EMERSON ELECTRIC CO,NYSE,Electronic & Other Electrical Equipment (No Computer Equip),3600,32604,MO,0930,,,NYSE,,
ENB,ENBRIDGE INC,NYSE,Pipe Lines (No Natural Gas),4610,895728,A0,1231,,IPL ENERGY INC,"NYSE, OTC, OTC, OTC, OTC, OTC, OTC, OTC, OTC, OTC, OTC, OTC, OTC, OTC, OTC, OTC",,
ENGN,enGene Therapeutics Inc.,NASDAQ,"Biological Products, (No Diagnostic Substances)",2836,1980845,Z4,1031,,enGene Holdings Inc.,"Nasdaq, Nasdaq",,
ENGS,Energys Group Ltd,NASDAQ,Electrical Work,1731,1971828,E9,0630,,,Nasdaq,,
ENHA,Enhanced Group Inc.,NYSE,Services-Miscellaneous Amusement & Recreation,7990,1956439,TX,1231,,AParadise Acquisition Corp.; AParadigm Acquisition Corp.; Paradigm Acquisition Corp.,NYSE,,
ENJ,"ENTERGY NEW ORLEANS, LLC",NYSE,Electric & Other Services Combined,4931,71508,TX,1231,,"ENTERGY NEW ORLEANS, INC; ENTERGY NEW ORLEANS INC; NEW ORLEANS PUBLIC SERVICE INC","NYSE, NYSE",,
ENLT,Enlight Renewable Energy Ltd.,NASDAQ,Electric Services,4911,1922641,L3,1231,,,Nasdaq,,
ENLV,Enlivex Ltd.,NASDAQ,Pharmaceutical Preparations,2834,1596812,L3,1231,,Enlivex Therapeutics Ltd.; Bioblast Pharma Ltd.; BIO BLAST PHARMA LTD.,Nasdaq,,
ENO,"ENTERGY NEW ORLEANS, LLC",NYSE,Electric & Other Services Combined,4931,71508,TX,1231,,"ENTERGY NEW ORLEANS, INC; ENTERGY NEW ORLEANS INC; NEW ORLEANS PUBLIC SERVICE INC","NYSE, NYSE",,
ENOV,Enovis CORP,NYSE,"Orthopedic, Prosthetic & Surgical Appliances & Supplies",3842,1420800,DE,1231,,Colfax CORP,NYSE,,
ENPH,"Enphase Energy, Inc.",NASDAQ,Semiconductors & Related Devices,3674,1463101,DE,1231,,,Nasdaq,,
ENR,"ENERGIZER HOLDINGS, INC.",NYSE,"Miscellaneous Electrical Machinery, Equipment & Supplies",3690,1632790,MO,0930,,"Energizer SpinCo, Inc.",NYSE,,
ENS,EnerSys,NYSE,"Miscellaneous Electrical Machinery, Equipment & Supplies",3690,1289308,DE,0331,,,NYSE,,
ENSC,"Ensysce Biosciences, Inc.",NASDAQ,Pharmaceutical Preparations,2834,1716947,DE,1231,,Leisure Acquisition Corp.,Nasdaq,,
ENSG,"ENSIGN GROUP, INC",NASDAQ,Services-Skilled Nursing Care Facilities,8051,1125376,,1231,,,Nasdaq,,
ENTA,ENANTA PHARMACEUTICALS INC,NASDAQ,Pharmaceutical Preparations,2834,1177648,,0930,,,Nasdaq,,
ENTG,ENTEGRIS INC,NASDAQ,"Plastics Products, NEC",3089,1101302,DE,1231,,,Nasdaq,,
ENTX,Entera Bio Ltd.,NASDAQ,"Biological Products, (No Diagnostic Substances)",2836,1638097,L3,1231,,,Nasdaq,,
ENVA,"Enova International, Inc.",NYSE,Personal Credit Institutions,6141,1529864,DE,1231,,"Enova International, Inc.",NYSE,,
ENVB,"Enveric Biosciences, Inc.",NASDAQ,Pharmaceutical Preparations,2834,890821,DE,1231,,"AMERI Holdings, Inc.; SPATIALIZER AUDIO LABORATORIES INC",Nasdaq,,
ENVX,Enovix Corp,NASDAQ,"Miscellaneous Electrical Machinery, Equipment & Supplies",3690,1828318,,1228,,Rodgers Silicon Valley Acquisition Corp,Nasdaq,,
EOCN,Galmed Pharmaceuticals Ltd.,NASDAQ,Pharmaceutical Preparations,2834,1595353,L3,1231,,,Nasdaq,,
EOG,EOG RESOURCES INC,NYSE,Crude Petroleum & Natural Gas,1311,821189,DE,1231,,ENRON OIL & GAS CO,NYSE,,
EOLS,"Evolus, Inc.",NASDAQ,Pharmaceutical Preparations,2834,1570562,DE,1231,,"Evolus, Inc.",Nasdaq,,
EONR,EON Resources Inc.,NYSE American,Crude Petroleum & Natural Gas,1311,1842556,DE,1231,,HNR Acquisition Corp.,"NYSE, NYSE",,
EOSE,"Eos Energy Enterprises, Inc.",NASDAQ,"Miscellaneous Electrical Machinery, Equipment & Supplies",3690,1805077,DE,1231,,B. Riley Principal Merger Corp. II,"Nasdaq, Nasdaq",,
EP,EMPIRE PETROLEUM CORP,NYSE American,Crude Petroleum & Natural Gas,1311,887396,DE,1231,,AMERICOMM RESOURCES CORP,NYSE,,
EPAC,ENERPAC TOOL GROUP CORP,NYSE,Misc Industrial & Commercial Machinery & Equipment,3590,6955,WI,0831,,ACTUANT CORP; APPLIED POWER INC,NYSE,,
EPAM,"EPAM Systems, Inc.",NYSE,Services-Computer Programming Services,7371,1352010,DE,1231,,EPAM SYSTEMS INC,NYSE,,
EPC,EDGEWELL PERSONAL CARE Co,NYSE,"Perfumes, Cosmetics & Other Toilet Preparations",2844,1096752,MO,0930,,ENERGIZER HOLDINGS INC,NYSE,,
EPD,ENTERPRISE PRODUCTS PARTNERS L.P.,NYSE,Natural Gas Transmission,4922,1061219,DE,1231,,ENTERPRISE PRODUCTS PARTNERS L P; ENTERPRISES PRODUCTS PARTNERS L P,"NYSE, OTC",,
EPM,EVOLUTION PETROLEUM CORP,NYSE American,Crude Petroleum & Natural Gas,1311,1006655,NV,0630,,EVOLUTION PETROLEUM CORP; NATURAL GAS SYSTEMS INC/NEW; REALITY INTERACTIVE INC,NYSE,,
EPOW,E-Power Inc.,NASDAQ,"Miscellaneous Electrical Machinery, Equipment & Supplies",3690,1780731,F4,,,"Sunrise New Energy Co., Ltd.; Global Internet of People, Inc.",Nasdaq,,
EPR,EPR PROPERTIES,NYSE,Real Estate Investment Trusts,6798,1045450,MD,1231,,ENTERTAINMENT PROPERTIES TRUST,"NYSE, NYSE, NYSE, NYSE",,
EPR$E,EPR Properties Series E Cumulative Conv Pfd Shs Ser E,NYSE,,,,,,,,,,
EPRX,EUPRAXIA PHARMACEUTICALS INC.,NASDAQ,Pharmaceutical Preparations,2834,1581178,A1,1231,,,Nasdaq,,
EPSM,Epsium Enterprise Ltd,NASDAQ,"Wholesale-Beer, Wine & Distilled Alcoholic Beverages",5180,1883437,D8,1231,,,Nasdaq,,
EPSN,Epsilon Energy Ltd.,NASDAQ,Crude Petroleum & Natural Gas,1311,1726126,A0,1231,,,Nasdaq,,
EQ,"Equillium, Inc.",NASDAQ,Pharmaceutical Preparations,2834,1746466,DE,1231,,,Nasdaq,,
EQBK,EQUITY BANCSHARES INC,NYSE,State Commercial Banks,6022,1227500,KS,1231,,,NYSE,,
EQH,"Equitable Holdings, Inc.",NYSE,"Insurance Agents, Brokers & Service",6411,1333986,DE,1231,,"AXA Equitable Holdings, Inc.; AXA AMERICA HOLDINGS, INC.","NYSE, NYSE, NYSE",,
EQIX,EQUINIX INC,NASDAQ,Real Estate Investment Trusts,6798,1101239,DE,1231,,,Nasdaq,,
EQNR,EQUINOR ASA,NYSE,Petroleum Refining,2911,1140625,,1231,,STATOIL ASA; STATOILHYDRO ASA,"NYSE, OTC",,
EQPT,EquipmentShare.com Inc,NASDAQ,"Services-Equipment Rental & Leasing, NEC",7359,1693736,TX,1231,,EquipmentShare.com Inc.,Nasdaq,,
EQS,"EQUUS TOTAL RETURN, INC.",NYSE,,,878932,DE,1231,,EQUUS II INC; EQUUS II INC ET AL,NYSE,,
EQT,EQT Corp,NYSE,Crude Petroleum & Natural Gas,1311,33213,PA,1231,,EQUITABLE RESOURCES INC /PA/,NYSE,,
EQX,Equinox Gold Corp.,NYSE American,Gold and Silver Ores,1040,1756607,A1,1231,,,NYSE,,
ERAS,"Erasca, Inc.",NASDAQ,Pharmaceutical Preparations,2834,1761918,DE,1231,,,Nasdaq,,
ERIE,ERIE INDEMNITY CO,NASDAQ,"Insurance Agents, Brokers & Service",6411,922621,PA,1231,,,Nasdaq,,
ERII,"Energy Recovery, Inc.",NASDAQ,"Special Industry Machinery, NEC",3559,1421517,DE,1231,,,Nasdaq,,
ERNA,Ernexa Therapeutics Inc.,NASDAQ,Pharmaceutical Preparations,2834,748592,DE,1231,,"Eterna Therapeutics Inc.; Brooklyn ImmunoTherapeutics, Inc.; NTN BUZZTIME INC; NTN COMMUNICATIONS INC","Nasdaq, Nasdaq",,
ERO,Ero Copper Corp.,NYSE,Metal Mining,1000,1853860,A1,1231,,,NYSE,,
EROC,"ERock, Inc.",NYSE,Electrical Industrial Apparatus,3620,2110029,DE,1231,,"Enchanted Rock, Inc.",NYSE,,
EROK,"EagleRock Land, LLC",NYSE,Oil Royalty Traders,6792,2104882,TX,1231,,,NYSE,,
ES,EVERSOURCE ENERGY,NYSE,Electric Services,4911,72741,MA,1231,,NORTHEAST UTILITIES; NORTHEAST UTILITIES SYSTEM,NYSE,,
ESAB,ESAB Corp,NYSE,"General Industrial Machinery & Equipment, NEC",3569,1877322,DE,1231,,,NYSE,,
ESCA,ESCALADE INC,NASDAQ,"Sporting & Athletic Goods, NEC",3949,33488,IN,1231,,,Nasdaq,,
ESE,ESCO TECHNOLOGIES INC,NYSE,"Communications Equipment, NEC",3669,866706,MO,0930,,ESCO ELECTRONICS CORP,NYSE,,
ESEA,EUROSEAS LTD.,NASDAQ,Deep Sea Foreign Transportation of  Freight,4412,1341170,,,,,Nasdaq,,
ESI,Element Solutions Inc,NYSE,Miscellaneous Chemical Products,2890,1590714,,1231,,Platform Specialty Products Corp,NYSE,,
ESLA,"Estrella Immunopharma, Inc.",NASDAQ,"Biological Products, (No Diagnostic Substances)",2836,1844417,,1231,,TradeUP Acquisition Corp.,"Nasdaq, Nasdaq",,
ESLT,ELBIT SYSTEMS LTD,NASDAQ,"Aircraft Parts & Auxiliary Equipment, NEC",3728,1027664,L3,1231,,,Nasdaq,,
ESNT,Essent Group Ltd.,NYSE,Surety Insurance,6351,1448893,D0,1231,,,NYSE,,
ESOA,Energy Services of America CORP,NASDAQ,"Water, Sewer, Pipeline, Comm & Power Line Construction",1623,1357971,DE,0930,,Energy Services Acquisition Corp.,Nasdaq,,
ESP,ESPEY MFG & ELECTRONICS CORP,NYSE American,"Electronic Components, NEC",3679,33533,NY,0630,,ESPEY MANUFACTURING & ELECTRONICS CORP,NYSE,,
ESQ,"Esquire Financial Holdings, Inc.",NASDAQ,"Commercial Banks, NEC",6029,1531031,MD,1231,,,Nasdaq,,
ESTA,ESTABLISHMENT LABS HOLDINGS INC.,NASDAQ,"Orthopedic, Prosthetic & Surgical Appliances & Supplies",3842,1688757,D8,1231,,,Nasdaq,,
ESTC,Elastic N.V.,NYSE,Services-Prepackaged Software,7372,1707753,,0430,,Elasticsearch Global BV,NYSE,,
ETD,ETHAN ALLEN INTERIORS INC,NYSE,"Wood Household Furniture, (No Upholstered)",2511,896156,DE,0630,,ALLEN ETHAN INTERIORS INC,NYSE,,
ETN,Eaton Corp plc,NYSE,Misc Industrial & Commercial Machinery & Equipment,3590,1551182,,1231,,Eaton Corp Ltd,NYSE,,
ETO,Eaton Vance Tax-Advantaged Global Dividend Opportunities Fund,NYSE,,,1281926,,1031,,EATON VANCE TAX ADVANTAGED GLOBAL DIVIDEND OPPORTUNITIES FUN,NYSE,,
ETON,"Eton Pharmaceuticals, Inc.",NASDAQ,Pharmaceutical Preparations,2834,1710340,DE,1231,,,Nasdaq,,
ETOR,eToro Group Ltd.,NASDAQ,"Security Brokers, Dealers & Flotation Companies",6211,1493318,D8,1231,,Tradonomi Ltd.,Nasdaq,,
ETR,ENTERGY CORP /DE/,NYSE,Electric Services,4911,65984,DE,1231,,ENTERGY CORP/FL,NYSE,,
ETS,Elite Express Holding Inc.,NASDAQ,Trucking & Courier Services (No Air),4210,2053641,DE,1130,,,Nasdaq,,
ETSS,Energy Transition Special Opportunities,NYSE,Blank Checks,6770,2085932,E9,1231,,Climate Transition Special Opportunities SPAC I,"NYSE, NYSE, NYSE",,
ETSY,ETSY INC,NYSE,"Services-Business Services, NEC",7389,1370637,DE,1231,,,NYSE,,
EU,enCore Energy Corp.,NASDAQ,Miscellaneous Metal Ores,1090,1500881,A1,1231,,TIGRIS URANIUM CORP.,Nasdaq,,
EUDA,EUDA Health Holdings Ltd,NASDAQ,Services-Health Services,8000,1847846,D8,1231,,8i Acquisition 2 Corp.,"Nasdaq, Nasdaq",,
EVC,ENTRAVISION COMMUNICATIONS CORP,NYSE,Television Broadcasting Stations,4833,1109116,DE,1231,,,NYSE,,
EVCM,EverCommerce Inc.,NASDAQ,Services-Prepackaged Software,7372,1853145,DE,1231,,,Nasdaq,,
EVER,"EverQuote, Inc.",NASDAQ,"Services-Computer Programming, Data Processing, Etc.",7370,1640428,DE,1231,,"EverQuote, Inc.",Nasdaq,,
EVEX,"Eve Holding, Inc.",NYSE,Aircraft,3721,1823652,,1231,,Zanite Acquisition Corp.,"NYSE, NYSE",,
EVGN,Evogene Ltd.,NASDAQ,Agricultural Chemicals,2870,1574565,L3,1231,,,Nasdaq,,
EVGO,EVgo Inc.,NASDAQ,"Services-Automotive Repair, Services & Parking",7500,1821159,DE,1231,,EVgo Inc; Climate Change Crisis Real Impact I Acquisition Corp,Nasdaq,,
EVH,"Evolent Health, Inc.",NYSE,Services-Management Services,8741,1628908,DE,1231,,,NYSE,,
EVI,"EVI INDUSTRIES, INC.",NYSE American,Services-Personal Services,7200,65312,DE,0630,,"EnviroStar, Inc.; DRYCLEAN USA INC; METRO TEL CORP",NYSE,,
EVLV,"Evolv Technologies Holdings, Inc.",NASDAQ,"Computer Peripheral Equipment, NEC",3577,1805385,,1231,,NewHold Investment Corp.,Nasdaq,,
EVMN,"Evommune, Inc.",NYSE,Pharmaceutical Preparations,2834,2044725,DE,1231,,,NYSE,,
EVR,Evercore Inc.,NYSE,Investment Advice,6282,1360901,DE,1231,,Evercore Partners Inc.,NYSE,,
EVRG,"Evergy, Inc.",NASDAQ,Electric & Other Services Combined,4931,1711269,,1231,,"Monarch Energy Holding, Inc.",Nasdaq,,
EVTC,"EVERTEC, Inc.",NYSE,Services-Computer Processing & Data Preparation,7374,1559865,PR,1231,,,NYSE,,
EVTL,Vertical Aerospace Ltd.,NYSE,Aircraft,3721,1867102,E9,1231,,,"NYSE, OTC, OTC, OTC",,
EW,Edwards Lifesciences Corp,NYSE,"Orthopedic, Prosthetic & Surgical Appliances & Supplies",3842,1099800,DE,1231,,CVG CONTROLLED INC,NYSE,,
EWBC,EAST WEST BANCORP INC,NASDAQ,State Commercial Banks,6022,1069157,DE,1231,,,Nasdaq,,
EWTX,"Edgewise Therapeutics, Inc.",NASDAQ,Pharmaceutical Preparations,2834,1710072,DE,1231,,,Nasdaq,,
EXC,EXELON CORP,NASDAQ,Electric & Other Services Combined,4931,1109357,PA,1231,,,Nasdaq,,
EXE,EXPAND ENERGY Corp,NASDAQ,Crude Petroleum & Natural Gas,1311,895126,OK,1231,,CHESAPEAKE ENERGY CORP,Nasdaq,,
EXEL,"EXELIXIS, INC.",NASDAQ,"Biological Products, (No Diagnostic Substances)",2836,939767,DE,0101,,EXELIXIS INC,Nasdaq,,
EXFY,"Expensify, Inc.",NASDAQ,Services-Prepackaged Software,7372,1476840,DE,1231,,,Nasdaq,,
EXK,ENDEAVOUR SILVER CORP,NYSE,Gold and Silver Ores,1040,1277866,A1,1231,,ENDEAVOUR GOLD CORP,NYSE,,
EXLS,"ExlService Holdings, Inc.",NASDAQ,"Services-Business Services, NEC",7389,1297989,DE,1231,,,Nasdaq,,
EXOD,"Exodus Movement, Inc.",NYSE American,Finance Services,6199,1821534,TX,1231,,,NYSE,,
EXOZ,EXOZYMES INC.,NASDAQ,"Biological Products, (No Diagnostic Substances)",2836,2010788,NV,1231,,Invizyne Technologies Inc,Nasdaq,,
EXP,EAGLE MATERIALS INC,NYSE,"Cement, Hydraulic",3241,918646,DE,0331,,CENTEX CONSTRUCTION PRODUCTS INC,NYSE,,
EXPD,EXPEDITORS INTERNATIONAL OF WASHINGTON INC,NYSE,Arrangement of  Transportation of  Freight & Cargo,4731,746515,WA,1231,,,NYSE,,
EXPE,"Expedia Group, Inc.",NASDAQ,Transportation Services,4700,1324424,DE,1231,,"Expedia, Inc.",Nasdaq,,
EXPO,EXPONENT INC,NASDAQ,Services-Management Consulting Services,8742,851520,DE,0101,,FAILURE GROUP INC,Nasdaq,,
EXTR,EXTREME NETWORKS INC,NASDAQ,Computer Communications Equipment,3576,1078271,DE,0630,,,Nasdaq,,
EXYN,"Exyn Technologies, Inc.",NASDAQ,Services-Prepackaged Software,7372,1960355,DE,1231,,,"Nasdaq, Nasdaq",,
EYE,"National Vision Holdings, Inc.",NASDAQ,Ophthalmic Goods,3851,1710155,DE,0102,,,Nasdaq,,
EYPT,"EyePoint, Inc.",NASDAQ,Laboratory Analytical Instruments,3826,1314102,DE,1231,,"EyePoint Pharmaceuticals, Inc.; pSivida Corp.; pSivida LTD",Nasdaq,,
EZGO,EZGO Technologies Ltd.,NASDAQ,"Motorcycles, Bicycles & Parts",3751,1806904,D8,0930,,,Nasdaq,,
EZPW,EZCORP INC,NASDAQ,Retail-Miscellaneous Retail,5900,876523,DE,0930,,,Nasdaq,,
EZRA,"Reliance Global Group, Inc.",NASDAQ,"Insurance Agents, Brokers & Service",6411,1812727,FL,1231,,,Nasdaq,,
F,FORD MOTOR CO,NYSE,Motor Vehicles & Passenger Car Bodies,3711,37996,DE,1231,,,"NYSE, NYSE, NYSE, NYSE",,
FA,FIRST ADVANTAGE CORP,NASDAQ,Services-Computer Processing & Data Preparation,7374,1210677,,1231,,,Nasdaq,,
FABC,"Fabric.AI, Inc.",NASDAQ,"Communications Services, NEC",4899,1086745,DE,1231,,"StableX Technologies, Inc.; AYRO, Inc.; DropCar, Inc.; WPCS INTERNATIONAL INC; PHOENIX STAR VENTURES INC; WOWTOWN COM INC; PARAMOUNT SERVICES CORP",Nasdaq,,
FAC,Factorial Energy Inc.,NASDAQ,"Miscellaneous Electrical Machinery, Equipment & Supplies",3690,2049662,DE,1231,,Cartesian Growth Corp III,"Nasdaq, Nasdaq",,
FAF,First American Financial Corp,NYSE,Title Insurance,6361,1472787,DE,1231,,,NYSE,,
FAMI,"Farmmi, Inc.",NASDAQ,"Canned, Fruits, Veg, Preserves, Jams & Jellies",2033,1701261,E9,0930,,,Nasdaq,,
FANG,"Diamondback Energy, Inc.",NASDAQ,Crude Petroleum & Natural Gas,1311,1539838,DE,1231,,"Diamondback Energy, Inc.",Nasdaq,,
FAST,FASTENAL CO,NASDAQ,"Retail-Building Materials, Hardware, Garden Supply",5200,815556,MN,1231,,FASTENAL COMPANY,Nasdaq,,
FATE,FATE THERAPEUTICS INC,NASDAQ,"Biological Products, (No Diagnostic Substances)",2836,1434316,,1231,,,Nasdaq,,
FATN,Fatpipe Inc/UT,NASDAQ,Services-Prepackaged Software,7372,1993400,UT,0331,,,Nasdaq,,
FBDT,"First Breach, Inc.",NASDAQ,"Ordnance & Accessories, (No Vehicles/Guided Missiles)",3480,1892704,DE,1231,,,Nasdaq,,
FBGL,FBS Global Ltd,NASDAQ,General Bldg Contractors - Residential Bldgs,1520,1938534,E9,1231,,,Nasdaq,,
FBIN,"Fortune Brands Innovations, Inc.",NYSE,"Millwood, Veneer, Plywood, & Structural Wood Members",2430,1519751,DE,1227,,"Fortune Brands Home & Security, Inc.; Fortune Brands Home & Security LLC",NYSE,,
FBIO,"Fortress Biotech, Inc.",NASDAQ,Pharmaceutical Preparations,2834,1429260,DE,1231,,"Fortress Biotech, Inc.; CORONADO BIOSCIENCES INC","Nasdaq, Nasdaq",,
FBIZ,"FIRST BUSINESS FINANCIAL SERVICES, INC.",NASDAQ,State Commercial Banks,6022,1521951,WI,1231,,,Nasdaq,,
FBK,FB Financial Corp,NYSE,State Commercial Banks,6022,1649749,TN,1231,,"First South Bancorp, Inc.",NYSE,,
FBLA,"FB Bancorp, Inc. /MD/",NASDAQ,"Savings Institutions, Not Federally Chartered",6036,2013639,MD,1231,,,Nasdaq,,
FBLG,"FibroBiologics, Inc.",NASDAQ,Pharmaceutical Preparations,2834,1958777,DE,1231,,FibroBiologics Inc.,Nasdaq,,
FBNC,FIRST BANCORP /NC/,NASDAQ,State Commercial Banks,6022,811589,NC,1231,,,Nasdaq,,
FBP,FIRST BANCORP /PR/,NYSE,State Commercial Banks,6022,1057706,PR,1231,,,NYSE,,
FBYD,"Falcon's Beyond Global, Inc.",NASDAQ,Services-Miscellaneous Amusement & Recreation,7990,1937987,DE,1231,,"Falcons Beyond Global, Inc.","Nasdaq, Nasdaq, Nasdaq",,
FC,FRANKLIN COVEY CO,NYSE,Services-Management Services,8741,886206,UT,0831,,FRANKLIN QUEST CO; FRANKLIN QUEST COMPANY,NYSE,,
FCAP,FIRST CAPITAL INC,NASDAQ,"Savings Institution, Federally Chartered",6035,1070296,IN,1231,,,Nasdaq,,
FCBC,FIRST COMMUNITY BANKSHARES INC /VA/,NASDAQ,State Commercial Banks,6022,859070,VA,1231,,FIRST COMMUNITY BANCSHARES INC /NV/; FCFT INC,Nasdaq,,
FCBM,"First Carolina Financial Services, Inc.",NYSE,State Commercial Banks,6022,1531193,NC,1231,,,NYSE,,
FCCO,FIRST COMMUNITY CORP /SC/,NASDAQ,State Commercial Banks,6022,932781,SC,1231,,,Nasdaq,,
FCEL,FUELCELL ENERGY INC,NASDAQ,Electrical Industrial Apparatus,3620,886128,DE,1031,,ENERGY RESEARCH CORP /NY/,"Nasdaq, OTC",,
FCF,FIRST COMMONWEALTH FINANCIAL CORP /PA/,NYSE,National Commercial Banks,6021,712537,PA,1231,,,NYSE,,
FCFS,"FirstCash Holdings, Inc.",NASDAQ,Retail-Miscellaneous Retail,5900,840489,TX,1231,,"FIRSTCASH, INC; FIRST CASH FINANCIAL SERVICES INC; FIRST CASH INC",Nasdaq,,
FCHL,Fitness Champs Holdings Ltd,NASDAQ,Services-Miscellaneous Amusement & Recreation,7990,2023796,U0,1231,,,Nasdaq,,
FCN,"FTI CONSULTING, INC",NYSE,Services-Management Consulting Services,8742,887936,MD,1231,,FTI CONSULTING INC; FORENSIC TECHNOLOGIES INTERNATIONAL CORP,NYSE,,
FCNCA,FIRST CITIZENS BANCSHARES INC /DE/,NASDAQ,State Commercial Banks,6022,798941,DE,1231,,,"Nasdaq, OTC, Nasdaq, Nasdaq, Nasdaq",,
FCUV,FOCUS UNIVERSAL INC.,NASDAQ,"Industrial Instruments For Measurement, Display, and Control",3823,1590418,NV,1231,,,Nasdaq,,
FCX,FREEPORT-MCMORAN INC,NYSE,Metal Mining,1000,831259,DE,1231,,FREEPORT MCMORAN COPPER & GOLD INC,NYSE,,
FDBC,FIDELITY D & D BANCORP INC,NASDAQ,National Commercial Banks,6021,1098151,PA,1231,,,Nasdaq,,
FDMT,"4D Molecular Therapeutics, Inc.",NASDAQ,"Biological Products, (No Diagnostic Substances)",2836,1650648,DE,1231,,4D Molecular Therapeutics Inc.; 4D Molecular Therapeutics Inc,Nasdaq,,
FDS,FACTSET RESEARCH SYSTEMS INC,NYSE,"Services-Computer Programming, Data Processing, Etc.",7370,1013237,DE,0831,,,NYSE,,
FDSB,"Fifth District Bancorp, Inc.",NASDAQ,"Savings Institution, Federally Chartered",6035,2012726,MD,1231,,,Nasdaq,,
FDX,FEDEX CORP,NYSE,Air Courier Services,4513,1048911,DE,0531,,FDX CORP,NYSE,,
FDXF,"FedEx Freight Holding Company, Inc.",NYSE,Air Courier Services,4513,2082247,DE,0531,,,NYSE,,
FE,FIRSTENERGY CORP,NYSE,Electric Services,4911,1031296,OH,1231,,,NYSE,,
FEAM,"5E Advanced Materials, Inc.",NASDAQ,Mining & Quarrying of  Nonmetallic Minerals (No Fuels),1400,1888654,,0630,,,"Nasdaq, OTC",,
FEBO,Fenbo Holdings Ltd,NASDAQ,Electric Housewares & Fans,3634,1957001,E9,1231,,,Nasdaq,,
FEED,"ENvue Medical, Inc.",NASDAQ,"Orthopedic, Prosthetic & Surgical Appliances & Supplies",3842,1326706,DE,1231,,"NanoVibronix, Inc.; Nano Vibronix, Inc.; Nano Vibronix Inc",Nasdaq,,
FEIM,FREQUENCY ELECTRONICS INC,NASDAQ,Instruments For Meas & Testing of  Electricity & Elec Signals,3825,39020,DE,0430,,,Nasdaq,,
FELE,FRANKLIN ELECTRIC CO INC,NASDAQ,Motors & Generators,3621,38725,IN,1231,,,Nasdaq,,
FEMY,FEMASYS INC,NASDAQ,Surgical & Medical Instruments & Apparatus,3841,1339005,DE,1231,,,Nasdaq,,
FENC,FENNEC PHARMACEUTICALS INC.,NASDAQ,"Biological Products, (No Diagnostic Substances)",2836,1211583,A1,1231,,ADHEREX TECHNOLOGIES INC,Nasdaq,,
FER,Ferrovial N.V.,NASDAQ,Heavy Construction Other Than Bldg Const - Contractors,1600,1468522,P7,1231,,"Ferrovial SE; Ferrovial, S.A.; Cintra Concesiones de Infraestructuras de Transporte, S.A.",Nasdaq,,
FERG,Ferguson Enterprises Inc. /DE/,NYSE,Wholesale-Hardware & Plumbing & Heating Equipment & Supplies,5070,2011641,DE,1231,,,NYSE,,
FET,"FORUM ENERGY TECHNOLOGIES, INC.",NYSE,Oil & Gas Field Machinery & Equipment,3533,1401257,DE,1231,,FORUM OILFIELD TECHNOLOGIES INC,NYSE,,
FF,FutureFuel Corp.,NYSE,Industrial Organic Chemicals,2860,1337298,DE,1231,,Viceroy Acquisition CORP,NYSE,,
FFAI,FARADAY FUTURE INTELLIGENT ELECTRIC INC.,NASDAQ,Motor Vehicles & Passenger Car Bodies,3711,1805521,DE,1231,,Property Solutions Acquisition Corp.,Nasdaq,,
FFBC,FIRST FINANCIAL BANCORP /OH/,NASDAQ,National Commercial Banks,6021,708955,OH,1231,,,Nasdaq,,
FFIN,FIRST FINANCIAL BANKSHARES INC,NASDAQ,State Commercial Banks,6022,36029,TX,1231,,,Nasdaq,,
FFIV,"F5, INC.",NASDAQ,Computer Communications Equipment,3576,1048695,WA,0930,,"F5 NETWORKS, INC.; F5 NETWORKS INC",Nasdaq,,
FG,"F&G Annuities & Life, Inc.",NYSE,Life Insurance,6311,1934850,DE,1231,,,"NYSE, NYSE, NYSE",,
FGBI,"First Guaranty Bancshares, Inc.",NASDAQ,"Savings Institution, Federally Chartered",6035,1408534,LA,1231,,,"Nasdaq, Nasdaq",,
FGI,FGI Industries Ltd.,NASDAQ,"Heating Equip, Except Elec & Warm Air; & Plumbing Fixtures",3430,1864943,E9,1231,,,"Nasdaq, Nasdaq",,
FGL,Founder Group Ltd,NASDAQ,Construction - Special Trade Contractors,1700,1989930,D8,1231,,,Nasdaq,,
FGNX,FG Nexus Inc.,NASDAQ,Finance Services,6199,1591890,,1231,,"Fundamental Global Inc.; FG Financial Group, Inc.; 1347 Property Insurance Holdings, Inc.","Nasdaq, Nasdaq",,
FHB,"FIRST HAWAIIAN, INC.",NASDAQ,State Commercial Banks,6022,36377,DE,1231,,BANCWEST CORP/HI; FIRST HAWAIIAN INC,Nasdaq,,
FHI,"FEDERATED HERMES, INC.",NYSE,Investment Advice,6282,1056288,PA,1231,,FEDERATED INVESTORS INC /PA/,NYSE,,
FHN,FIRST HORIZON CORP,NYSE,National Commercial Banks,6021,36966,TN,1231,,FIRST HORIZON NATIONAL CORP; FIRST TENNESSEE NATIONAL CORP,"NYSE, NYSE, NYSE, NYSE",,
FHTX,Foghorn Therapeutics Inc.,NASDAQ,Pharmaceutical Preparations,2834,1822462,DE,1231,,,Nasdaq,,
FIBK,FIRST INTERSTATE BANCSYSTEM INC,NASDAQ,State Commercial Banks,6022,860413,DE,1231,,FIRST INTERSTATE BANCSYSTEM OF MONTANA INC,Nasdaq,,
FICO,FAIR ISAAC CORP,NYSE,"Services-Business Services, NEC",7389,814547,DE,0930,,FAIR ISAAC & COMPANY INC,NYSE,,
FIEE,"FiEE, Inc.",NASDAQ,Telephone & Telegraph Apparatus,3661,1467761,DE,1231,,"MINIM, INC.; Zoom Telephonics, Inc.",Nasdaq,,
FIG,"Figma, Inc.",NYSE,Services-Prepackaged Software,7372,1579878,DE,1231,,,NYSE,,
FIGR,"Figure Technology Solutions, Inc.",NASDAQ,Loan Brokers,6163,2064124,DE,1231,,"Figure Technology Solutions, Inc.; FT Intermediate, Inc.","Nasdaq, OTC",,
FIGS,"FIGS, Inc.",NYSE,Apparel & Other Finishd Prods of  Fabrics & Similar Matl,2300,1846576,DE,1231,,,NYSE,,
FINW,Finwise Bancorp,NASDAQ,State Commercial Banks,6022,1856365,UT,1231,,,Nasdaq,,
FIP,FTAI Infrastructure Inc.,NASDAQ,"Railroads, Line-Haul Operating",4011,1899883,DE,1231,,FTAI Infrastructure LLC,Nasdaq,,
FIRY,Firy Inc.,NYSE,Services-Computer Processing & Data Preparation,7374,1801661,DE,1231,,Skillz Inc.; Flying Eagle Acquisition Corp.,NYSE,,
FIS,"Fidelity National Information Services, Inc.",NYSE,"Services-Business Services, NEC",7389,1136893,,1231,,CERTEGY INC; EQUIFAX PS INC,NYSE,,
FISI,FINANCIAL INSTITUTIONS INC,NASDAQ,National Commercial Banks,6021,862831,NY,1231,,FINANCIAL INSTITUTIONS INC,"Nasdaq, OTC, OTC",,
FISN,"DEEP FISSION, INC.",NASDAQ,Electric Services,4911,1918102,DE,1231,,Surfside Acquisition Inc.,Nasdaq,,
FISV,FISERV INC,NASDAQ,"Services-Business Services, NEC",7389,798354,WI,1231,,,Nasdaq,,
FITB,FIFTH THIRD BANCORP,NYSE,State Commercial Banks,6022,35527,OH,1231,,,"NYSE, NYSE, NYSE, NYSE, NYSE",,
FIVE,"FIVE BELOW, INC",NASDAQ,Retail-Variety Stores,5331,1177609,PA,0130,,FIVE BELOW INC; CHEAP HOLDINGS INC,Nasdaq,,
FIVN,"Five9, Inc.",NASDAQ,Services-Computer Processing & Data Preparation,7374,1288847,DE,1231,,Five 9 Inc,Nasdaq,,
FIX,COMFORT SYSTEMS USA INC,NYSE,Electrical Work,1731,1035983,,1231,,COMFORT SYSTEMS USA INC,NYSE,,
FIZZ,NATIONAL BEVERAGE CORP,NASDAQ,Bottled & Canned Soft Drinks & Carbonated Waters,2086,69891,DE,0502,,,Nasdaq,,
FKWL,FRANKLIN WIRELESS CORP,NASDAQ,Telephone & Telegraph Apparatus,3661,722572,NV,0630,,FRANKLIN TELECOMMUNICATIONS CORP,Nasdaq,,
FLD,"Fold Holdings, Inc.",NASDAQ,Finance Services,6199,1889123,DE,1231,,FTAC Emerald Acquisition Corp.; Emerald ESG Acquisition Corp,"Nasdaq, Nasdaq",,
FLEX,FLEX LTD.,NASDAQ,Printed Circuit Boards,3672,866374,U0,0331,,FLEXTRONICS INTERNATIONAL LTD.; FLEXTRONICS INTERNATIONAL LTD,Nasdaq,,
FLG,"FLAGSTAR BANK, NATIONAL ASSOCIATION",NYSE,"Savings Institutions, Not Federally Chartered",6036,910073,,1231,,"FLAGSTAR FINANCIAL, INC.; NEW YORK COMMUNITY BANCORP, INC.; NEW YORK COMMUNITY BANCORP INC; QUEENS COUNTY BANCORP INC","NYSE, NYSE, NYSE",,
FLGT,"Fulgent Genetics, Inc.",NASDAQ,Services-Medical Laboratories,8071,1674930,DE,1231,,"Fulgent Diagnostics, Inc.",Nasdaq,,
FLL,FULL HOUSE RESORTS INC,NASDAQ,Hotels & Motels,7011,891482,DE,1231,,,Nasdaq,,
FLNA,"FILANA THERAPEUTICS, INC.",NASDAQ,Pharmaceutical Preparations,2834,1069530,DE,1231,,CASSAVA SCIENCES INC; PAIN THERAPEUTICS INC,Nasdaq,,
FLNC,"Fluence Energy, Inc.",NASDAQ,"Miscellaneous Electrical Machinery, Equipment & Supplies",3690,1868941,,0930,,,Nasdaq,,
FLNG,Flex LNG Ltd.,NYSE,Water Transportation,4400,1772253,D0,1231,,,NYSE,,
FLNT,"Fluent, Inc.",NASDAQ,Services-Advertising,7310,1460329,DE,1231,,"Cogint, Inc.; IDI, Inc.; Tiger Media, Inc.; Searchmedia Holdings Ltd; ID ARIZONA CORP.",Nasdaq,,
FLO,FLOWERS FOODS INC,NYSE,Food and Kindred Products,2000,1128928,GA,0102,,,NYSE,,
FLOC,Flowco Holdings Inc.,NYSE,Oil & Gas Field Machinery & Equipment,3533,2035149,,1231,,,NYSE,,
FLR,FLUOR CORP,NYSE,Heavy Construction Other Than Bldg Const - Contractors,1600,1124198,DE,1231,,,NYSE,,
FLS,FLOWSERVE CORP,NYSE,Pumps & Pumping Equipment,3561,30625,NY,1231,,DURCO INTERNATIONAL INC; DURIRON CO INC,NYSE,,
FLUT,Flutter Entertainment plc,NYSE,"Services-Computer Programming, Data Processing, Etc.",7370,1635327,L2,1231,,Stars Group Inc.; Amaya Inc.,NYSE,,
FLUX,"Flux Power Holdings, Inc.",NASDAQ,"Miscellaneous Electrical Machinery, Equipment & Supplies",3690,1083743,NV,0630,,"Lone Pine Holdings, Inc; Australian Forest Industries; MULTI TECH INTERNATIONAL CORP; BUCKTV COM INC; OLERAMMA INC",Nasdaq,,
FLWS,1 800 FLOWERS COM INC,NASDAQ,"Retail-Retail Stores, NEC",5990,1084869,DE,0628,,,Nasdaq,,
FLXS,FLEXSTEEL INDUSTRIES INC,NASDAQ,Household Furniture,2510,37472,MN,0630,,,Nasdaq,,
FLY,Firefly Aerospace Inc.,NASDAQ,Guided Missiles & Space Vehicles & Parts,3760,1860160,DE,1231,,,Nasdaq,,
FLYE,"Fly-E Group, Inc.",NASDAQ,Motor Vehicles & Passenger Car Bodies,3711,1975940,DE,0331,,,Nasdaq,,
FLYW,Flywire Corp,NASDAQ,"Services-Business Services, NEC",7389,1580560,DE,1231,,peerTransfer Corp,Nasdaq,,
FLYX,FLYEXCLUSIVE INC.,NYSE American,"Air Transportation, Nonscheduled",4522,1843973,DE,1231,,EG Acquisition Corp.,"NYSE, NYSE",,
FMAO,FARMERS & MERCHANTS BANCORP INC,NASDAQ,"Savings Institution, Federally Chartered",6035,792966,OH,1231,,,Nasdaq,,
FMBH,"FIRST MID BANCSHARES, INC.",NASDAQ,State Commercial Banks,6022,700565,DE,1231,,FIRST MID ILLINOIS BANCSHARES INC; FIRST-MID ILLINOIS BANCSHARES INC,Nasdaq,,
FMC,FMC CORP,NYSE,Chemicals & Allied Products,2800,37785,DE,1231,,,NYSE,,
FMFC,Kandal M Venture Ltd,NASDAQ,Leather & Leather Products,3100,2024656,,,,,Nasdaq,,
FMNB,FARMERS NATIONAL BANC CORP /OH/,NASDAQ,State Commercial Banks,6022,709337,OH,1231,,,Nasdaq,,
FMST,Foremost Clean Energy Ltd.,NASDAQ,Miscellaneous Metal Ores,1090,1935418,A1,0331,,Foremost Lithium Resource & Technology Ltd.; Foremost Lithium Resources & Technology Ltd.,"Nasdaq, Nasdaq",,
FMX,MEXICAN ECONOMIC DEVELOPMENT INC,NYSE,Bottled & Canned Soft Drinks & Carbonated Waters,2086,1061736,O5,1231,,,NYSE,,
FN,Fabrinet,NYSE,Telephone & Telegraph Apparatus,3661,1408710,E9,0627,,,NYSE,,
FNB,FNB CORP/PA/,NYSE,National Commercial Banks,6021,37808,PA,1231,,FNB CORP/FL/; FNB CORP/PA,NYSE,,
FND,"Floor & Decor Holdings, Inc.",NYSE,Retail-Lumber & Other Building Materials Dealers,5211,1507079,DE,1231,,"FDO Holdings, Inc.",NYSE,,
FNF,"Fidelity National Financial, Inc.",NYSE,Title Insurance,6361,1331875,,1231,,"Fidelity National Title Group, Inc.",NYSE,,
FNGR,"FingerMotion, Inc.",NASDAQ,Services-Prepackaged Software,7372,1602409,DE,0228,,Property Management Corp of America,Nasdaq,,
FNKO,"Funko, Inc.",NASDAQ,"Games, Toys & Children's Vehicles (No Dolls & Bicycles)",3944,1704711,DE,1231,,,Nasdaq,,
FNLC,"First Bancorp, Inc /ME/",NASDAQ,National Commercial Banks,6021,765207,ME,1231,,FIRST NATIONAL LINCOLN CORP /ME/,Nasdaq,,
FNRN,FIRST NORTHERN COMMUNITY BANCORP,NASDAQ,"Savings Institution, Federally Chartered",6035,1114927,CA,1231,,,Nasdaq,,
FNUC,Frontier Nuclear & Minerals Inc.,NASDAQ,Miscellaneous Metal Ores,1090,1769697,A2,0630,,Snow Lake Resources Ltd.,Nasdaq,,
FNV,FRANCO NEVADA Corp,NYSE,Gold and Silver Ores,1040,1456346,Z4,1231,,,NYSE,,
FNWB,First Northwest Bancorp,NASDAQ,"Savings Institutions, Not Federally Chartered",6036,1556727,WA,1231,,,Nasdaq,,
FNWD,Finward Bancorp,NASDAQ,"Savings Institution, Federally Chartered",6035,919864,IN,1231,,NORTHWEST INDIANA BANCORP,Nasdaq,,
FOA,Finance of America Companies Inc.,NYSE,Mortgage Bankers & Loan Correspondents,6162,1828937,DE,1231,,,NYSE,,
FOFO,"Hang Feng Technology Innovation Co., Ltd.",NASDAQ,Services-Management Consulting Services,8742,2060083,,,,,Nasdaq,,
FOR,Forestar Group Inc.,NYSE,Real Estate,6500,1406587,DE,0930,,Forestar Real Estate Group Inc.; Forestar Real Estate Group LLC,NYSE,,
FORM,FORMFACTOR INC,NASDAQ,Semiconductors & Related Devices,3674,1039399,DE,1226,,,Nasdaq,,
FORR,"FORRESTER RESEARCH, INC.",NASDAQ,"Services-Engineering, Accounting, Research, Management",8700,1023313,DE,1231,,FORRESTER RESEARCH INC,Nasdaq,,
FOSL,"Fossil Group, Inc.",NASDAQ,"Watches, Clocks, Clockwork Operated Devices/Parts",3873,883569,DE,1231,,FOSSIL INC; FOSSIL INCORPORATED,Nasdaq,,
FOUR,"Shift4 Payments, Inc.",NYSE,"Services-Business Services, NEC",7389,1794669,,1231,,"Shift4 Payments, Inc.","NYSE, NYSE",,
FOX,Fox Corp,NASDAQ,Television Broadcasting Stations,4833,1754301,DE,0630,,"NEW FOX, INC.","Nasdaq, Nasdaq",,
FOXA,Fox Corp,NASDAQ,Television Broadcasting Stations,4833,1754301,DE,0630,,"NEW FOX, INC.","Nasdaq, Nasdaq",,
FOXF,FOX FACTORY HOLDING CORP,NASDAQ,"Motorcycles, Bicycles & Parts",3751,1424929,DE,0102,,,Nasdaq,,
FOXX,Foxx Development Holdings Inc.,NASDAQ,Computer Communications Equipment,3576,2013807,DE,0630,,Acri Capital Merger Sub I Inc.,"Nasdaq, Nasdaq",,
FPH,"Five Point Holdings, LLC",NYSE,Real Estate,6500,1574197,DE,1231,,"Newhall Holding Company, LLC",NYSE,,
FPI,Farmland Partners Inc.,NYSE,Real Estate Investment Trusts,6798,1591670,MD,1231,,,NYSE,,
FPS,"Forgent Power Solutions, Inc.",NYSE,Electrical Industrial Apparatus,3620,2080126,DE,0630,,,NYSE,,
FRAF,FRANKLIN FINANCIAL SERVICES CORP /PA/,NASDAQ,State Commercial Banks,6022,723646,PA,1231,,,Nasdaq,,
FRBA,First Bank  - Common Stock,NASDAQ,,,,,,,,,,
FRBT,"Forbright, Inc.",NASDAQ,State Commercial Banks,6022,1925062,DE,1231,,,Nasdaq,,
FRD,FRIEDMAN INDUSTRIES INC,NASDAQ,"Steel Works, Blast Furnaces & Rolling & Finishing Mills",3310,39092,TX,0331,,,Nasdaq,,
FRGT,"Freight Technologies, Inc.",NASDAQ,Arrangement of  Transportation of  Freight & Cargo,4731,1687542,D8,1231,,"Hudson Capital Inc.; China Internet Nationwide Financial Services, Inc.",Nasdaq,,
FRHC,Freedom Holding Corp.,NASDAQ,"Security Brokers, Dealers & Flotation Companies",6211,924805,NV,0331,,BMB MUNAI INC; INTERUNION FINANCIAL CORP,Nasdaq,,
FRME,FIRST MERCHANTS CORP,NASDAQ,National Commercial Banks,6021,712534,IN,1231,,,"Nasdaq, Nasdaq",,
FRMI,Fermi Inc.,NASDAQ,Real Estate Investment Trusts,6798,2071778,TX,1231,,Fermi LLC,Nasdaq,,
FRMM,FORUM MARKETS Inc,NASDAQ,Finance Services,6199,1690080,,1231,,ETHZilla Corp; 180 Life Sciences Corp.; KBL MERGER CORP. IV,Nasdaq,,
FRNM,"Freenome, Inc.",NASDAQ,Services-Medical Laboratories,8071,2017526,DE,1231,,Perceptive Capital Solutions Corp,Nasdaq,,
FRO,Frontline plc,NYSE,Deep Sea Foreign Transportation of  Freight,4412,913290,,1231,,FRONTLINE LTD /; LONDON & OVERSEAS FREIGHTERS LTD,NYSE,,
FROG,JFrog Ltd,NASDAQ,Services-Prepackaged Software,7372,1800667,L3,1231,,JFrog Ltd,Nasdaq,,
FRPH,"FRP HOLDINGS, INC.",NASDAQ,Real Estate,6500,844059,FL,1231,,PATRIOT TRANSPORTATION HOLDING INC; FRP PROPERTIES INC,Nasdaq,,
FRPT,"Freshpet, Inc.",NASDAQ,Grain Mill Products,2040,1611647,DE,1231,,,Nasdaq,,
FRSH,Freshworks Inc.,NASDAQ,Services-Prepackaged Software,7372,1544522,DE,1231,,FreshDesk Inc.,Nasdaq,,
FRST,Primis Financial Corp.,NASDAQ,State Commercial Banks,6022,1325670,VA,1231,,Southern National Bancorp of Virginia Inc,Nasdaq,,
FRTT,Fort Technology Inc,NASDAQ,Agricultural Chemicals,2870,2092967,A1,1231,,,Nasdaq,,
FRVO,Fervo Energy Co,NASDAQ,Electric Services,4911,1853868,DE,1231,,,Nasdaq,,
FSBC,FIVE STAR BANCORP,NASDAQ,State Commercial Banks,6022,1275168,CA,1231,,FIVE STAR BANCORP,Nasdaq,,
FSBW,"FS Bancorp, Inc.",NASDAQ,"Savings Institutions, Not Federally Chartered",6036,1530249,WA,1231,,,Nasdaq,,
FSCO,FS Credit Opportunities Corp.,NYSE,,,1568194,MD,1231,,FS Global Credit Opportunities Fund,NYSE,,
FSEA,"First Seacoast Bancorp, Inc.",NASDAQ,"Savings Institution, Federally Chartered",6035,1943802,,1231,,,Nasdaq,,
FSI,FLEXIBLE SOLUTIONS INTERNATIONAL INC,NYSE American,Miscellaneous Chemical Products,2890,1069394,NV,1231,,,NYSE,,
FSK,FS KKR Capital Corp,NYSE,,,1422183,MD,1231,,FS Investment CORP; Franklin Square Investment CORP,NYSE,,
FSLR,"FIRST SOLAR, INC.",NASDAQ,Semiconductors & Related Devices,3674,1274494,DE,1231,,FIRST SOLAR HOLDINGS LLC,Nasdaq,,
FSLY,"Fastly, Inc.",NASDAQ,Services-Prepackaged Software,7372,1517413,DE,1231,,,Nasdaq,,
FSM,FORTUNA MINING CORP.,NYSE,Gold and Silver Ores,1040,1341335,A1,1231,,FORTUNA SILVER MINES INC,NYSE,,
FSP,FRANKLIN STREET PROPERTIES CORP /MA/,NYSE American,Real Estate Investment Trusts,6798,1031316,MA,1231,,FRANKLIN STREET PARTNERS LP,NYSE,,
FSS,FEDERAL SIGNAL CORP /DE/,NYSE,Motor Vehicles & Passenger Car Bodies,3711,277509,DE,1231,,,NYSE,,
FSTR,FOSTER L B CO,NASDAQ,Wholesale-Metals Service Centers & of fices,5051,352825,PA,1231,,,Nasdaq,,
FSUN,FIRSTSUN CAPITAL BANCORP,NASDAQ,National Commercial Banks,6021,1709442,DE,1231,,,Nasdaq,,
FSV,FirstService Corp,NASDAQ,Real Estate,6500,1637810,A6,1231,,New FSV Corp,Nasdaq,,
FTAI,FTAI Aviation Ltd.,NASDAQ,Services-Miscellaneous Equipment Rental & Leasing,7350,1590364,,1231,,Fortress Transportation & Infrastructure Investors LLC; Fortress Transportation & Infrastructure Investors Ltd.,"Nasdaq, Nasdaq",,
FTCI,"FTC Solar, Inc.",NASDAQ,Semiconductors & Related Devices,3674,1828161,DE,1231,,"FTC Solar, Inc.",Nasdaq,,
FTDR,"Frontdoor, Inc.",NASDAQ,Services-To Dwellings & Other Buildings,7340,1727263,DE,1231,,"AHS Holding Company, Inc.",Nasdaq,,
FTEK,"FUEL TECH, INC.",NASDAQ,Industrial & Commercial Fans & Blowers & Air Purifing Equip,3564,846913,DE,1231,,FUEL TECH N V,Nasdaq,,
FTFT,Future FinTech Group Inc.,NASDAQ,"Services-Business Services, NEC",7389,1066923,FL,1231,,"Future FinTech Group Inc.; SkyPeople Fruit Juice, Inc; ENTECH ENVIRONMENTAL TECHNOLOGIES INC; CYBER PUBLIC RELATIONS INC",Nasdaq,,
FTH,"Faeth Therapeutics, Inc.",NASDAQ,Pharmaceutical Preparations,2834,1829802,DE,1231,,"Sensei Biotherapeutics, Inc.",Nasdaq,,
FTHM,Fathom Holdings Inc.,NASDAQ,Real Estate Agents & Managers (For Others),6531,1753162,NC,1231,,,Nasdaq,,
FTI,TechnipFMC plc,NYSE,Oil & Gas Field Machinery & Equipment,3533,1681459,X0,1231,,TechnipFMC Ltd,NYSE,,
FTK,FLOTEK INDUSTRIES INC/CN/,NYSE,Miscellaneous Chemical Products,2890,928054,DE,1231,,,NYSE,,
FTLF,"FITLIFE BRANDS, INC.",NASDAQ,Medicinal Chemicals & Botanical Products,2833,1374328,NV,1231,,"BOND LABORATORIES, INC.",Nasdaq,,
FTNT,"Fortinet, Inc.",NASDAQ,"Computer Peripheral Equipment, NEC",3577,1262039,DE,1231,,FORTINET INC,Nasdaq,,
FTRE,Fortrea Holdings Inc.,NASDAQ,Services-Medical Laboratories,8071,1965040,,1231,,Silver Spinco Inc.,Nasdaq,,
FTS,Fortis Inc.,NYSE,Electric Services,4911,1666175,A4,1231,,,"NYSE, OTC, OTC, OTC, OTC, OTC, OTC",,
FTV,Fortive Corp,NYSE,"Industrial Instruments For Measurement, Display, and Control",3823,1659166,DE,1231,,,NYSE,,
FTW,PRESIDIO PRODUCTION Co,NYSE,Crude Petroleum & Natural Gas,1311,2083125,DE,1231,,PRESIDIO PUBCO INC.; Prometheus PubCo Inc.,"NYSE, NYSE",,
FUBO,FuboTV Inc.,NYSE,Services-Motion Picture & Video Tape Production,7812,1484769,DE,0930,,"fuboTV Inc. /FL; FaceBank Group, Inc.; Pulse Evolution Group, Inc.; Recall Studios, Inc.; CAROLCO PICTURES, INC.; Brick Top Productions, Inc.; York Entertainment, Inc.",NYSE,,
FUFU,Bitfufu Inc.,NASDAQ,Finance Services,6199,1921158,E9,,,,"Nasdaq, Nasdaq",,
FUL,FULLER H B CO,NYSE,Adhesives & Sealants,2891,39368,MN,1128,,FULLER H B CO,NYSE,,
FULC,"Fulcrum Therapeutics, Inc.",NASDAQ,Pharmaceutical Preparations,2834,1680581,DE,1231,,,Nasdaq,,
FULT,FULTON FINANCIAL CORP,NASDAQ,National Commercial Banks,6021,700564,PA,1231,,,"Nasdaq, Nasdaq",,
FUN,Six Flags Entertainment Corporation/NEW,NYSE,Services-Amusement & Recreation Services,7900,1999001,DE,1231,,"CopperSteel HoldCo, Inc.",NYSE,,
FUNC,FIRST UNITED CORP/MD/,NASDAQ,National Commercial Banks,6021,763907,MD,1231,,,Nasdaq,,
FURY,FURY GOLD MINES LTD,NYSE American,Gold and Silver Ores,1040,1514597,A1,1231,,AURYN RESOURCES INC.; GEORGETOWN CAPITAL CORP,NYSE,,
FUSB,"FIRST US BANCSHARES, INC.",NASDAQ,State Commercial Banks,6022,717806,DE,1231,,FIRST US BANCSHARES INC; UNITED SECURITY BANCSHARES INC,Nasdaq,,
FUSE,Fusemachines Inc.,NASDAQ,Services-Computer Integrated Systems Design,7373,2033383,,1231,,CSLM Holdings Inc.,"Nasdaq, Nasdaq",,
FVCB,"FVCBankcorp, Inc.",NASDAQ,State Commercial Banks,6022,1675644,VA,1231,,,Nasdaq,,
FVR,"FrontView REIT, Inc.",NYSE,Real Estate Investment Trusts,6798,1988494,MD,1231,,,NYSE,,
FVRR,Fiverr International Ltd.,NYSE,"Services-Business Services, NEC",7389,1762301,L3,1231,,,NYSE,,
FWDI,"Forward Industries, Inc.",NASDAQ,Finance Services,6199,38264,TX,0930,,FORWARD INDUSTRIES INC,Nasdaq,,
FWONA,Liberty Media Corp,NASDAQ,Television Broadcasting Stations,4833,1560385,NV,1231,,"Liberty Spinco, Inc.","Nasdaq, Nasdaq, OTC",,
FWONK,Liberty Media Corp,NASDAQ,Television Broadcasting Stations,4833,1560385,NV,1231,,"Liberty Spinco, Inc.","Nasdaq, Nasdaq, OTC",,
FWRD,FORWARD AIR CORP,NASDAQ,Arrangement of  Transportation of  Freight & Cargo,4731,912728,DE,1231,,LANDAIR SERVICES INC,Nasdaq,,
FWRG,"First Watch Restaurant Group, Inc.",NASDAQ,Retail-Eating  Places,5812,1789940,DE,1228,,,Nasdaq,,
FXHO,UTime Ltd,NASDAQ,Electronic & Other Electrical Equipment (No Computer Equip),3600,1789299,E9,0331,,,Nasdaq,,
FXNC,FIRST NATIONAL CORP /VA/,NASDAQ,State Commercial Banks,6022,719402,VA,1231,,,Nasdaq,,
G,Genpact LTD,NYSE,Services-Management Consulting Services,8742,1398659,D0,1231,,,NYSE,,
GABC,"GERMAN AMERICAN BANCORP, INC.",NASDAQ,State Commercial Banks,6022,714395,IN,1231,,GERMAN AMERICAN BANCORP,Nasdaq,,
GAIA,"GAIA, INC",NASDAQ,Services-Motion Picture & Video Tape Production,7812,1089872,CO,1231,,"GAIAM, INC; GAIAM INC",Nasdaq,,
GAIN,GLADSTONE INVESTMENT CORPORATION\DE,NASDAQ,,,1321741,DE,0331,,,"Nasdaq, Nasdaq, Nasdaq, Nasdaq",,
GALT,GALECTIN THERAPEUTICS INC,NASDAQ,Pharmaceutical Preparations,2834,1133416,NV,1231,,PRO PHARMACEUTICALS INC,Nasdaq,,
GAM,GENERAL AMERICAN INVESTORS CO INC,NYSE,,0000,40417,DE,1231,,,"NYSE, NYSE",,
GAME,"GameSquare Holdings, Inc.",NASDAQ,Services-Amusement & Recreation Services,7900,1714562,A6,1231,,"Engine Gaming & Media, Inc.; Engine Media Holdings, Inc.; Torque Esports Corp.; Millennial Esports Corp.",Nasdaq,,
GANX,"Gain Therapeutics, Inc.",NASDAQ,Pharmaceutical Preparations,2834,1819411,DE,1231,,,Nasdaq,,
GAP,GAP INC,NYSE,Retail-Family Clothing Stores,5651,39911,DE,0201,,,NYSE,,
GASS,StealthGas Inc.,NASDAQ,Deep Sea Foreign Transportation of  Freight,4412,1328919,1T,1231,,,Nasdaq,,
GATX,GATX CORP,NYSE,Transportation Services,4700,40211,NY,1231,,,NYSE,,
GAU,Galiano Gold Inc.,NYSE American,Mining & Quarrying of  Nonmetallic Minerals (No Fuels),1400,1377757,A1,1231,,Asanko Gold Inc.; Keegan Resources Inc.,NYSE,,
GAUZ,Gauzy Ltd.,NASDAQ,"Miscellaneous Electrical Machinery, Equipment & Supplies",3690,1781446,L3,1231,,,Nasdaq,,
GBCI,"GLACIER BANCORP, INC.",NYSE,State Commercial Banks,6022,868671,MT,1231,,GLACIER BANCORP INC,NYSE,,
GBFH,GBank Financial Holdings Inc.,NASDAQ,State Commercial Banks,6022,1791145,NV,1231,,,Nasdaq,,
GBLI,"Global Indemnity Group, LLC",NASDAQ,"Fire, Marine & Casualty Insurance",6331,1494904,DE,1231,,Global Indemnity Ltd; Global Indemnity plc,Nasdaq,,
GBR,"New Concept Energy, Inc.",NYSE American,Crude Petroleum & Natural Gas,1311,105744,NV,1231,,CabelTel International Corp; GREENBRIAR CORP; MEDICAL RESOURCE COMPANIES OF AMERICA,NYSE,,
GBTG,"Global Business Travel Group, Inc.",NYSE,Transportation Services,4700,1820872,DE,1231,,Apollo Strategic Growth Capital,NYSE,,
GBX,GREENBRIER COMPANIES INC,NYSE,Railroad Equipment,3743,923120,OR,0831,,,NYSE,,
GCBC,GREENE COUNTY BANCORP INC,NASDAQ,"Savings Institutions, Not Federally Chartered",6036,1070524,DE,0630,,,Nasdaq,,
GCDT,Green Circle Decarbonize Technology Ltd,NYSE American,Air-Cond & Warm Air Heatg Equip & Comm & Indl Refrig Equip,3585,1926293,E9,0331,,,NYSE,,
GCGR,General Catalyst Global Resilience Merger Corp.,NASDAQ,Blank Checks,6770,2108962,E9,1231,,,"Nasdaq, Nasdaq, Nasdaq",,
GCL,GCL Global Holdings Ltd,NASDAQ,Services-Prepackaged Software,7372,2002045,,,,,"Nasdaq, Nasdaq",,
GCMG,GCM Grosvenor Inc.,NASDAQ,Investment Advice,6282,1819796,DE,1231,,,Nasdaq,,
GCO,GENESCO INC,NYSE,Retail-Shoe Stores,5661,18498,TN,0130,,,NYSE,,
GCT,GigaCloud Technology Inc,NASDAQ,Retail-Catalog & Mail-Order Houses,5961,1857816,E9,1231,,,Nasdaq,,
GCTK,"Glucotrack, Inc.",NASDAQ,Surgical & Medical Instruments & Apparatus,3841,1506983,DE,1231,,"Integrity Applications, Inc.",Nasdaq,,
GCTS,"GCT Semiconductor Holding, Inc.",NYSE,Semiconductors & Related Devices,3674,1851961,DE,1231,,Concord Acquisition Corp III,"NYSE, NYSE",,
GD,GENERAL DYNAMICS CORP,NYSE,Ship & Boat Building & Repairing,3730,40533,DE,1231,,,NYSE,,
GDC,GD Culture Group Ltd,NASDAQ,Wholesale-Metals & Minerals (No Petroleum),5050,1641398,NV,1231,,Code Chain New Continent Ltd; TMSR HOLDING Co Ltd; JM Global Holding Co,Nasdaq,,
GDDY,GoDaddy Inc.,NYSE,Services-Computer Integrated Systems Design,7373,1609711,DE,1231,,,NYSE,,
GDEV,GDEV Inc.,NASDAQ,Services-Computer Programming Services,7371,1848739,D8,1231,,Nexters Inc.,"Nasdaq, Nasdaq",,
GDHG,GOLDEN HEAVEN GROUP HOLDINGS LTD.,NASDAQ,Services-Miscellaneous Amusement & Recreation,7990,1928340,E9,0930,,,Nasdaq,,
GDOT,GREEN DOT CORP,NYSE,Finance Services,6199,1386278,DE,1231,,GREEN DOT CORP,NYSE,,
GDRX,"GoodRx Holdings, Inc.",NASDAQ,Services-Computer Processing & Data Preparation,7374,1809519,DE,1231,,,Nasdaq,,
GDTC,CytoMed Therapeutics Ltd,NASDAQ,Pharmaceutical Preparations,2834,1873093,U0,1231,,CytoMed Therapeutics Pte. Ltd.,Nasdaq,,
GDYN,"GRID DYNAMICS HOLDINGS, INC.",NASDAQ,Services-Prepackaged Software,7372,1743725,DE,1231,,ChaSerg Technology Acquisition Corp,Nasdaq,,
GE,GENERAL ELECTRIC CO,NYSE,Electronic & Other Electrical Equipment (No Computer Equip),3600,40545,NY,1231,,,NYSE,,
GEF,"GREIF, INC",NYSE,"Metal Shipping Barrels, Drums, Kegs & Pails",3412,43920,DE,0930,,GREIF INC; GREIF BROTHERS CORP,"NYSE, NYSE",,
GEF.B,"Greif, Inc. Corporation Class B Common Stock",NYSE,,,,,,,,,,
GEG,"Great Elm Group, Inc.",NASDAQ,Services-Prepackaged Software,7372,1831096,DE,0630,,,"Nasdaq, Nasdaq",,
GEHC,GE HealthCare Technologies Inc.,NASDAQ,X-Ray Apparatus & Tubes & Related Irradiation Apparatus,3844,1932393,DE,1231,,GE Healthcare Holding LLC,Nasdaq,,
GELS,Gelteq Ltd,NASDAQ,Pharmaceutical Preparations,2834,1920092,C3,0630,,Gelteq Pty Ltd.,Nasdaq,,
GEN,Gen Digital Inc.,NASDAQ,Services-Prepackaged Software,7372,849399,DE,0328,,NortonLifeLock Inc.; SYMANTEC CORP,"Nasdaq, Nasdaq",,
GENB,"Generate Biomedicines, Inc.",NASDAQ,Pharmaceutical Preparations,2834,2100782,DE,1231,,,Nasdaq,,
GENC,GENCOR INDUSTRIES INC,NYSE American,Construction Machinery & Equip,3531,64472,DE,0930,,,NYSE,,
GENI,Genius Sports Ltd,NYSE,Services-Miscellaneous Amusement & Recreation,7990,1834489,Y7,1231,,Galileo Newco Ltd,NYSE,,
GENK,"GEN Restaurant Group, Inc.",NASDAQ,Retail-Eating  Places,5812,1891856,DE,1231,,,Nasdaq,,
GEO,GEO GROUP INC,NYSE,General Bldg Contractors - Residential Bldgs,1520,923796,FL,1231,,WACKENHUT CORRECTIONS CORP,NYSE,,
GEOS,GEOSPACE TECHNOLOGIES CORP,NASDAQ,"Measuring & Controlling Devices, NEC",3829,1001115,TX,0930,,OYO GEOSPACE CORP,Nasdaq,,
GERN,GERON CORP,NASDAQ,Pharmaceutical Preparations,2834,886744,DE,1231,,GERON CORPORATION,Nasdaq,,
GETY,"Getty Images Holdings, Inc.",NYSE,"Services-Business Services, NEC",7389,1898496,DE,1231,,"VECTOR HOLDING, LLC",NYSE,,
GEV,GE Vernova Inc.,NYSE,Electronic & Other Electrical Equipment (No Computer Equip),3600,1996810,DE,1231,,GE Vernova LLC,NYSE,,
GEVO,"Gevo, Inc.",NASDAQ,Industrial Organic Chemicals,2860,1392380,DE,1231,,Gevo Inc,Nasdaq,,
GFAI,"Guardforce AI Co., Ltd.",NASDAQ,"Services-Detective, Guard & Armored Car Services",7381,1804469,E9,1231,,"Guardforce AI Co., Ltd","Nasdaq, Nasdaq",,
GFF,GRIFFON CORP,NYSE,"Metal Doors, Sash, Frames, Moldings & Trim",3442,50725,DE,0930,,GRIFFON CORP; INSTRUMENT SYSTEMS CORP /DE/,NYSE,,
GFL,GFL Environmental Inc.,NYSE,Refuse Systems,4953,1780232,A6,1231,,GFL Environmental Holdings Inc.,NYSE,,
GFR,Greenfire Resources Ltd.,NYSE,Crude Petroleum & Natural Gas,1311,1966287,A0,1231,,,"NYSE, NYSE, NYSE, OTC",,
GFS,GLOBALFOUNDRIES Inc.,NASDAQ,Semiconductors & Related Devices,3674,1709048,E9,1231,,,Nasdaq,,
GFUZ,General Fusion Group Ltd.,NASDAQ,Electric Services,4911,2074850,A1,1231,,Spring Valley Acquisition Corp. III,"Nasdaq, Nasdaq",,
GGB,GERDAU S.A.,NYSE,"Steel Works, Blast Furnaces & Rolling & Finishing Mills",3310,1073404,D5,1231,,GERDAU SA,NYSE,,
GGG,GRACO INC,NYSE,Pumps & Pumping Equipment,3561,42888,MN,1226,,,NYSE,,
GGR,Gogoro Inc.,NASDAQ,Motor Vehicles & Passenger Car Bodies,3711,1886190,F5,1231,,,"Nasdaq, Nasdaq",,
GH,"Guardant Health, Inc.",NASDAQ,Services-Medical Laboratories,8071,1576280,DE,1231,,,Nasdaq,,
GHC,Graham Holdings Co,NYSE,Services-Educational Services,8200,104889,DE,1231,,WASHINGTON POST CO,NYSE,,
GHM,GRAHAM CORP,NYSE,General Industrial Machinery & Equipment,3560,716314,DE,0331,,,NYSE,,
GHRS,GH Research PLC,NASDAQ,Pharmaceutical Preparations,2834,1855129,L2,1231,,,Nasdaq,,
GHXI,"Gores Holdings XI, Inc. - Class A Ordinary Shares",NASDAQ,,,,,,,,,,
GIB,CGI INC,NYSE,Services-Management Consulting Services,8742,1061574,,0930,,CGI GROUP INC,NYSE,,
GIBO,GIBO HOLDINGS Ltd,NASDAQ,Services-Prepackaged Software,7372,2034520,E9,1231,,,"Nasdaq, Nasdaq",,
GIC,GLOBAL INDUSTRIAL Co,NYSE,Wholesale-Industrial Machinery & Equipment,5084,945114,DE,1231,,SYSTEMAX INC; GLOBAL DIRECTMAIL CORP,NYSE,,
GIFT,"GIFTIFY, INC.",NASDAQ,Retail-Catalog & Mail-Order Houses,5961,1760233,DE,1231,,"RDE, Inc.; uBid Holdings, Inc./New; Incumaker, Inc.",Nasdaq,,
GIGM,GIGAMEDIA Ltd,NASDAQ,"Services-Computer Programming, Data Processing, Etc.",7370,1105101,,,,,Nasdaq,,
GIII,G III APPAREL GROUP LTD /DE/,NASDAQ,Apparel & Other Finishd Prods of  Fabrics & Similar Matl,2300,821002,DE,0131,,,Nasdaq,,
GIL,Gildan Activewear Inc.,NYSE,Apparel & Other Finishd Prods of  Fabrics & Similar Matl,2300,1061894,Z4,0103,,GILDAN ACTIVEWEAR INC,NYSE,,
GILD,"GILEAD SCIENCES, INC.",NASDAQ,"Biological Products, (No Diagnostic Substances)",2836,882095,DE,1231,,GILEAD SCIENCES INC,Nasdaq,,
GILT,GILAT SATELLITE NETWORKS LTD,NASDAQ,Radio & Tv Broadcasting & Communications Equipment,3663,897322,,1231,,,Nasdaq,,
GIPR,"GENERATION INCOME PROPERTIES, INC.",NASDAQ,Real Estate Investment Trusts,6798,1651721,MD,1231,,,"Nasdaq, Nasdaq",,
GIS,GENERAL MILLS INC,NYSE,Grain Mill Products,2040,40704,DE,0530,,,NYSE,,
GITS,"Global Interactive Technologies, Inc.",NASDAQ,"Services-Computer Programming, Data Processing, Etc.",7370,1911545,X1,1231,,"Hanryu Holdings, Inc.",Nasdaq,,
GIW,GigCapital8 Corp.,NASDAQ,Blank Checks,6770,2080019,E9,1231,,,"Nasdaq, Nasdaq, Nasdaq",,
GIX,GigCapital9 Corp.,NASDAQ,Blank Checks,6770,2098712,E9,1231,,,"Nasdaq, Nasdaq, Nasdaq",,
GIXI,Gix Internet Ltd.,NASDAQ,Services-Prepackaged Software,7372,1782265,L3,1231,,Algomizer Ltd.; Algomizer Ltd,Nasdaq,,
GJH,STRATS SM TRUST FOR U S CELL CORP SEC SERIES 2004 6,NYSE,Asset-Backed Securities,6189,1286405,,,,,NYSE,,
GKOS,GLAUKOS Corp,NYSE,Surgical & Medical Instruments & Apparatus,3841,1192448,DE,1231,,,NYSE,,
GL,GLOBE LIFE INC.,NYSE,Life Insurance,6311,320335,DE,1231,,TORCHMARK CORP,"NYSE, NYSE",,
GL$D,Globe Life Inc. 4.25% Junior Subordinated Debentures due 2061,NYSE,,,,,,,,,,
GLAS,Glass House Brands Inc.,NYSE,Medicinal Chemicals & Botanical Products,2833,1848731,A1,1231,,Mercer Park Brand Acquisition Corp.,NYSE,,
GLBE,Global-E Online Ltd.,NASDAQ,Services-Prepackaged Software,7372,1835963,L3,1231,,,Nasdaq,,
GLBS,GLOBUS MARITIME LTD,NASDAQ,Deep Sea Foreign Transportation of  Freight,4412,1499780,1T,,,,Nasdaq,,
GLDG,GoldMining Inc.,NYSE American,Gold and Silver Ores,1040,1538847,A1,1130,,Brazil Resources Inc.,NYSE,,
GLE,Global Engine Group Holding Ltd,NASDAQ,Services-Computer Processing & Data Preparation,7374,1908705,D8,0630,,,Nasdaq,,
GLIBA,Liberty Capital Corp/NV,NASDAQ,Cable & Other Pay Television Services,4841,2057463,NV,1231,,"GCI Liberty, Inc.","Nasdaq, OTC, Nasdaq",,
GLIBK,Liberty Capital Corp/NV,NASDAQ,Cable & Other Pay Television Services,4841,2057463,NV,1231,,"GCI Liberty, Inc.","Nasdaq, OTC, Nasdaq",,
GLND,Greenland Energy Co,NASDAQ,Drilling Oil & Gas Wells,1381,2093507,TX,1231,,"Pelican Holdco, Inc.","Nasdaq, Nasdaq",,
GLNG,GOLAR LNG LTD,NASDAQ,Water Transportation,4400,1207179,D0,,,,Nasdaq,,
GLOB,Globant S.A.,NYSE,Services-Computer Processing & Data Preparation,7374,1557860,U3,,,,NYSE,,
GLOO,"Gloo Holdings, Inc.",NASDAQ,Services-Computer Processing & Data Preparation,7374,2069785,DE,0131,,,Nasdaq,,
GLPI,"Gaming & Leisure Properties, Inc.",NASDAQ,Real Estate Investment Trusts,6798,1575965,PA,1207,,,Nasdaq,,
GLRE,"GREENLIGHT CAPITAL RE, LTD.",NASDAQ,"Fire, Marine & Casualty Insurance",6331,1385613,,1231,,,Nasdaq,,
GLSI,"Greenwich LifeSciences, Inc.",NASDAQ,Pharmaceutical Preparations,2834,1799788,DE,1231,,,Nasdaq,,
GLU,GABELLI GLOBAL UTILITY & INCOME TRUST,NYSE American,,,1282957,DE,1231,,,"NYSE, NYSE, NYSE",,
GLUE,"Monte Rosa Therapeutics, Inc.",NASDAQ,"Biological Products, (No Diagnostic Substances)",2836,1826457,DE,1231,,"Monte Rosa Therapeutics, Inc.",Nasdaq,,
GLW,CORNING INC /NY,NYSE,Drawing & Insulating of  Nonferrous Wire,3357,24741,NY,1231,,,NYSE,,
GLXG,Galaxy Payroll Group Ltd,NASDAQ,"Services-Engineering, Accounting, Research, Management",8700,1905920,D8,0630,,,Nasdaq,,
GLXY,Galaxy Digital Inc.,NASDAQ,"Security Brokers, Dealers & Flotation Companies",6211,1859392,DE,1231,,Galaxy Digital Pubco Inc.,Nasdaq,,
GM,General Motors Co,NYSE,Motor Vehicles & Passenger Car Bodies,3711,1467858,,1231,,,NYSE,,
GME,GameStop Corp.,NYSE,Retail-Computer & Computer Software Stores,5734,1326380,DE,0130,,GSC Holdings Corp.,"NYSE, NYSE",,
GMED,GLOBUS MEDICAL INC,NYSE,Surgical & Medical Instruments & Apparatus,3841,1237831,DE,1231,,,NYSE,,
GMEX,GMEX Robotics Corp,NASDAQ,"Sporting & Athletic Goods, NEC",3949,1928581,E9,0630,,Fitell Corp,Nasdaq,,
GMHS,Gamehaus Holdings Inc.,NASDAQ,Services-Computer Processing & Data Preparation,7374,2000530,E9,0630,,,Nasdaq,,
GMM,Global Mofy AI Ltd,NASDAQ,"Services-Computer Programming, Data Processing, Etc.",7370,1913749,E9,0930,,Global Mofy Metaverse Ltd,Nasdaq,,
GMRS,GMR Solutions Inc.,NYSE,Transportation Services,4700,1898718,DE,1231,,GMR Buyer Corp.,NYSE,,
GMTL,Guardian Metal Resources PLC,NYSE American,Metal Mining,1000,2039972,X0,0630,,,NYSE,,
GNE,Genie Energy Ltd.,NYSE,Electric & Other Services Combined,4931,1528356,DE,1231,,Genie Energy. Ltd.,NYSE,,
GNK,GENCO SHIPPING & TRADING LTD,NYSE,Deep Sea Foreign Transportation of  Freight,4412,1326200,1T,1231,,,NYSE,,
GNL,"Global Net Lease, Inc.",NYSE,Real Estate Investment Trusts,6798,1526113,NY,1231,,"American Realty Capital Global Trust, Inc.; American Realty Capital Global Daily Net Asset Value Trust, Inc.","NYSE, NYSE, NYSE, NYSE, NYSE",,
GNLN,"Greenlane Holdings, Inc.",NASDAQ,"Wholesale-Durable Goods, NEC",5099,1743745,DE,1231,,,Nasdaq,,
GNLX,GENELUX Corp,NASDAQ,Pharmaceutical Preparations,2834,1231457,DE,1231,,,Nasdaq,,
GNPX,"Genprex, Inc.",NASDAQ,Pharmaceutical Preparations,2834,1595248,TX,1231,,,Nasdaq,,
GNRC,GENERAC HOLDINGS INC.,NYSE,Motors & Generators,3621,1474735,DE,1231,,,NYSE,,
GNS,Genius Group Ltd,NYSE American,Services-Prepackaged Software,7372,1847806,U0,1231,,Genius Group Limited,NYSE,,
GNSS,Genasys Inc.,NASDAQ,Household Audio & Video Equipment,3651,924383,DE,0930,,LRAD Corp; AMERICAN TECHNOLOGY CORP /DE/,Nasdaq,,
GNTX,GENTEX CORP,NASDAQ,Motor Vehicle Parts & Accessories,3714,355811,MI,1231,,,Nasdaq,,
GNW,GENWORTH FINANCIAL INC,NYSE,Life Insurance,6311,1276520,DE,1231,,,NYSE,,
GO,Grocery Outlet Holding Corp.,NASDAQ,Retail-Grocery Stores,5411,1771515,DE,0102,,,Nasdaq,,
GOAI,Eva Live Inc,NASDAQ,"Services-Computer Programming, Data Processing, Etc.",7370,1983736,NV,1231,,,Nasdaq,,
GOGO,Gogo Inc.,NASDAQ,"Communications Services, NEC",4899,1537054,DE,1231,,,Nasdaq,,
GOLD,"Gold.com, Inc.",NYSE,"Wholesale-Jewelry, Watches, Precious Stones & Metals",5094,1591588,DE,0630,,"A-Mark Precious Metals, Inc.",NYSE,,
GOLF,Acushnet Holdings Corp.,NYSE,"Sporting & Athletic Goods, NEC",3949,1672013,DE,1231,,,NYSE,,
GOOG,Alphabet Inc.,NASDAQ,"Services-Computer Programming, Data Processing, Etc.",7370,1652044,DE,1231,,,"Nasdaq, Nasdaq, Nasdaq, Nasdaq",,
GOOGL,Alphabet Inc.,NASDAQ,"Services-Computer Programming, Data Processing, Etc.",7370,1652044,DE,1231,,,"Nasdaq, Nasdaq, Nasdaq, Nasdaq",,
GOOS,Canada Goose Holdings Inc.,NYSE,Apparel & Other Finishd Prods of  Fabrics & Similar Matl,2300,1690511,A1,0331,,,NYSE,,
GORO,Goldgroup Mining Inc.,NYSE American,Gold and Silver Ores,1040,1515964,A1,1231,,,NYSE,,
GOSS,"Gossamer Bio, Inc.",NASDAQ,Pharmaceutical Preparations,2834,1728117,DE,1231,,,Nasdaq,,
GOVX,"GeoVax Labs, Inc.",NASDAQ,Pharmaceutical Preparations,2834,832489,DE,1231,,DAUPHIN TECHNOLOGY INC,Nasdaq,,
GP,GREENPOWER MOTOR Co INC.,NASDAQ,Truck & Bus Bodies,3713,1584547,A1,0331,,OAKMONT MINERALS CORP.,Nasdaq,,
GPC,GENUINE PARTS CO,NYSE,Wholesale-Motor Vehicle Supplies & New Parts,5013,40987,GA,1231,,,NYSE,,
GPGI,"GPGI, Inc.",NYSE,Finance Services,6199,1823144,DE,1231,,"CompoSecure, Inc.; Roman DBDR Tech Acquisition Corp.",NYSE,,
GPI,GROUP 1 AUTOMOTIVE INC,NYSE,Retail-Auto Dealers & Gasoline Stations,5500,1031203,DE,1231,,,NYSE,,
GPK,GRAPHIC PACKAGING HOLDING CO,NYSE,Paperboard Containers & Boxes,2650,1408075,DE,1231,,New Giant CORP,NYSE,,
GPN,GLOBAL PAYMENTS INC,NYSE,"Services-Business Services, NEC",7389,1123360,GA,1231,,,NYSE,,
GPOR,GULFPORT ENERGY CORP,NYSE,Crude Petroleum & Natural Gas,1311,874499,,1231,,WRT ENERGY CORP,NYSE,,
GPRE,Green Plains Inc.,NASDAQ,Industrial Organic Chemicals,2860,1309402,IA,1231,,"Green Plains Renewable Energy, Inc.; GREEN PLAINS RENEWABLE ENERGY, INC.",Nasdaq,,
GPRK,GeoPark Ltd,NYSE,Crude Petroleum & Natural Gas,1311,1464591,D0,1231,,GeoPark Holdings Ltd,NYSE,,
GPRO,"GoPro, Inc.",NASDAQ,Photographic Equipment & Supplies,3861,1500435,DE,1231,,"Woodman Labs, Inc.",Nasdaq,,
GPUS,"Hyperscale Data, Inc.",NYSE American,Oil & Gas Field Machinery & Equipment,3533,896493,DE,1231,,"Ault Alliance, Inc.; BitNile Holdings, Inc.; Ault Global Holdings, Inc.; DPW Holdings, Inc.; DIGITAL POWER CORP","NYSE, NYSE",,
GRAB,Grab Holdings Ltd,NASDAQ,"Services-Business Services, NEC",7389,1855612,U0,1231,,J1 Holdings Inc.,"Nasdaq, Nasdaq",,
GRAL,"GRAIL, Inc.",NASDAQ,Services-Medical Laboratories,8071,1699031,DE,1231,,"GRAIL, LLC",Nasdaq,,
GRAN,Grande Group Ltd/HK,NASDAQ,Finance Services,6199,2027722,,,,,Nasdaq,,
GRBK,"Green Brick Partners, Inc.",NYSE,Operative Builders,1531,1373670,DE,1231,,BioFuel Energy Corp.,"NYSE, NYSE",,
GRC,GORMAN RUPP CO,NYSE,Pumps & Pumping Equipment,3561,42682,OH,1231,,,NYSE,,
GRCE,"Grace Therapeutics, Inc.",NASDAQ,Pharmaceutical Preparations,2834,1444192,DE,0331,,Acasti Pharma Inc.,Nasdaq,,
GRDN,"Guardian Pharmacy Services, Inc.",NYSE,Retail-Drug Stores and Proprietary Stores,5912,1802255,GA,1231,,"Guardian Pharmacy Services, Inc.; Guardian Pharmacy, LLC",NYSE,,
GRDX,GridAI Technologies Corp.,NASDAQ,Electric & Other Services Combined,4931,1604191,DE,1231,,"Entero Therapeutics, Inc.; First Wave BioPharma, Inc.; AzurRx BioPharma, Inc.; BioPharma d'Azur, Inc.",Nasdaq,,
GRI,"GRI Bio, Inc.",NASDAQ,Pharmaceutical Preparations,2834,1824293,DE,1231,,"Vallon Pharmaceuticals, Inc.",Nasdaq,,
GRML,Greenland Mines Ltd,NASDAQ,"Biological Products, (No Diagnostic Substances)",2836,1907223,,1231,,"Klotho Neurosciences, Inc.; ANEW Medical, Inc.; Redwoods Acquisition Corp.","Nasdaq, Nasdaq",,
GRMN,GARMIN LTD,NYSE,"Search, Detection, Navigation, Guidance, Aeronautical Sys",3812,1121788,V8,1226,,,NYSE,,
GRND,Grindr Inc.,NYSE,"Services-Computer Programming, Data Processing, Etc.",7370,1820144,DE,1231,,Tiga Acquisition Corp.,NYSE,,
GRNQ,Greenpro Capital Corp.,NASDAQ,Services-Management Consulting Services,8742,1597846,NV,1231,,"Greenpro, Inc.",Nasdaq,,
GRNT,"Granite Ridge Resources, Inc.",NYSE,Crude Petroleum & Natural Gas,1311,1928446,,1231,,,NYSE,,
GRO,Brazil Potash Corp.,NYSE American,Mining & Quarrying of  Nonmetallic Minerals (No Fuels),1400,1472326,A6,1231,,,NYSE,,
GROV,"Grove Collaborative Holdings, Inc.",NYSE,Retail-Catalog & Mail-Order Houses,5961,1841761,DE,1231,,Virgin Group Acquisition Corp. II,"NYSE, OTC",,
GROW,U S GLOBAL INVESTORS INC,NASDAQ,Investment Advice,6282,754811,TX,0630,,UNITED SERVICES ADVISORS INC /TX/,Nasdaq,,
GROY,Gold Royalty Corp.,NYSE American,Gold and Silver Ores,1040,1834026,Z4,1231,,,"NYSE, NYSE",,
GRPN,"Groupon, Inc.",NASDAQ,Services-Advertising Agencies,7311,1490281,DE,1231,,,Nasdaq,,
GRRR,Gorilla Technology Group Inc.,NASDAQ,Services-Prepackaged Software,7372,1903145,E9,1231,,,"Nasdaq, Nasdaq",,
GRSD,GRANDSTAND Ltd,NASDAQ,Services-Miscellaneous Amusement & Recreation,7990,1839799,,,,Gambling.com Group Ltd,Nasdaq,,
GRWG,GrowGeneration Corp.,NASDAQ,"Retail-Building Materials, Hardware, Garden Supply",5200,1604868,CO,1231,,"EasyLife, Corp.",Nasdaq,,
GS,GOLDMAN SACHS GROUP INC,NYSE,"Security Brokers, Dealers & Flotation Companies",6211,886982,DE,1231,,GOLDMAN SACHS GROUP INC/,"NYSE, OTC, NYSE, NYSE, NYSE",,
GS$D,"Goldman Sachs Group, Inc. (The) Dep Shs repstg 1/1000 Pfd Ser D Fltg",NYSE,,,,,,,,,,
GSAT,"Globalstar, Inc.",NASDAQ,"Communications Services, NEC",4899,1366868,DE,1231,,,Nasdaq,,
GSBC,"GREAT SOUTHERN BANCORP, INC.",NASDAQ,State Commercial Banks,6022,854560,MD,1231,,GREAT SOUTHERN BANCORP INC,Nasdaq,,
GSBD,"Goldman Sachs BDC, Inc.",NYSE,,,1572694,DE,1231,,"Goldman Sachs Liberty Harbor Capital, LLC",NYSE,,
GSHD,"Goosehead Insurance, Inc.",NASDAQ,"Insurance Agents, Brokers & Service",6411,1726978,DE,1231,,,Nasdaq,,
GSIT,GSI TECHNOLOGY INC,NASDAQ,Semiconductors & Related Devices,3674,1126741,DE,0331,,,Nasdaq,,
GSIW,Garden Stage Ltd,NASDAQ,"Security & Commodity Brokers, Dealers, Exchanges & Services",6200,1954269,E9,0331,,,Nasdaq,,
GSL,"Global Ship Lease, Inc.",NYSE,Deep Sea Foreign Transportation of  Freight,4412,1430725,1T,1231,,"GSL Holdings, Inc.","NYSE, NYSE",,
GSM,Ferroglobe PLC,NASDAQ,Metal Mining,1000,1639877,X0,1231,,VeloNewco Ltd,Nasdaq,,
GSUN,Golden Sun Technology Group Ltd.,NASDAQ,Services-Educational Services,8200,1826376,E9,0930,,Golden Sun Health Technology Group Ltd; Golden Sun Education Group Ltd,Nasdaq,,
GT,GOODYEAR TIRE & RUBBER CO /OH/,NASDAQ,Tires & Inner Tubes,3011,42582,OH,1231,,,Nasdaq,,
GTBP,"GT Biopharma, Inc.",NASDAQ,Pharmaceutical Preparations,2834,109657,DE,1231,,"GT Biopharma, Inc.; OXIS INTERNATIONAL INC",Nasdaq,,
GTE,GRAN TIERRA ENERGY INC.,NYSE American,Crude Petroleum & Natural Gas,1311,1273441,DE,1231,,"GRAN TIERRA ENERGY, INC.; GOLDSTRIKE INC; GOLKSTRIKE INC",NYSE,,
GTEC,Greenland Technologies Holding Corp.,NASDAQ,General Industrial Machinery & Equipment,3560,1735041,D8,1231,,Greenland Acquisition Corp.,Nasdaq,,
GTEN,"Gores Holdings X, Inc. / CI",NASDAQ,Blank Checks,6770,1986817,E9,1231,,,"Nasdaq, Nasdaq, Nasdaq",,
GTES,Gates Industrial Corp Ltd.,NYSE,General Industrial Machinery & Equipment,3560,1718512,D0,1231,,Gates Industrial Corp plc,NYSE,,
GTIM,Good Times Restaurants Inc.,NASDAQ,Retail-Eating  Places,5812,825324,NV,0929,,GOOD TIMES RESTAURANTS INC,Nasdaq,,
GTLB,Gitlab Inc.,NASDAQ,Services-Prepackaged Software,7372,1653482,DE,0131,,,Nasdaq,,
GTM,ZoomInfo Technologies Inc.,NASDAQ,Services-Prepackaged Software,7372,1794515,DE,1231,,,Nasdaq,,
GTN,"GRAY MEDIA, INC",NYSE,Television Broadcasting Stations,4833,43196,GA,1231,,"GRAY MEDIA, INC; GRAY TELEVISION INC; GRAY COMMUNICATIONS SYSTEMS INC /GA/","NYSE, NYSE",,
GTN.A,"Gray Media, Inc. Class A Common Stock",NYSE,,,,,,,,,,
GTX,Garrett Motion Inc.,NASDAQ,Motor Vehicle Parts & Accessories,3714,1735707,DE,1231,,Garrett Transportation Systems Inc.,Nasdaq,,
GTY,GETTY REALTY CORP /MD/,NYSE,Real Estate,6500,1052752,MD,1231,,GETTY REALTY HOLDING CORP,NYSE,,
GURE,"GULF RESOURCES, INC.",NASDAQ,Chemicals & Allied Products,2800,885462,NV,1231,,DIVERSIFAX INC,Nasdaq,,
GUTS,"FRACTYL HEALTH, INC.",NASDAQ,Surgical & Medical Instruments & Apparatus,3841,1572616,DE,1231,,Fractyl Laboratories Inc.,Nasdaq,,
GVA,GRANITE CONSTRUCTION INC,NYSE,Heavy Construction Other Than Bldg Const - Contractors,1600,861459,DE,1231,,,NYSE,,
GVH,Globavend Holdings Ltd,NASDAQ,Arrangement of  Transportation of  Freight & Cargo,4731,1978527,E9,,,,Nasdaq,,
GWAV,"Greenwave Technology Solutions, Inc.",NASDAQ,Wholesale-Metals Service Centers & of fices,5051,1589149,DE,1231,,"MassRoots, Inc.",Nasdaq,,
GWH,"ESS Tech, Inc.",NYSE,"Miscellaneous Electrical Machinery, Equipment & Supplies",3690,1819438,DE,1231,,ACON S2 Acquisition Corp.,"NYSE, OTC",,
GWRE,"Guidewire Software, Inc.",NYSE,Services-Prepackaged Software,7372,1528396,DE,0731,,"Guidewire Software, Inc.",NYSE,,
GWRS,"Global Water Resources, Inc.",NASDAQ,Water Supply,4941,1434728,DE,1231,,,Nasdaq,,
GWW,"W.W. GRAINGER, INC.",NYSE,Wholesale-Durable Goods,5000,277135,IL,1231,,GRAINGER W W INC,NYSE,,
GXAI,GAXOS.AI INC.,NASDAQ,Services-Prepackaged Software,7372,1895618,DE,1231,,NFT Gaming Co Inc.,Nasdaq,,
GXO,"GXO Logistics, Inc.",NYSE,Transportation Services,4700,1852244,DE,1231,,,NYSE,,
GYGY,Game Your Game Inc.,NASDAQ,Services-Prepackaged Software,7372,2111846,DE,1231,,,Nasdaq,,
GYRE,"GYRE THERAPEUTICS, INC.",NASDAQ,Pharmaceutical Preparations,2834,1124105,DE,1231,,"CATALYST BIOSCIENCES, INC.; TARGACEPT INC",Nasdaq,,
GYRO,"Gyrodyne, LLC",NASDAQ,Opeators of  Nonresidential Buildings,6512,1589061,NY,1231,,,Nasdaq,,
H,Hyatt Hotels Corp,NYSE,Hotels & Motels,7011,1468174,IL,1231,,,NYSE,,
HAE,HAEMONETICS CORP,NYSE,Surgical & Medical Instruments & Apparatus,3841,313143,MA,0403,,,NYSE,,
HAFC,HANMI FINANCIAL CORP,NASDAQ,National Commercial Banks,6021,1109242,DE,1231,,,Nasdaq,,
HAFN,Hafnia Ltd,NYSE,Transportation Services,4700,1815779,D0,1231,,,NYSE,,
HAIN,HAIN CELESTIAL GROUP INC,NASDAQ,Food and Kindred Products,2000,910406,DE,0630,,HAIN FOOD GROUP INC,Nasdaq,,
HAL,HALLIBURTON CO,NYSE,"Oil & Gas Field Services, NEC",1389,45012,DE,1231,,,NYSE,,
HALO,"HALOZYME THERAPEUTICS, INC.",NASDAQ,"Biological Products, (No Diagnostic Substances)",2836,1159036,DE,1231,,HALOZYME THERAPEUTICS INC; GLOBAL YACHT SERVICES INC,Nasdaq,,
HAO,Haoxi Health Technology Ltd,NASDAQ,Services-Advertising Agencies,7311,1954594,E9,0630,,,Nasdaq,,
HAPN,"Happen, Inc.",NASDAQ,Personal Credit Institutions,6141,1409970,DE,1231,,LendingClub CORP; LendingClub Corp,Nasdaq,,
HAS,"HASBRO, INC.",NASDAQ,"Games, Toys & Children's Vehicles (No Dolls & Bicycles)",3944,46080,RI,1227,,HASBRO INC,Nasdaq,,
HASI,"HA Sustainable Infrastructure Capital, Inc.",NYSE,"Investors, NEC",6799,1561894,DE,1231,,"Hannon Armstrong Sustainable Infrastructure Capital, Inc.",NYSE,,
HAWK,"HawkEye 360, Inc.",NYSE,Services-Computer Processing & Data Preparation,7374,1750704,DE,1231,,"HawkEye 360, Inc.",NYSE,,
HAYW,"Hayward Holdings, Inc.",NYSE,Refrigeration & Service Industry Machinery,3580,1834622,,1231,,,NYSE,,
HBAN,HUNTINGTON BANCSHARES INC /MD/,NASDAQ,National Commercial Banks,6021,49196,MD,1231,,HUNTINGTON BANCSHARES INC /MD/; HUNTINGTON BANCSHARES INC/MD,"Nasdaq, Nasdaq, Nasdaq, Nasdaq, Nasdaq",,
HBB,Hamilton Beach Brands Holding Co,NYSE,Electric Housewares & Fans,3634,1709164,DE,1231,,,NYSE,,
HBCP,"HOME BANCORP, INC.",NASDAQ,"Savings Institutions, Not Federally Chartered",6036,1436425,LA,1231,,,Nasdaq,,
HBIO,HARVARD BIOSCIENCE INC,NASDAQ,Laboratory Analytical Instruments,3826,1123494,DE,1231,,,Nasdaq,,
HBM,Hudbay Minerals Inc.,NYSE,Metal Mining,1000,1322422,,1231,,,NYSE,,
HBNB,Hotel101 Global Holdings Corp.,NASDAQ,Hotels & Motels,7011,2054507,E9,1231,,,Nasdaq,,
HBNC,HORIZON BANCORP INC /IN/,NASDAQ,State Commercial Banks,6022,706129,IN,1231,,HORIZON BANCORP /IN/,Nasdaq,,
HBT,"HBT Financial, Inc.",NASDAQ,State Commercial Banks,6022,775215,DE,1231,,"HEARTLAND BANCORP, INC.",Nasdaq,,
HCA,"HCA Healthcare, Inc.",NYSE,"Services-General Medical & Surgical Hospitals, NEC",8062,860730,,1231,,"HCA Holdings, Inc.; HCA INC/TN; HCA THE HEALTHCARE CO; HCA-THE HEALTHCARE CO; COLUMBIA HCA HEALTHCARE CORP; COLUMBIA HCA HEALTHCARE CORP/; COLUMBIA HEALTHCARE CORP",NYSE,,
HCAI,"Huachen AI Parking Management Technology Holding Co., Ltd",NASDAQ,Miscellaneous Manufacturing Industries,3990,1958399,,1231,,,Nasdaq,,
HCAT,"Health Catalyst, Inc.",NASDAQ,"Services-Computer Programming, Data Processing, Etc.",7370,1636422,DE,1231,,"HQC Holdings, Inc.",Nasdaq,,
HCC,"WARRIOR MET COAL, INC.",NYSE,Silver Ores,1220,1691303,DE,1231,,"WARRIOR MET COAL, LLC",NYSE,,
HCHL,Happy City Holdings Ltd,NASDAQ,Retail-Eating  Places,5812,2046656,,,,,Nasdaq,,
HCI,"HCI Group, Inc.",NYSE,"Fire, Marine & Casualty Insurance",6331,1400810,FL,1231,,"Homeowners Choice, Inc.","NYSE, OTC",,
HCIC,Hennessy Capital Investment Corp. VIII,NASDAQ,Blank Checks,6770,2099093,NV,1231,,,"Nasdaq, Nasdaq, Nasdaq",,
HCKT,"HACKETT GROUP, INC.",NASDAQ,Services-Management Consulting Services,8742,1057379,FL,1226,,ANSWERTHINK INC; ANSWERTHINK CONSULTING GROUP INC; ANSWER THINK CONSULTING GROUP INC,Nasdaq,,
HCSG,HEALTHCARE SERVICES GROUP INC,NASDAQ,Services-Nursing & Personal Care Facilities,8050,731012,PA,1231,,,Nasdaq,,
HCTI,"Healthcare Triangle, Inc.",NASDAQ,Services-Computer Integrated Systems Design,7373,1839285,DE,1231,,,Nasdaq,,
HCWB,HCW Biologics Inc.,NASDAQ,Pharmaceutical Preparations,2834,1828673,DE,1231,,,Nasdaq,,
HCWC,HEALTHY CHOICE WELLNESS CORP.,NYSE American,Retail-Grocery Stores,5411,1948864,DE,1231,,,NYSE,,
HD,"HOME DEPOT, INC.",NYSE,Retail-Lumber & Other Building Materials Dealers,5211,354950,DE,0131,,HOME DEPOT INC,NYSE,,
HDB,HDFC BANK LTD,NYSE,"Commercial Banks, NEC",6029,1144967,K7,0331,,,NYSE,,
HDRN,"Hadron Energy, Inc.",NASDAQ,Electric Services,4911,2023730,DE,1231,,GigCapital7 Corp.,"Nasdaq, Nasdaq",,
HDSN,HUDSON TECHNOLOGIES INC /NY,NASDAQ,"Wholesale-Machinery, Equipment & Supplies",5080,925528,NY,1231,,,Nasdaq,,
HE,HAWAIIAN ELECTRIC INDUSTRIES INC,NYSE,Electric Services,4911,354707,HI,1231,,,NYSE,,
HEI,HEICO CORP,NYSE,Aircraft Engines & Engine Parts,3724,46619,FL,1031,,,"NYSE, NYSE",,
HEI.A,Heico Corporation Common Stock,NYSE,,,,,,,,,,
HELE,HELEN OF TROY LTD,NASDAQ,Electric Housewares & Fans,3634,916789,D0,0228,,,Nasdaq,,
HELP,CYBIN INC.,NASDAQ,Pharmaceutical Preparations,2834,1833141,A6,0331,,,Nasdaq,,
HESM,Hess Midstream LP,NYSE,Crude Petroleum & Natural Gas,1311,1789832,DE,1231,,,NYSE,,
HFBL,"Home Federal Bancorp, Inc. of Louisiana",NASDAQ,"Savings Institution, Federally Chartered",6035,1500375,LA,0630,,,Nasdaq,,
HFFG,HF Foods Group Inc.,NASDAQ,Wholesale-Groceries & Related Products,5140,1680873,DE,1231,,Atlantic Acquisition Corp.; Stars Acquisition Corp.,Nasdaq,,
HFWA,HERITAGE FINANCIAL CORP /WA/,NASDAQ,"Savings Institutions, Not Federally Chartered",6036,1046025,WA,1231,,,Nasdaq,,
HG,"Hamilton Insurance Group, Ltd.",NYSE,"Fire, Marine & Casualty Insurance",6331,1593275,D0,1231,,,NYSE,,
HGBL,Heritage Global Inc.,NASDAQ,"Services-Business Services, NEC",7389,849145,FL,1231,,Counsel RB Capital Inc.; C2 Global Technologies Inc; ACCERIS COMMUNICATIONS INC; I LINK INC; MEDCROSS INC,Nasdaq,,
HGTY,"Hagerty, Inc.",NYSE,"Insurance Agents, Brokers & Service",6411,1840776,DE,1231,,Aldel Financial Inc.,NYSE,,
HGV,Hilton Grand Vacations Inc.,NYSE,"Hotels, Rooming Houses, Camps & Other Lodging Places",7000,1674168,DE,1231,,,NYSE,,
HHH,Howard Hughes Holdings Inc.,NYSE,Real Estate Investment Trusts,6798,1981792,DE,1231,,,NYSE,,
HHS,HARTE HANKS INC,NASDAQ,Services-Direct Mail Advertising Services,7331,45919,DE,1231,,HARTE HANKS COMMUNICATIONS INC,Nasdaq,,
HIFS,Hingham Institution for Savings - Common Stock,NASDAQ,,,,,,,,,,
HIG,"HARTFORD INSURANCE GROUP, INC.",NYSE,"Fire, Marine & Casualty Insurance",6331,874766,DE,1231,,"HARTFORD INSURANCE GROUP, INC.; HARTFORD FINANCIAL SERVICES GROUP, INC.; HARTFORD FINANCIAL SERVICES GROUP INC/DE; ITT HARTFORD GROUP INC /DE","NYSE, NYSE",,
HIHO,HIGHWAY HOLDINGS LTD,NASDAQ,Miscellaneous Fabricated Metal Products,3490,1026785,,0331,,,Nasdaq,,
HII,"HUNTINGTON INGALLS INDUSTRIES, INC.",NYSE,Ship & Boat Building & Repairing,3730,1501585,DE,1231,,"HUNTINGTON INGALLS INDUSTRIES, INC.; New Ships, Inc.",NYSE,,
HIMS,"Hims & Hers Health, Inc.",NYSE,Services-Offices & Clinics of  Doctors of  Medicine,8011,1773751,DE,1231,,Oaktree Acquisition Corp.,NYSE,,
HIND,"Vyome Holdings, Inc",NASDAQ,Pharmaceutical Preparations,2834,1427570,DE,1231,,ReShape Lifesciences Inc.; OBALON THERAPEUTICS INC,Nasdaq,,
HIPO,Hippo Holdings Inc.,NYSE,"Fire, Marine & Casualty Insurance",6331,1828105,DE,1231,,Reinvent Technology Partners Z; Reinvent Technology Partners B,NYSE,,
HIT,"Health In Tech, Inc.",NASDAQ,"Insurance Agents, Brokers & Service",6411,2019505,,1231,,,Nasdaq,,
HITI,High Tide Inc.,NASDAQ,"Retail-Retail Stores, NEC",5990,1847409,A0,1031,,,Nasdaq,,
HIVE,HIVE Digital Technologies Ltd.,NASDAQ,Finance Services,6199,1720424,A1,0331,,HIVE Blockchain Technologies Ltd.,Nasdaq,,
HIW,"HIGHWOODS PROPERTIES, INC.",NYSE,Real Estate Investment Trusts,6798,921082,MD,1231,,HIGHWOODS PROPERTIES INC,NYSE,,
HKIT,"Biddance AI Systems, Inc.",NASDAQ,Services-Prepackaged Software,7372,1742341,E9,1231,,HiTek Global Inc.,Nasdaq,,
HKPD,"Cellyan Biotechnology Co., Ltd",NASDAQ,"Wholesale-Drugs, Proprietaries & Druggists' Sundries",5122,2007702,E9,0331,,Hong Kong Pharma Digital Technology Holdings Ltd,Nasdaq,,
HL,HECLA MINING CO/DE/,NYSE,Mining & Quarrying of  Nonmetallic Minerals (No Fuels),1400,719413,DE,1231,,,"NYSE, NYSE",,
HLF,HERBALIFE LTD.,NYSE,"Wholesale-Drugs, Proprietaries & Druggists' Sundries",5122,1180262,E9,1231,,HERBALIFE NUTRITION LTD.; WH HOLDINGS CAYMAN ISLANDS LTD,NYSE,,
HLI,"HOULIHAN LOKEY, INC.",NYSE,Investment Advice,6282,1302215,,0331,,HOULIHAN LOKEY HOWARD & ZUKIN INC,NYSE,,
HLIO,"HELIOS TECHNOLOGIES, INC.",NYSE,Miscellaneous Fabricated Metal Products,3490,1024795,FL,1230,,SUN HYDRAULICS CORP; SUN HYDRAULICS INC,NYSE,,
HLIT,HARMONIC INC.,NASDAQ,Radio & Tv Broadcasting & Communications Equipment,3663,851310,DE,1231,,HARMONIC INC; HARMONIC LIGHTWAVES INC,Nasdaq,,
HLLY,Holley Inc.,NYSE,Motor Vehicle Parts & Accessories,3714,1822928,DE,1231,,Empower Ltd.,NYSE,,
HLMN,Hillman Solutions Corp.,NASDAQ,"Cutlery, Handtools & General Hardware",3420,1822492,DE,1226,,"Landcadia Holdings III, Inc.",Nasdaq,,
HLNE,Hamilton Lane INC,NASDAQ,Investment Advice,6282,1433642,DE,0331,,,Nasdaq,,
HLP,Hongli Group Inc.,NASDAQ,"General Industrial Machinery & Equipment, NEC",3569,1855557,E9,,,,Nasdaq,,
HLSQ,BiomX Inc.,NYSE American,Services-Prepackaged Software,7372,1739174,DE,1231,,Chardan Healthcare Acquisition Corp.,NYSE,,
HLT,Hilton Worldwide Holdings Inc.,NYSE,Hotels & Motels,7011,1585689,DE,1231,,,NYSE,,
HMC,HONDA MOTOR CO LTD,NYSE,Motor Vehicles & Passenger Car Bodies,3711,715153,,0331,,,"NYSE, OTC",,
HMH,HMH Holding Inc,NASDAQ,Oil & Gas Field Machinery & Equipment,3533,2021880,DE,1231,,,Nasdaq,,
HMN,HORACE MANN EDUCATORS CORP /DE/,NYSE,"Fire, Marine & Casualty Insurance",6331,850141,DE,1231,,,NYSE,,
HMR,Heidmar Maritime Holdings Corp.,NASDAQ,Deep Sea Foreign Transportation of  Freight,4412,2029471,,,,,Nasdaq,,
HMY,HARMONY GOLD MINING CO LTD,NYSE,Gold and Silver Ores,1040,1023514,,0630,,,"NYSE, OTC",,
HNGE,"Hinge Health, Inc.",NYSE,Services-Computer Processing & Data Preparation,7374,1673743,DE,1231,,,NYSE,,
HNI,HNI CORP,NYSE,Office Furniture (No Wood),2522,48287,IA,0102,,HON INDUSTRIES INC,NYSE,,
HNNA,HENNESSY ADVISORS INC,NASDAQ,Investment Advice,6282,1145255,,0930,,,Nasdaq,,
HNRG,HALLADOR ENERGY CO,NASDAQ,Electric Services,4911,788965,CO,1231,,HALLADOR PETROLEUM CO,Nasdaq,,
HNST,"Honest Company, Inc.",NASDAQ,Retail-Catalog & Mail-Order Houses,5961,1530979,DE,1231,,,Nasdaq,,
HNVR,"Hanover Bancorp, Inc. /MD",NASDAQ,State Commercial Banks,6022,1828588,MD,1231,,"Hanover Bancorp, Inc. /NY",Nasdaq,,
HODO,House of Doge Inc.,NASDAQ,Finance Services,6199,1903595,DE,1231,,"Brag House Holdings, Inc.",Nasdaq,,
HOFT,HOOKER FURNISHINGS Corp,NASDAQ,Household Furniture,2510,1077688,VA,0131,,HOOKER FURNITURE CORP,Nasdaq,,
HOG,"HARLEY-DAVIDSON, INC.",NYSE,"Motorcycles, Bicycles & Parts",3751,793952,WI,1231,,HARLEY DAVIDSON INC,NYSE,,
HOLO,MicroCloud Hologram Inc.,NASDAQ,"Services-Computer Programming, Data Processing, Etc.",7370,1841209,E9,1231,,Golden Path Acquisition Corp,"Nasdaq, Nasdaq",,
HOMB,HOME BANCSHARES INC,NYSE,State Commercial Banks,6022,1331520,AR,1231,,,NYSE,,
HON,HONEYWELL INTERNATIONAL INC,NASDAQ,Aircraft Engines & Engine Parts,3724,773840,DE,1231,,ALLIEDSIGNAL INC; ALLIED SIGNAL INC,Nasdaq,,
HONA,Honeywell Aerospace Inc.,NASDAQ,Aircraft Engines & Engine Parts,3724,2089271,DE,1231,,Honeywell Aerospace LLC,Nasdaq,,
HOOD,"Robinhood Markets, Inc.",NASDAQ,"Security Brokers, Dealers & Flotation Companies",6211,1783879,DE,1231,,,Nasdaq,,
HOPE,HOPE BANCORP INC,NASDAQ,National Commercial Banks,6021,1128361,DE,1231,,BBCN BANCORP INC; NARA BANCORP INC,Nasdaq,,
HOS,"HORNBECK OFFSHORE SERVICES, INC.",NYSE,"Oil & Gas Field Services, NEC",1389,866829,DE,1231,,HELIX ENERGY SOLUTIONS GROUP INC; CAL DIVE INTERNATIONAL INC,"NYSE, NYSE",,
HOUR,"Hour Loop, Inc",NASDAQ,Retail-Catalog & Mail-Order Houses,5961,1874875,DE,1231,,"Hour Loop, Inc",Nasdaq,,
HOV,HOVNANIAN ENTERPRISES INC,NYSE,Operative Builders,1531,357294,DE,1031,,,"NYSE, OTC, Nasdaq",,
HOVR,New Horizon Aircraft Ltd.,NASDAQ,Aircraft,3721,1930021,A1,0531,,"Pono Capital Three, Inc.","Nasdaq, Nasdaq",,
HOWL,"Werewolf Therapeutics, Inc.",NASDAQ,Pharmaceutical Preparations,2834,1785530,DE,1231,,,Nasdaq,,
HP,"Helmerich & Payne, Inc.",NYSE,Drilling Oil & Gas Wells,1381,46765,DE,0930,,HELMERICH & PAYNE INC,NYSE,,
HPAI,Helport AI Ltd,NASDAQ,Services-Prepackaged Software,7372,2001699,,,,,"Nasdaq, Nasdaq",,
HPE,Hewlett Packard Enterprise Co,NYSE,Computer & office Equipment,3570,1645590,DE,1031,,,"NYSE, NYSE",,
HPK,"HighPeak Energy, Inc.",NASDAQ,Drilling Oil & Gas Wells,1381,1792849,DE,1231,,,Nasdaq,,
HPP,"Hudson Pacific Properties, Inc.",NYSE,Real Estate,6500,1482512,MD,1231,,,"NYSE, NYSE",,
HPQ,HP INC,NYSE,Computer & office Equipment,3570,47217,DE,1031,,HEWLETT PACKARD CO,NYSE,,
HQ,Horizon Quantum Holdings Ltd.,NASDAQ,Services-Computer Programming Services,7371,2088256,U0,1231,,Horizon Quantum Holdings Pte. Ltd.; Rose Holdco Pte. Ltd.,"Nasdaq, Nasdaq",,
HQH,abrdn Healthcare Investors,NYSE,,,805267,MA,0930,,TEKLA HEALTHCARE INVESTORS; H&Q HEALTHCARE INVESTORS,NYSE,,
HQI,"HireQuest, Inc.",NASDAQ,Services-Help Supply Services,7363,1140102,,1231,,"Command Center, Inc.; TEMPORARY FINANCIAL SERVICES INC",Nasdaq,,
HQL,abrdn Life Sciences Investors,NYSE,,,884121,MA,0930,,TEKLA LIFE SCIENCES INVESTORS; H&Q LIFE SCIENCES INVESTORS,NYSE,,
HQY,"HEALTHEQUITY, INC.",NASDAQ,"Services-Business Services, NEC",7389,1428336,DE,0131,,HEALTHEQUITY INC,Nasdaq,,
HRB,H&R BLOCK INC,NYSE,Services-Personal Services,7200,12659,MO,0630,,,NYSE,,
HRI,HERC HOLDINGS INC,NYSE,Services-Miscellaneous Equipment Rental & Leasing,7350,1364479,DE,1231,,HERTZ GLOBAL HOLDINGS INC,NYSE,,
HRL,HORMEL FOODS CORP /DE/,NYSE,Meat Packing Plants,2011,48465,DE,1025,,HORMEL GEO A & CO,NYSE,,
HRMY,"Harmony Biosciences Holdings, Inc.",NASDAQ,Pharmaceutical Preparations,2834,1802665,DE,1231,,,Nasdaq,,
HROW,"HARROW, INC.",NASDAQ,Pharmaceutical Preparations,2834,1360214,DE,1231,,"HARROW HEALTH, INC.; Imprimis Pharmaceuticals, Inc.; TRANSDEL PHARMACEUTICALS INC; Bywater Resources, Inc",Nasdaq,,
HRTG,"Heritage Insurance Holdings, Inc.",NYSE,"Fire, Marine & Casualty Insurance",6331,1598665,DE,,,"Heritage Insurance Holdings, LLC",NYSE,,
HRTX,"HERON THERAPEUTICS, INC. /DE/",NASDAQ,Pharmaceutical Preparations,2834,818033,DE,1231,,AP PHARMA INC /DE/; ADVANCED POLYMER SYSTEMS INC /DE/,Nasdaq,,
HRZN,Horizon Technology Finance Corp,NASDAQ,,,1487428,DE,1231,,,"Nasdaq, NYSE",,
HSBC,HSBC HOLDINGS PLC,NYSE,"Savings Institution, Federally Chartered",6035,1089113,,1231,,HSBC HOLDINGS PLC \,"NYSE, OTC",,
HSCS,HeartSciences Inc.,NASDAQ,Finance Services,6199,1468492,TX,0430,,"Heart Test Laboratories, Inc.","Nasdaq, Nasdaq",,
HSDT,Solana Co,NASDAQ,Finance Services,6199,1610853,DE,1231,,"HELIUS MEDICAL TECHNOLOGIES, INC.; HELIUS MEDICAL TECHNOLOGIES, INC",Nasdaq,,
HSHP,Himalaya Shipping Ltd.,NYSE,Deep Sea Foreign Transportation of  Freight,4412,1959455,D0,1231,,,NYSE,,
HSIC,HENRY SCHEIN INC,NASDAQ,"Wholesale-Medical, Dental & Hospital Equipment & Supplies",5047,1000228,DE,1226,,SCHEIN HENRY INC,Nasdaq,,
HSLV,Highlander Silver Corp.,NYSE American,Gold and Silver Ores,1040,2013223,A1,1231,,,NYSE,,
HST,"HOST HOTELS & RESORTS, INC.",NASDAQ,Real Estate Investment Trusts,6798,1070750,MD,1231,,HOST MARRIOTT CORP/; HMC MERGER CORP,Nasdaq,,
HSTM,HEALTHSTREAM INC,NASDAQ,"Services-Computer Programming, Data Processing, Etc.",7370,1095565,TN,1231,,,Nasdaq,,
HSY,HERSHEY CO,NYSE,Sugar & Confectionery Products,2060,47111,DE,1231,,HERSHEY FOODS CORP,NYSE,,
HTB,"HomeTrust Bancshares, Inc.",NYSE,"Savings Institution, Federally Chartered",6035,1538263,MD,1231,,,NYSE,,
HTCO,High-Trend International Group,NASDAQ,Deep Sea Foreign Transportation of  Freight,4412,1928948,E9,1031,,Caravelle International Group,Nasdaq,,
HTCR,"HeartCore Enterprises, Inc.",NASDAQ,Services-Computer Processing & Data Preparation,7374,1892322,DE,1231,,,Nasdaq,,
HTFL,"Heartflow, Inc.",NASDAQ,Surgical & Medical Instruments & Apparatus,3841,1464521,DE,1231,,"Cardiovascular Simulation, Inc.",Nasdaq,,
HTGC,"Hercules Capital, Inc.",NYSE,,,1280784,MD,1231,,HERCULES TECHNOLOGY GROWTH CAPITAL INC,"NYSE, NYSE",,
HTH,Hilltop Holdings Inc.,NYSE,State Commercial Banks,6022,1265131,MD,1231,,AFFORDABLE RESIDENTIAL COMMUNITIES INC,NYSE,,
HTLD,HEARTLAND EXPRESS INC,NASDAQ,Trucking (No Local),4213,799233,NV,1231,,,Nasdaq,,
HTLM,HomesToLife Ltd,NASDAQ,Retail-Furniture Stores,5712,2023153,,,,,Nasdaq,,
HTO,H2O AMERICA,NASDAQ,Water Supply,4941,766829,DE,1231,,SJW GROUP; SJW CORP,Nasdaq,,
HTOO,Fusion Fuel Green PLC,NASDAQ,Misc Industrial & Commercial Machinery & Equipment,3590,1819794,L2,1231,,Fusion Fuel Green Ltd,Nasdaq,,
HTZ,"HERTZ GLOBAL HOLDINGS, INC",NASDAQ,Services-Auto Rental & Leasing (No Drivers),7510,1657853,DE,1231,,"Hertz Rental Car Holding Company, Inc.","Nasdaq, Nasdaq",,
HUBB,HUBBELL INC,NYSE,Electronic Components & Accessories,3670,48898,CT,1231,,,NYSE,,
HUBC,Hub Cyber Security Ltd.,NASDAQ,Computer Communications Equipment,3576,1905660,L3,1231,,Hub Cyber Security (Israel) Ltd.,"Nasdaq, Nasdaq, Nasdaq",,
HUBG,"Hub Group, Inc.",NASDAQ,Arrangement of  Transportation of  Freight & Cargo,4731,940942,IL,1231,,Hub Group; HUB GROUP INC,Nasdaq,,
HUBS,HUBSPOT INC,NYSE,Services-Prepackaged Software,7372,1404655,NY,1231,,,NYSE,,
HUDI,"Huadi International Group Co., Ltd.",NASDAQ,Steel Pipe & Tubes,3317,1791725,E9,0930,,,Nasdaq,,
HUHU,HUHUTECH International Group Inc.,NASDAQ,Nonferrous Foundries (Castings),3360,1945415,F4,1231,,,Nasdaq,,
HUM,HUMANA INC,NYSE,Hospital & Medical Service Plans,6324,49071,DE,1231,,,NYSE,,
HUMA,"Humacyte, Inc.",NASDAQ,"Biological Products, (No Diagnostic Substances)",2836,1818382,DE,1231,,Alpha Healthcare Acquisition Corp.,"Nasdaq, Nasdaq",,
HUN,Huntsman CORP,NYSE,Chemicals & Allied Products,2800,1307954,DE,1231,,,NYSE,,
HURA,"TuHURA Biosciences, Inc./NV",NASDAQ,Pharmaceutical Preparations,2834,1498382,NV,1231,,"Kintara Therapeutics, Inc.; DelMar Pharmaceuticals, Inc.; Berry Only Inc.",Nasdaq,,
HURC,HURCO COMPANIES INC,NASDAQ,"Industrial Instruments For Measurement, Display, and Control",3823,315374,IN,1031,,,Nasdaq,,
HURN,Huron Consulting Group Inc.,NASDAQ,Services-Management Consulting Services,8742,1289848,DE,1231,,,Nasdaq,,
HUT,Hut 8 Corp.,NASDAQ,Finance Services,6199,1964789,DE,1231,,,Nasdaq,,
HVII,Hennessy Capital Investment Corp. VII,NASDAQ,Electric Services,4911,1846416,,1231,,,"Nasdaq, Nasdaq, Nasdaq",,
HVMC,Highview Merger Corp.,NASDAQ,Blank Checks,6770,2070602,E9,1231,,,"Nasdaq, Nasdaq, Nasdaq",,
HVT,HAVERTY FURNITURE COMPANIES INC,NYSE,Retail-Furniture Stores,5712,216085,MD,1231,,,"NYSE, NYSE",,
HVT.A,"Haverty Furniture Companies, Inc. Common Stock",NYSE,,,,,,,,,,
HWBK,"HAWTHORN BANCSHARES, INC.",NASDAQ,National Commercial Banks,6021,893847,MO,1231,,EXCHANGE NATIONAL BANCSHARES INC,Nasdaq,,
HWC,HANCOCK WHITNEY CORP,NASDAQ,State Commercial Banks,6022,750577,MS,1231,,HANCOCK HOLDING CO,"Nasdaq, Nasdaq",,
HWH,HWH International Inc.,NASDAQ,"Wholesale-Drugs, Proprietaries & Druggists' Sundries",5122,1897245,NV,1231,,Alset Capital Acquisition Corp.,Nasdaq,,
HWKN,HAWKINS INC,NASDAQ,Wholesale-Chemicals & Allied Products,5160,46250,MN,0328,,HAWKINS CHEMICAL INC,Nasdaq,,
HWM,Howmet Aerospace Inc.,NYSE,Rolling Drawing & Extruding of  Nonferrous Metals,3350,4281,DE,1231,,Arconic Inc.; ALCOA INC.; ALCOA INC; ALUMINUM CO OF AMERICA,NYSE,,
HXHX,Haoxin Holdings Ltd,NASDAQ,Trucking & Courier Services (No Air),4210,1936817,F4,1231,,,Nasdaq,,
HXL,HEXCEL CORP /DE/,NYSE,"Plastic Materials, Synth Resins & Nonvulcan Elastomers",2821,717605,DE,1231,,,NYSE,,
HY,"HYSTER-YALE, INC.",NYSE,"Industrial Trucks, Tractors, Trailors & Stackers",3537,1173514,DE,1231,,"HYSTER-YALE MATERIALS HANDLING, INC.; HYSTER YALE MATERIALS HANDLING INC.; NMHG HOLDING CO",NYSE,,
HYFM,"HYDROFARM HOLDINGS GROUP, INC.",NASDAQ,Wholesale-Miscellaneous Nondurable Goods,5190,1695295,DE,1231,,Innovation Acquisition One Corp,Nasdaq,,
HYFT,MindWalk Holdings Corp.,NASDAQ,Pharmaceutical Preparations,2834,1715925,A1,0430,,ImmunoPrecise Antibodies Ltd.,Nasdaq,,
HYLN,Hyliion Holdings Corp.,NYSE American,Truck & Bus Bodies,3713,1759631,DE,1231,,Tortoise Acquisition Corp.,NYSE,,
HYMC,HYCROFT MINING HOLDING CORP,NASDAQ,Gold and Silver Ores,1040,1718405,DE,1231,,HYCROFT MINING HOLDING CORP; Mudrick Capital Acquisition Corp,"Nasdaq, OTC",,
HYNE,"Hoyne Bancorp, Inc.",NASDAQ,"Savings Institutions, Not Federally Chartered",6036,2073153,DE,1231,,,Nasdaq,,
HYPD,"HYPERION DEFI, INC.",NASDAQ,Pharmaceutical Preparations,2834,1682639,DE,1231,,"EYENOVIA, INC.",Nasdaq,,
HYPR,"Hyperfine, Inc.",NASDAQ,Electromedical & Electrotherapeutic Apparatus,3845,1833769,DE,1231,,HealthCor Catalio Acquisition Corp.,Nasdaq,,
HZO,MARINEMAX INC,NYSE,Retail-Auto & Home Supply Stores,5531,1057060,DE,0930,,,NYSE,,
IA,INNOVATIVE SOLUTIONS & SUPPORT INC,NASDAQ,Services-Computer Programming Services,7371,836690,PA,0930,,,Nasdaq,,
IAG,IAMGOLD CORP,NYSE,Gold and Silver Ores,1040,1203464,A6,1231,,,NYSE,,
IART,INTEGRA LIFESCIENCES HOLDINGS CORP,NASDAQ,Surgical & Medical Instruments & Apparatus,3841,917520,DE,1231,,INTEGRA LIFESCIENCES CORP,Nasdaq,,
IAUX,i-80 Gold Corp.,NYSE American,Gold and Silver Ores,1040,1853962,A1,1231,,,"NYSE, NYSE",,
IBCP,INDEPENDENT BANK CORP /MI/,NASDAQ,State Commercial Banks,6022,39311,MI,1231,,,Nasdaq,,
IBEX,IBEX Ltd,NASDAQ,Services-Computer Processing & Data Preparation,7374,1720420,D0,0630,,IBEX Holdings Ltd,Nasdaq,,
IBG,Innovation Beverage Group Ltd,NASDAQ,Beverages,2080,1924482,C3,1231,,,Nasdaq,,
IBIO,"iBio, Inc.",NASDAQ,Pharmaceutical Preparations,2834,1420720,DE,0630,,"iBio, Inc.; iBioPharma, Inc.; InB:Biotechnologies, Inc.",Nasdaq,,
IBKR,"Interactive Brokers Group, Inc.",NASDAQ,"Security Brokers, Dealers & Flotation Companies",6211,1381197,DE,1231,,,Nasdaq,,
IBM,INTERNATIONAL BUSINESS MACHINES CORP,NYSE,Computer & office Equipment,3570,51143,NY,1231,,,NYSE,,
IBN,ICICI BANK LTD,NYSE,"Commercial Banks, NEC",6029,1103838,,0331,,,NYSE,,
IBO,IMPACT BIOMEDICAL INC.,NYSE American,Pharmaceutical Preparations,2834,1834105,NV,1231,,,NYSE,,
IBOC,INTERNATIONAL BANCSHARES CORP,NASDAQ,State Commercial Banks,6022,315709,TX,1231,,,Nasdaq,,
IBP,"Installed Building Products, Inc.",NYSE,General Bldg Contractors - Residential Bldgs,1520,1580905,DE,1231,,,NYSE,,
IBRX,"ImmunityBio, Inc.",NASDAQ,"Biological Products, (No Diagnostic Substances)",2836,1326110,DE,1231,,"NantKwest, Inc.; Conkwest, Inc.; ZelleRx Corp",Nasdaq,,
IBTA,"Ibotta, Inc.",NYSE,Services-Advertising,7310,1538379,DE,1231,,"Zing Enterprises, Inc.",NYSE,,
ICCC,IMMUCELL CORP /DE/,NASDAQ,In Vitro & In Vivo Diagnostic Substances,2835,811641,DE,1231,,,Nasdaq,,
ICCM,IceCure Medical Ltd.,NASDAQ,Surgical & Medical Instruments & Apparatus,3841,1584371,L3,1231,,,Nasdaq,,
ICE,"Intercontinental Exchange, Inc.",NYSE,"Security & Commodity Brokers, Dealers, Exchanges & Services",6200,1571949,DE,1231,,"IntercontinentalExchange Group, Inc.",NYSE,,
ICFI,"ICF International, Inc.",NASDAQ,Services-Management Consulting Services,8742,1362004,DE,1231,,,Nasdaq,,
ICHR,"ICHOR HOLDINGS, LTD.",NASDAQ,Semiconductors & Related Devices,3674,1652535,E9,1227,,,Nasdaq,,
ICL,ICL Group Ltd.,NYSE,Agricultural Chemicals,2870,941221,L3,1231,,ISRAEL CHEMICALS LTD,NYSE,,
ICLR,ICON PLC,NASDAQ,Services-Commercial Physical & Biological Research,8731,1060955,,,,ICON PLC  /ADR/,Nasdaq,,
ICMB,"Investcorp Credit Management BDC, Inc.",NASDAQ,,,1578348,MD,1231,,CM Finance Inc,Nasdaq,,
ICON,Icon Energy Corp,NASDAQ,Deep Sea Foreign Transportation of  Freight,4412,1995574,1T,,,,Nasdaq,,
ICU,SeaStar Medical Holding Corp,NASDAQ,Surgical & Medical Instruments & Apparatus,3841,1831868,CO,1231,,LMF Acquisition Opportunities Inc,"Nasdaq, Nasdaq",,
ICUI,ICU MEDICAL INC/DE,NASDAQ,Surgical & Medical Instruments & Apparatus,3841,883984,DE,1231,,,Nasdaq,,
IDA,IDACORP INC,NYSE,Electric Services,4911,1057877,ID,1231,,,NYSE,,
IDAC,Iron Dome Acquisition I Corp.,NASDAQ,Blank Checks,6770,2090441,E9,1231,,,"Nasdaq, Nasdaq, Nasdaq",,
IDAI,T Stamp Inc,NASDAQ,Services-Prepackaged Software,7372,1718939,DE,1231,,,Nasdaq,,
IDCC,"InterDigital, Inc.",NASDAQ,Patent Owners & Lessors,6794,1405495,,1231,,,Nasdaq,,
IDN,"Intellicheck, Inc.",NASDAQ,Services-Prepackaged Software,7372,1040896,DE,1231,,"Intellicheck Mobilisa, Inc.; Intelli Check Mobilisa, Inc; INTELLI CHECK INC",Nasdaq,,
IDR,"Idaho Strategic Resources, Inc.",NYSE American,Gold and Silver Ores,1040,1030192,ID,1231,,NEW JERSEY MINING CO,NYSE,,
IDT,IDT CORP,NYSE,Telephone Communications (No Radiotelephone),4813,1005731,DE,0731,,,NYSE,,
IDXX,IDEXX LABORATORIES INC /DE,NASDAQ,In Vitro & In Vivo Diagnostic Substances,2835,874716,DE,1231,,,Nasdaq,,
IDYA,"IDEAYA Biosciences, Inc.",NASDAQ,Pharmaceutical Preparations,2834,1676725,DE,1231,,,Nasdaq,,
IE,Ivanhoe Electric Inc.,NYSE American,Metal Mining,1000,1879016,DE,1231,,,NYSE,,
IESC,"IES Holdings, Inc.",NASDAQ,Electrical Work,1731,1048268,DE,0930,,"Integrated Electrical Services, Inc.; INTEGRATED ELECTRICAL SERVICES INC",Nasdaq,,
IEX,IDEX CORP /DE/,NYSE,Pumps & Pumping Equipment,3561,832101,DE,1231,,,NYSE,,
IFBD,"Infobird Co., Ltd",NASDAQ,Services-Prepackaged Software,7372,1815566,E9,1231,,Infobird Co. Ltd.,Nasdaq,,
IFF,INTERNATIONAL FLAVORS & FRAGRANCES INC,NYSE,Industrial Organic Chemicals,2860,51253,NY,1231,,,NYSE,,
IFRX,InflaRx N.V.,NASDAQ,Pharmaceutical Preparations,2834,1708688,P7,1231,,Fireman B.V.,Nasdaq,,
IFS,Intercorp Financial Services Inc.,NYSE,"Commercial Banks, NEC",6029,1615903,,,,,NYSE,,
IGC,"IGC Pharma, Inc.",NYSE American,Pharmaceutical Preparations,2834,1326205,MD,1231,,"India Globalization Capital, Inc.",NYSE,,
IGIC,International General Insurance Holdings Ltd.,NASDAQ,"Insurance Carriers, NEC",6399,1794338,D0,1231,,,Nasdaq,,
IHRT,"iHeartMedia, Inc.",NASDAQ,Radio Broadcasting Stations,4832,1400891,,1231,,"CC Media Holdings Inc; C C Media Holdings Inc; BT Triple Crown Capital Holdings III, Inc.","Nasdaq, OTC, OTC",,
IHS,IHS Holding Ltd,NYSE,Radiotelephone Communications,4812,1876183,O4,1231,,,NYSE,,
III,Information Services Group Inc.,NASDAQ,Services-Management Consulting Services,8742,1371489,DE,1231,,Information Services Group Inc.,Nasdaq,,
IIIN,INSTEEL INDUSTRIES INC,NYSE,"Steel Works, Blast Furnaces & Rolling & Finishing Mills",3310,764401,NC,1003,,,NYSE,,
IIIV,"i3 Verticals, Inc.",NASDAQ,Services-Prepackaged Software,7372,1728688,DE,0930,,,Nasdaq,,
IIPR,INNOVATIVE INDUSTRIAL PROPERTIES INC,NYSE,Real Estate,6500,1677576,,1231,,,"NYSE, NYSE",,
IKT,"Inhibikase Therapeutics, Inc.",NASDAQ,"Biological Products, (No Diagnostic Substances)",2836,1750149,DE,1231,,,Nasdaq,,
ILAG,Intelligent Living Application Group Inc.,NASDAQ,"Partitions, Shelvg, Lockers, & of fice & Store Fixtures",2540,1814963,K3,1231,,,Nasdaq,,
ILLR,Triller Group Inc.,NASDAQ,Investment Advice,6282,1769624,DE,1231,,AGBA Group Holding Ltd.; AGBA Acquisition Ltd,"Nasdaq, Nasdaq",,
ILMN,"ILLUMINA, INC.",NASDAQ,Laboratory Analytical Instruments,3826,1110803,DE,0103,,ILLUMINA INC,Nasdaq,,
IMA,"ImageneBio, Inc.",NASDAQ,"Biological Products, (No Diagnostic Substances)",2836,1835579,DE,1231,,"Ikena Oncology, Inc.",Nasdaq,,
IMAX,IMAX CORP,NYSE,Photographic Equipment & Supplies,3861,921582,A6,1231,,,NYSE,,
IMC,IMC Rare Earths Ltd,NYSE American,Metal Mining,1000,2098395,E9,0331,,,NYSE,,
IMCC,IM Cannabis Corp.,NASDAQ,Medicinal Chemicals & Botanical Products,2833,1792030,A1,1231,,,Nasdaq,,
IMDX,Insight Molecular Diagnostics Inc.,NASDAQ,In Vitro & In Vivo Diagnostic Substances,2835,1642380,CA,1231,,OncoCyte Corp; Oncocyte Corp,Nasdaq,,
IMKTA,INGLES MARKETS INC,NASDAQ,Retail-Grocery Stores,5411,50493,NC,0926,,,Nasdaq,,
IMMR,IMMERSION CORP,NASDAQ,"Computer Peripheral Equipment, NEC",3577,1058811,DE,0430,,,Nasdaq,,
IMMX,"Immix Biopharma, Inc.",NASDAQ,Pharmaceutical Preparations,2834,1873835,DE,1231,,"Immix Biopharma, Inc.",Nasdaq,,
IMNM,Immunome Inc.,NASDAQ,Pharmaceutical Preparations,2834,1472012,DE,1231,,,Nasdaq,,
IMNN,"Imunon, Inc.",NASDAQ,Pharmaceutical Preparations,2834,749647,DE,1231,,CELSION CORP; Celsion CORP; CHEUNG LABORATORIES INC,Nasdaq,,
IMO,IMPERIAL OIL LTD,NYSE American,Petroleum Refining,2911,49938,,1231,,,NYSE,,
IMPP,Imperial Petroleum Inc./Marshall Islands,NASDAQ,Deep Sea Foreign Transportation of  Freight,4412,1876581,1T,1231,,,"Nasdaq, Nasdaq",,
IMRX,Immuneering Corp,NASDAQ,Pharmaceutical Preparations,2834,1790340,DE,1231,,,Nasdaq,,
IMSR,Terrestrial Energy Inc. /DE/,NASDAQ,Fabricated Plate Work (Boiler Shops),3443,2019804,DE,1231,,HCM II Acquisition Corp.,"Nasdaq, Nasdaq",,
IMTE,Integrated Media Technology Ltd,NASDAQ,Household Audio & Video Equipment,3651,1668438,C3,1231,,,Nasdaq,,
IMTX,Immatics N.V.,NASDAQ,"Biological Products, (No Diagnostic Substances)",2836,1809196,P7,1231,,Immatics B.V.,Nasdaq,,
IMUX,"IMMUNIC, INC.",NASDAQ,Pharmaceutical Preparations,2834,1280776,DE,1231,,VITAL THERAPIES INC,Nasdaq,,
IMVT,"Immunovant, Inc.",NASDAQ,"Biological Products, (No Diagnostic Substances)",2836,1764013,DE,0331,,Health Sciences Acquisitions Corp,Nasdaq,,
IMXI,"International Money Express, Inc.",NASDAQ,"Services-Business Services, NEC",7389,1683695,DE,1231,,Fintech Acquisition Corp. II,Nasdaq,,
INAB,"IN8BIO, INC.",NASDAQ,"Biological Products, (No Diagnostic Substances)",2836,1740279,DE,1231,,"Incysus Therapeutics, Inc.",Nasdaq,,
INBK,First Internet Bancorp,NASDAQ,State Commercial Banks,6022,1562463,IN,1231,,First Internet Bancorp,"Nasdaq, Nasdaq",,
INBS,INTELLIGENT BIO SOLUTIONS INC.,NASDAQ,Surgical & Medical Instruments & Apparatus,3841,1725430,DE,0630,,"GBS Inc.; Glucose Biosensor Systems (Greater China) Holdings, Inc.",Nasdaq,,
INBX,"Inhibrx Biosciences, Inc.",NASDAQ,"Biological Products, (No Diagnostic Substances)",2836,2007919,DE,1231,,,Nasdaq,,
INCR,Intercure Ltd.,NASDAQ,Pharmaceutical Preparations,2834,1857030,L3,1231,,,Nasdaq,,
INCY,INCYTE CORP,NASDAQ,Services-Commercial Physical & Biological Research,8731,879169,DE,1231,,INCYTE INC; INCYTE GENOMICS INC; INCYTE PHARMACEUTICALS INC,Nasdaq,,
INDB,INDEPENDENT BANK CORP,NASDAQ,State Commercial Banks,6022,776901,MA,1231,,INDEPENDENT BANK CORP /MA/,Nasdaq,,
INDI,"indie Semiconductor, Inc.",NASDAQ,Semiconductors & Related Devices,3674,1841925,DE,1231,,"Thunder Bridge II Surviving Pubco, Inc.",Nasdaq,,
INDO,Indonesia Energy Corp Ltd,NYSE American,Crude Petroleum & Natural Gas,1311,1757840,E9,1231,,,NYSE,,
INDP,"Indaptus Therapeutics, Inc.",NASDAQ,Pharmaceutical Preparations,2834,1857044,DE,1231,,Intec Parent Inc.,Nasdaq,,
INDV,"Indivior Pharmaceuticals, Inc.",NASDAQ,Pharmaceutical Preparations,2834,1625297,DE,1231,,INDIVIOR PLC,Nasdaq,,
INEO,INNEOVA Holdings Ltd,NASDAQ,Wholesale-Motor Vehicles & Motor Vehicle Parts & Supplies,5010,1933951,E9,1231,,SAG Holdings Ltd,Nasdaq,,
INFQ,"Infleqtion, Inc.",NYSE,Services-Computer Processing & Data Preparation,7374,2007825,DE,1231,,Churchill Capital Corp X/Cayman,"NYSE, NYSE",,
INFU,"InfuSystem Holdings, Inc",NYSE American,Surgical & Medical Instruments & Apparatus,3841,1337013,DE,1231,,"HAPC, Inc.; Healthcare Acquisition Partners Corp.",NYSE,,
ING,ING GROEP NV,NYSE,"Commercial Banks, NEC",6029,1039765,P7,1231,,,"NYSE, OTC",,
INGM,Ingram Micro Holding Corp,NYSE,Wholesale-Computers & Peripheral Equipment & Software,5045,1897762,DE,1228,,,NYSE,,
INGN,Inogen Inc,NASDAQ,"Orthopedic, Prosthetic & Surgical Appliances & Supplies",3842,1294133,DE,1231,,,Nasdaq,,
INGR,Ingredion Inc,NYSE,Grain Mill Products,2040,1046257,DE,1231,,CORN PRODUCTS INTERNATIONAL INC,NYSE,,
INHD,INNO HOLDINGS INC.,NASDAQ,"Retail-Retail Stores, NEC",5990,1961847,TX,0930,,,Nasdaq,,
INIO,INNIO N.V.,NASDAQ,Motors & Generators,3621,2109150,2M,1231,,INNIO Group Holding B.V.; INNIO Holding GmbH,Nasdaq,,
INKT,"MiNK Therapeutics, Inc.",NASDAQ,"Biological Products, (No Diagnostic Substances)",2836,1840229,DE,1231,,"AgenTus Therapeutics, Inc.; AgenTus Therapeutics, Inc.",Nasdaq,,
INLF,INLIF Ltd,NASDAQ,"General Industrial Machinery & Equipment, NEC",3569,1991592,E9,1231,,,Nasdaq,,
INLX,"INTELLINETICS, INC.",NYSE American,Services-Prepackaged Software,7372,1081745,NV,1231,,GLOBALWISE INVESTMENTS INC,NYSE,,
INM,InMed Pharmaceuticals Inc.,NASDAQ,Pharmaceutical Preparations,2834,1728328,A1,0630,,,Nasdaq,,
INMB,"Inmune Bio, Inc.",NASDAQ,"Biological Products, (No Diagnostic Substances)",2836,1711754,NV,1231,,,Nasdaq,,
INMD,InMode Ltd.,NASDAQ,Electromedical & Electrotherapeutic Apparatus,3845,1742692,L3,1231,,,Nasdaq,,
INN,"Summit Hotel Properties, Inc.",NYSE,Real Estate Investment Trusts,6798,1497645,MD,1231,,,"NYSE, NYSE, NYSE",,
INNV,InnovAge Holding Corp.,NASDAQ,Services-Health Services,8000,1834376,DE,0630,,"TCO GROUP HOLDINGS, INC.",Nasdaq,,
INO,"INOVIO PHARMACEUTICALS, INC.",NASDAQ,Pharmaceutical Preparations,2834,1055726,DE,1231,,INOVIO BIOMEDICAL CORP; GENETRONICS BIOMEDICAL CORP; GENETRONICS BIOMEDICAL LTD,Nasdaq,,
INOD,INNODATA INC,NASDAQ,Services-Computer Processing & Data Preparation,7374,903651,DE,1231,,INNODATA ISOGEN INC; INNODATA CORP,Nasdaq,,
INR,"INFINITY NATURAL RESOURCES, INC.",NYSE,Crude Petroleum & Natural Gas,1311,2029118,DE,1231,,,NYSE,,
INSE,"Inspired Entertainment, Inc.",NASDAQ,Services-Prepackaged Software,7372,1615063,DE,1231,,Hydra Industries Acquisition Corp.,Nasdaq,,
INSG,INSEEGO CORP.,NASDAQ,"Communications Equipment, NEC",3669,1022652,,1231,,NOVATEL WIRELESS INC,Nasdaq,,
INSM,INSMED Inc,NASDAQ,Pharmaceutical Preparations,2834,1104506,VA,1231,,,Nasdaq,,
INSP,"Inspire Medical Systems, Inc.",NYSE,Surgical & Medical Instruments & Apparatus,3841,1609550,DE,1231,,,NYSE,,
INSW,"International Seaways, Inc.",NYSE,Water Transportation,4400,1679049,1T,1231,,"OSG International, INC",NYSE,,
INTA,"Intapp, Inc.",NASDAQ,Services-Prepackaged Software,7372,1565687,DE,0630,,"LegalApp Holdings, Inc.",Nasdaq,,
INTC,INTEL CORP,NASDAQ,Semiconductors & Related Devices,3674,50863,DE,1227,,,Nasdaq,,
INTG,INTERGROUP CORP,NASDAQ,Operators of  Apartment Buildings,6513,69422,DE,0630,,,Nasdaq,,
INTJ,Intelligent Group Ltd,NASDAQ,Services-Management Consulting Services,8742,1916416,,,,,Nasdaq,,
INTR,"Inter & Co, Inc.",NASDAQ,"Commercial Banks, NEC",6029,1864163,E9,1231,,"Inter Platform, Inc.",Nasdaq,,
INTS,"INTENSITY THERAPEUTICS, INC.",NASDAQ,"Biological Products, (No Diagnostic Substances)",2836,1567264,DE,1231,,,Nasdaq,,
INTT,INTEST CORP,NYSE American,Instruments For Meas & Testing of  Electricity & Elec Signals,3825,1036262,DE,1231,,,NYSE,,
INTU,INTUIT INC.,NASDAQ,Services-Prepackaged Software,7372,896878,DE,0731,,INTUIT INC,Nasdaq,,
INTZ,INTRUSION INC,NASDAQ,Computer Communications Equipment,3576,736012,DE,1231,,INTRUSION COM INC; ODS NETWORKS INC; OPTICAL DATA SYSTEMS INC,Nasdaq,,
INUV,"Inuvo, Inc.",NYSE American,Services-Advertising,7310,829323,NV,1231,,KOWABUNGA! INC.; THINK PARTNERSHIP INC; CGI HOLDING CORP; GEMSTAR ENTERPRISES INC,NYSE,,
INV,"Innventure, Inc.",NASDAQ,Blank Checks,6770,2001557,DE,1231,,"Learn SPAC HoldCo, Inc.","Nasdaq, OTC",,
INVA,"Innoviva, Inc.",NASDAQ,Pharmaceutical Preparations,2834,1080014,DE,1231,,THERAVANCE INC; ADVANCED MEDICINE INC,Nasdaq,,
INVE,"Identiv, Inc.",NASDAQ,"Computer Peripheral Equipment, NEC",3577,1036044,DE,1231,,"IDENTIVE GROUP, INC.; SCM MICROSYSTEMS INC",Nasdaq,,
INVH,Invitation Homes Inc.,NYSE,Real Estate Operators (No Developers) & Lessors,6510,1687229,,1231,,,NYSE,,
INVX,"Innovex International, Inc.",NYSE,Oil & Gas Field Machinery & Equipment,3533,1042893,DE,1231,,"Innovex International, Inc.; DRIL-QUIP INC",NYSE,,
INVZ,Innoviz Technologies Ltd.,NASDAQ,Motor Vehicle Parts & Accessories,3714,1835654,L3,1231,,,Nasdaq,,
IOND,Ionic Digital Inc.,NASDAQ,Finance Services,6199,2007691,DE,1224,,,Nasdaq,,
IONQ,"IonQ, Inc.",NYSE,Services-Computer Integrated Systems Design,7373,1824920,DE,1231,,"dMY Technology Group, Inc. III","NYSE, NYSE",,
IONS,IONIS PHARMACEUTICALS INC,NASDAQ,Pharmaceutical Preparations,2834,874015,CA,1231,,ISIS PHARMACEUTICALS INC,Nasdaq,,
IOR,INCOME OPPORTUNITY REALTY INVESTORS INC /TX/,NYSE American,Real Estate Investment Trusts,6798,949961,NV,1231,,,NYSE,,
IOSP,INNOSPEC INC.,NASDAQ,Chemicals & Allied Products,2800,1054905,DE,1231,,OCTEL CORP,Nasdaq,,
IOT,Samsara Inc.,NYSE,Services-Computer Integrated Systems Design,7373,1642896,NV,0130,,Samsara Networks Inc.,NYSE,,
IOTR,iOThree Ltd,NASDAQ,"Communications Services, NEC",4899,1997637,E9,0331,,,Nasdaq,,
IOVA,"IOVANCE BIOTHERAPEUTICS, INC.",NASDAQ,"Biological Products, (No Diagnostic Substances)",2836,1425205,DE,1231,,"Lion Biotechnologies, Inc.; Genesis Biopharma, Inc; FREIGHT MANAGEMENT CORP",Nasdaq,,
IP,INTERNATIONAL PAPER CO /NEW/,NYSE,Paper Mills,2621,51434,NY,1231,,,"NYSE, OTC",,
IPAR,INTERPARFUMS INC,NASDAQ,"Perfumes, Cosmetics & Other Toilet Preparations",2844,822663,DE,1231,,INTER PARFUMS INC; JEAN PHILIPPE FRAGRANCES INC,Nasdaq,,
IPDN,"Professional Diversity Network, Inc.",NASDAQ,"Services-Computer Programming, Data Processing, Etc.",7370,1546296,DE,1231,,"Professional Diversity Network, LLC",Nasdaq,,
IPGP,IPG PHOTONICS CORP,NASDAQ,Semiconductors & Related Devices,3674,1111928,DE,1231,,,Nasdaq,,
IPI,"Intrepid Potash, Inc.",NYSE,Mining & Quarrying of  Nonmetallic Minerals (No Fuels),1400,1421461,DE,1231,,"Intrepid Potash, Inc.",NYSE,,
IPM,INTELLIGENT PROTECTION MANAGEMENT CORP.,NASDAQ,"Services-Computer Programming, Data Processing, Etc.",7370,1355839,DE,1231,,"PALTALK, INC.; PeerStream, Inc.; Snap Interactive, Inc; eTwine Holdings, Inc",Nasdaq,,
IPSC,"Century Therapeutics, Inc.",NASDAQ,"Biological Products, (No Diagnostic Substances)",2836,1850119,DE,1231,,,Nasdaq,,
IPST,"IP STRATEGY HOLDINGS, INC.",NASDAQ,Beverages,2080,1788230,DE,1231,,"Heritage Distilling Holding Company, Inc.",Nasdaq,,
IPVV,"InterPrivate Investment Partners V, Inc.",NASDAQ,Blank Checks,6770,2105274,E9,1231,,,"Nasdaq, Nasdaq, Nasdaq",,
IPW,iPower Inc.,NASDAQ,"Retail-Building Materials, Hardware, Garden Supply",5200,1830072,NV,0630,,,Nasdaq,,
IPWR,Ideal Power Inc.,NASDAQ,Semiconductors & Related Devices,3674,1507957,DE,1231,,"Ideal Power Converters, Inc.",Nasdaq,,
IQST,iQSTEL Inc,NASDAQ,Telephone Communications (No Radiotelephone),4813,1527702,NV,1231,,"PURESNAX INTERNATIONAL, INC.; PURE SNAX INTERNATIONAL, INC.; B-MAVEN, INC.",Nasdaq,,
IQV,IQVIA HOLDINGS INC.,NYSE,Services-Commercial Physical & Biological Research,8731,1478242,DE,1231,,"Quintiles IMS Holdings, Inc.; Quintiles Transnational Holdings Inc.",NYSE,,
IR,Ingersoll Rand Inc.,NYSE,General Industrial Machinery & Equipment,3560,1699150,DE,1231,,"GARDNER DENVER HOLDINGS, INC.",NYSE,,
IRD,"Opus Genetics, Inc.",NASDAQ,Pharmaceutical Preparations,2834,1228627,DE,1231,,"Ocuphire Pharma, Inc.; REXAHN PHARMACEUTICALS, INC.; CORPORATE ROAD SHOW DOT COM INC; FERRARO FRANK",Nasdaq,,
IRDM,Iridium Communications Inc.,NASDAQ,"Communications Services, NEC",4899,1418819,DE,1231,,GHL Acquisition Corp.,Nasdaq,,
IREN,IREN Ltd,NASDAQ,Finance Services,6199,1878848,C3,0630,,Iris Energy Ltd; Iris Energy Pty Ltd,Nasdaq,,
IRHO,Iron Horse Acquisition II Corp.,NASDAQ,"Services-Business Services, NEC",7389,2051985,,1130,,Iron Horse Acquisitions Corp. II; Iron Horse Acquisition Corp. II,"Nasdaq, Nasdaq, Nasdaq",,
IRIX,IRIDEX CORP,NASDAQ,Electromedical & Electrotherapeutic Apparatus,3845,1006045,DE,0103,,,Nasdaq,,
IRM,IRON MOUNTAIN INC,NYSE,Real Estate Investment Trusts,6798,1020569,DE,1231,,IRON MOUNTAIN INC/PA; PIERCE LEAHY CORP,NYSE,,
IRMD,IRADIMED CORP,NASDAQ,Surgical & Medical Instruments & Apparatus,3841,1325618,DE,1231,,,Nasdaq,,
IRON,"Disc Medicine, Inc.",NASDAQ,Pharmaceutical Preparations,2834,1816736,,1231,,"Gemini Therapeutics, Inc. /DE; FS Development Corp.",Nasdaq,,
IRTC,"iRhythm Holdings, Inc.",NASDAQ,Surgical & Medical Instruments & Apparatus,3841,1388658,,1231,,"IRhythm Technologies, Inc.; iRhythm Technologies, Inc.; IRhythm Technologies Inc",Nasdaq,,
IRWD,IRONWOOD PHARMACEUTICALS INC,NASDAQ,Pharmaceutical Preparations,2834,1446847,DE,1231,,,Nasdaq,,
ISBA,ISABELLA BANK CORP,NASDAQ,State Commercial Banks,6022,842517,MI,1231,,IBT BANCORP INC /MI/,Nasdaq,,
ISOU,IsoEnergy Ltd.,NYSE American,Miscellaneous Metal Ores,1090,1997377,A6,1231,,,NYSE,,
ISPC,iSpecimen Inc.,NASDAQ,Services-Commercial Physical & Biological Research,8731,1558569,DE,1231,,,Nasdaq,,
ISPR,Ispire Technology Inc.,NASDAQ,Cigarettes,2111,1948455,,0630,,,Nasdaq,,
ISRG,INTUITIVE SURGICAL INC,NASDAQ,"Orthopedic, Prosthetic & Surgical Appliances & Supplies",3842,1035267,DE,1231,,,Nasdaq,,
ISTR,Investar Holding Corp,NASDAQ,State Commercial Banks,6022,1602658,LA,1231,,,Nasdaq,,
IT,GARTNER INC,NYSE,Services-Management Services,8741,749251,DE,1231,,GARTNER GROUP INC,NYSE,,
ITG,"ITG, Inc./DE/",NASDAQ,"Water, Sewer, Pipeline, Comm & Power Line Construction",1623,2110117,DE,1231,,,Nasdaq,,
ITGR,Integer Holdings Corp,NYSE,Electromedical & Electrotherapeutic Apparatus,3845,1114483,DE,1231,,"GREATBATCH, INC.; WILSON GREATBATCH TECHNOLOGIES INC",NYSE,,
ITIC,INVESTORS TITLE CO,NASDAQ,Title Insurance,6361,720858,NC,1231,,,Nasdaq,,
ITOC,iTonic Holdings Ltd,NASDAQ,Electromedical & Electrotherapeutic Apparatus,3845,1970544,,,,Pheton Holdings Ltd,Nasdaq,,
ITP,"IT TECH PACKAGING, INC.",NYSE American,Converted Paper & Paperboard Prods (No Contaners/Boxes),2670,1358190,NV,1231,,"Orient Paper Inc.; CARLATERAL, INC.",NYSE,,
ITRG,Integra Resources Corp.,NYSE American,Gold and Silver Ores,1040,1722387,A1,1231,,,NYSE,,
ITRI,"ITRON, INC.",NASDAQ,Instruments For Meas & Testing of  Electricity & Elec Signals,3825,780571,WA,1231,,ITRON INC /WA/,Nasdaq,,
ITRN,Ituran Location & Control Ltd.,NASDAQ,"Wholesale-Electronic Parts & Equipment, NEC",5065,1337117,L3,1231,,,Nasdaq,,
ITT,ITT INC.,NYSE,Pumps & Pumping Equipment,3561,216228,,1231,,ITT CORP; ITT Corp; ITT INDUSTRIES INC,NYSE,,
ITW,ILLINOIS TOOL WORKS INC,NYSE,General Industrial Machinery & Equipment,3560,49826,DE,1231,,,NYSE,,
IVA,Inventiva S.A.,NASDAQ,Pharmaceutical Preparations,2834,1756594,I0,1231,,,"Nasdaq, OTC",,
IVDA,"Iveda Solutions, Inc.",NASDAQ,Services-Prepackaged Software,7372,1397183,NV,1231,,Iveda Corp; Charmed Homes Inc.,"Nasdaq, Nasdaq",,
IVF,"INVO Fertility, Inc.",NASDAQ,Surgical & Medical Instruments & Apparatus,3841,1417926,NV,1231,,"NAYA Biosciences, Inc.; INVO Bioscience, Inc.; EMY'S SALSA AJI DISTRIBUTION COMPANY, INC.",Nasdaq,,
IVR,Invesco Mortgage Capital Inc.,NYSE,Real Estate Investment Trusts,6798,1437071,MD,1231,,Invesco Agency Securities Inc.,"NYSE, NYSE",,
IVT,InvenTrust Properties Corp.,NYSE,Real Estate Investment Trusts,6798,1307748,MD,1231,,"Inland American Real Estate Trust, Inc.",NYSE,,
IVVD,"Invivyd, Inc.",NASDAQ,"Biological Products, (No Diagnostic Substances)",2836,1832038,DE,1231,,"Adagio Therapeutics, Inc.",Nasdaq,,
IVZ,Invesco Ltd.,NYSE,Investment Advice,6282,914208,D0,1231,,Invesco Asset Management Deutschland GMBH; Invesco Ltd; INVESCO PLC/LONDON/; AMVESCAP PLC/LONDON/; AMVESCAP /LONDON/; INVESCO PLC /LONDON,NYSE,,
IXHL,Incannex Healthcare Inc.,NASDAQ,Pharmaceutical Preparations,2834,1873875,DE,0630,,Incannex Healthcare Ltd,Nasdaq,,
IZEA,"IZEA Worldwide, Inc.",NASDAQ,Services-Advertising,7310,1495231,NV,1231,,"IZEA, Inc.; IZEA Holdings, Inc.; Rapid Holdings Inc.",Nasdaq,,
IZM,ICZOOM Group Inc.,NASDAQ,"Retail-Radio, Tv & Consumer Electronics Stores",5731,1854572,E9,,,,Nasdaq,,
J,JACOBS SOLUTIONS INC.,NYSE,Heavy Construction Other Than Bldg Const - Contractors,1600,52988,DE,1002,,JACOBS ENGINEERING GROUP INC /DE/,NYSE,,
JACK,JACK IN THE BOX INC,NASDAQ,Retail-Eating  Places,5812,807882,DE,0927,,JACK IN THE BOX INC /NEW/; FOODMAKER INC /DE/,Nasdaq,,
JACS,Jackson Acquisition Co II,NYSE,Blank Checks,6770,2039058,,1231,,,"NYSE, NYSE, NYSE",,
JAGU,Jaguar Uranium Corp.,NYSE American,Metal Mining,1000,2039273,A1,1231,,,NYSE,,
JAGX,"Jaguar Health, Inc.",NASDAQ,Pharmaceutical Preparations,2834,1585608,DE,1231,,"Jaguar Animal Health, Inc.",Nasdaq,,
JAKK,JAKKS PACIFIC INC,NASDAQ,"Games, Toys & Children's Vehicles (No Dolls & Bicycles)",3944,1009829,DE,1231,,,Nasdaq,,
JAN,"Janus Living, Inc.",NYSE,Real Estate Investment Trusts,6798,2100805,MD,1231,,"Janus Parent, LLC",NYSE,,
JANX,"Janux Therapeutics, Inc.",NASDAQ,Pharmaceutical Preparations,2834,1817713,DE,1231,,,Nasdaq,,
JAZZ,Jazz Pharmaceuticals plc,NASDAQ,Pharmaceutical Preparations,2834,1232524,L2,1231,,JAZZ PHARMACEUTICALS INC,Nasdaq,,
JBDI,JBDI Holdings Ltd,NASDAQ,"Metal Shipping Barrels, Drums, Kegs & Pails",3412,1964314,E9,0531,,,Nasdaq,,
JBGS,JBG SMITH Properties,NYSE,Real Estate Investment Trusts,6798,1689796,MD,1231,,,NYSE,,
JBHT,HUNT J B TRANSPORT SERVICES INC,NASDAQ,Trucking (No Local),4213,728535,AR,1231,,,Nasdaq,,
JBI,"Janus International Group, Inc.",NYSE,"Metal Doors, Sash, Frames, Moldings & Trim",3442,1839839,DE,0101,,"Janus Parent, Inc.",NYSE,,
JBIO,"Jade Biosciences, Inc.",NASDAQ,Pharmaceutical Preparations,2834,1798749,DE,1231,,"Aerovate Therapeutics, Inc.",Nasdaq,,
JBK,LEHMAN ABS CORP GOLDMAN SACHS CAP 1 SEC BACKED SER 2004-6,NYSE,Asset-Backed Securities,6189,1284143,DE,1231,,,NYSE,,
JBL,JABIL INC,NYSE,Printed Circuit Boards,3672,898293,DE,0831,,JABIL CIRCUIT INC,NYSE,,
JBLU,JETBLUE AIRWAYS CORP,NASDAQ,"Air Transportation, Scheduled",4512,1158463,DE,1231,,,Nasdaq,,
JBS,JBS N.V.,NYSE,Meat Packing Plants,2011,1791942,P7,,,JBS B.V.,NYSE,,
JBSS,SANFILIPPO JOHN B & SON INC,NASDAQ,Sugar & Confectionery Products,2060,880117,DE,0628,,,Nasdaq,,
JBTM,JBT MAREL Corp,NYSE,Special Industry Machinery (No Metalworking Machinery),3550,1433660,DE,1231,,John Bean Technologies CORP,NYSE,,
JCAP,"Jefferson Capital, Inc. / DE",NASDAQ,Short-Term Business Credit Institutions,6153,2046042,DE,1231,,,Nasdaq,,
JCI,Johnson Controls International plc,NYSE,Air-Cond & Warm Air Heatg Equip & Comm & Indl Refrig Equip,3585,833444,L2,0930,,TYCO INTERNATIONAL plc; TYCO INTERNATIONAL LTD; TYCO INTERNATIONAL LTD /BER/; ADT LIMITED,NYSE,,
JCSE,JE Cleantech Holdings Ltd,NASDAQ,Miscellaneous Manufacturing Industries,3990,1905511,E9,1231,,,Nasdaq,,
JCTC,JEWETT CAMERON TRADING CO LTD,NASDAQ,Retail-Lumber & Other Building Materials Dealers,5211,885307,OR,0831,,,Nasdaq,,
JDZG,JIADE Ltd,NASDAQ,Services-Educational Services,8200,1976908,E9,1231,,,Nasdaq,,
JEF,Jefferies Financial Group Inc.,NYSE,"Security Brokers, Dealers & Flotation Companies",6211,96223,NY,1130,,Jefferies Financial Group Inc.; LEUCADIA NATIONAL CORP,NYSE,,
JELD,"JELD-WEN Holding, Inc.",NYSE,"Millwood, Veneer, Plywood, & Structural Wood Members",2430,1674335,DE,1231,,,NYSE,,
JEM,707 Cayman Holdings Ltd.,NASDAQ,Retail-Apparel & Accessory Stores,5600,2018222,K3,0930,,,Nasdaq,,
JHX,James Hardie Industries plc,NYSE,"Concrete Products, Except Block & Brick",3272,1159152,,0331,,JAMES HARDIE INDUSTRIES SE; JAMES HARDIE INDUSTRIES N.V.; HARDIE JAMES INDUSTRIES NV,"NYSE, OTC",,
JILL,"J.Jill, Inc.",NYSE,"Women's, Misses':  and Juniors Outerwear",2330,1687932,DE,0130,,Jill Intermediate LLC,NYSE,,
JJSF,J&J SNACK FOODS CORP,NASDAQ,Cookies & Crackers,2052,785956,NJ,0926,,,Nasdaq,,
JKHY,JACK HENRY & ASSOCIATES INC,NASDAQ,Services-Computer Integrated Systems Design,7373,779152,DE,0630,,HENRY JACK & ASSOCIATES INC,Nasdaq,,
JL,J-Long Group Ltd,NASDAQ,Retail-Apparel & Accessory Stores,5600,1948436,E9,,,,Nasdaq,,
JLHL,Julong Holding Ltd,NASDAQ,Services-Engineering Services,8711,2007846,,,,,Nasdaq,,
JLL,JONES LANG LASALLE INC,NYSE,Real Estate Agents & Managers (For Others),6531,1037976,MD,1231,,LASALLE PARTNERS INC,NYSE,,
JMKE,Jersey Mike's Subs Inc.,NYSE,Retail-Eating  Places,5812,2127043,DE,1228,,,NYSE,,
JMSB,"John Marshall Bancorp, Inc.",NASDAQ,State Commercial Banks,6022,1710482,VA,1231,,,Nasdaq,,
JNJ,JOHNSON & JOHNSON,NYSE,Pharmaceutical Preparations,2834,200406,NJ,0103,,JOHNSON & JOHNSON ET AL,NYSE,,
JOB,GEE Group Inc.,NYSE American,Services-Employment Agencies,7361,40570,IL,0930,,GENERAL EMPLOYMENT ENTERPRISES INC,NYSE,,
JOBY,"Joby Aviation, Inc.",NYSE,Aircraft,3721,1819848,DE,1231,,Reinvent Technology Partners,NYSE,,
JOE,ST JOE Co,NYSE,Land Subdividers & Developers (No Cemeteries),6552,745308,FL,1231,,ST JOE CORP; ST JOE PAPER CO,NYSE,,
JONE,Jones Ventures INTL Acquisition1 Corp - Class A Ordinary Shares,NASDAQ,,,,,,,,,,
JOUT,JOHNSON OUTDOORS INC,NASDAQ,"Sporting & Athletic Goods, NEC",3949,788329,WI,1002,,JOHNSON WORLDWIDE ASSOCIATES INC,Nasdaq,,
JPM,JPMORGAN CHASE & CO,NYSE,National Commercial Banks,6021,19617,DE,1231,,JPMORGAN CHASE & CO; J P MORGAN CHASE & CO; CHASE MANHATTAN CORP /DE/; CHEMICAL BANKING CORP,"NYSE, NYSE, NYSE, NYSE, NYSE, NYSE, NYSE, NYSE, NYSE",,
JRSH,"Jerash Holdings (US), Inc.",NASDAQ,Apparel & Other Finishd Prods of  Fabrics & Similar Matl,2300,1696558,DE,0331,,,Nasdaq,,
JRVR,"James River Group Holdings, Inc.",NASDAQ,"Fire, Marine & Casualty Insurance",6331,1620459,DE,1231,,"James River Group Holdings, Ltd.",Nasdaq,,
JSPR,"Jasper Therapeutics, Inc.",NASDAQ,"Biological Products, (No Diagnostic Substances)",2836,1788028,DE,1231,,Amplitude Healthcare Acquisition Corp,"Nasdaq, Nasdaq",,
JTAI,Jet.AI Inc.,NASDAQ,"Air Transportation, Nonscheduled",4522,1861622,DE,1231,,Oxbridge Acquisition Corp.,Nasdaq,,
JUNS,"JUPITER NEUROSCIENCES, INC.",NASDAQ,Pharmaceutical Preparations,2834,1679628,DE,1231,,"Jupiter Orphan Therapeutics, Inc.",Nasdaq,,
JVA,COFFEE HOLDING CO INC,NASDAQ,Miscellaneous Food Preparations & Kindred Products,2090,1007019,NV,1031,,TRANSPACIFIC INTERNATIONAL GROUP CORP,Nasdaq,,
JWEL,Jowell Global Ltd.,NASDAQ,Retail-Nonstore Retailers,5960,1805594,E9,1231,,,Nasdaq,,
JXG,JX Luxventure Group Inc.,NASDAQ,Wholesale-Durable Goods,5000,1546383,1T,1231,,JX Luxventure Ltd; KBS Fashion Group Ltd; Aquasition Corp.,Nasdaq,,
JXN,Jackson Financial Inc.,NYSE,Life Insurance,6311,1822993,DE,1231,,,"NYSE, NYSE",,
JYD,Jayud Global Logistics Ltd,NASDAQ,Arrangement of  Transportation of  Freight & Cargo,4731,1938186,E9,,,,Nasdaq,,
JYNT,JOINT Corp,NASDAQ,Patent Owners & Lessors,6794,1612630,DE,1231,,,Nasdaq,,
JZXN,"Jiuzi Holdings, Inc.",NASDAQ,Retail-Auto Dealers & Gasoline Stations,5500,1816172,E9,1031,,,Nasdaq,,
KAI,KADANT INC,NYSE,Special Industry Machinery (No Metalworking Machinery),3550,886346,DE,0102,,THERMO FIBERTEK INC,NYSE,,
KALA,"KALA BIO, Inc.",NASDAQ,Pharmaceutical Preparations,2834,1479419,DE,1231,,"KALA BIO, Inc.; Kala Pharmaceuticals, Inc.",Nasdaq,,
KALU,KAISER ALUMINUM CORP,NASDAQ,Rolling Drawing & Extruding of  Nonferrous Metals,3350,811596,DE,1231,,,Nasdaq,,
KAPA,"Kairos Pharma, LTD.",NYSE American,Pharmaceutical Preparations,2834,1962011,DE,1231,,,NYSE,,
KARD,"Kardigan, Inc.",NASDAQ,Pharmaceutical Preparations,2834,2123613,DE,1231,,,Nasdaq,,
KARO,Karooooo Ltd.,NASDAQ,Services-Prepackaged Software,7372,1828102,U0,0228,,Karooooo Pte. Ltd.,Nasdaq,,
KAZR,Skyline Builders Group Holding Ltd,NASDAQ,Construction - Special Trade Contractors,1700,2031009,,,,,Nasdaq,,
KB,KB Financial Group Inc.,NYSE,"Commercial Banks, NEC",6029,1445930,M5,1231,,,NYSE,,
KBDC,"Kayne Anderson BDC, Inc.",NYSE,,,1747172,DE,1231,,"Kayne Anderson BDC, LLC",NYSE,,
KBH,KB HOME,NYSE,Operative Builders,1531,795266,DE,1130,,KAUFMAN & BROAD HOME CORP,NYSE,,
KBON,Karbon Capital Partners Corp.,NASDAQ,Blank Checks,6770,2088749,E9,1231,,,"Nasdaq, Nasdaq, Nasdaq",,
KBR,"KBR, INC.",NYSE,Heavy Construction Other Than Bldg Const - Contractors,1600,1357615,DE,0101,,,NYSE,,
KBSX,FST Corp.,NASDAQ,"Sporting & Athletic Goods, NEC",3949,2014254,,,,,"Nasdaq, OTC",,
KD,"Kyndryl Holdings, Inc.",NYSE,Services-Computer Integrated Systems Design,7373,1867072,DE,0331,,"Kyndryl Holdings, LLC",NYSE,,
KDK,"Kodiak AI, Inc.",NASDAQ,Services-Computer Integrated Systems Design,7373,1853138,DE,1231,,"Kodiak Al, Inc.; Ares Acquisition Corp II","Nasdaq, Nasdaq",,
KDP,Keurig Dr Pepper Inc.,NASDAQ,Beverages,2080,1418135,DE,1231,,"Dr Pepper Snapple Group, Inc.; CSAB Inc.",Nasdaq,,
KE,"Kimball Electronics, Inc.",NASDAQ,Printed Circuit Boards,3672,1606757,IN,0630,,,Nasdaq,,
KEEL,Keel Infrastructure Corp.,NASDAQ,Finance Services,6199,1812477,DE,1231,,Bitfarms Ltd,Nasdaq,,
KELYA,KELLY SERVICES INC,NASDAQ,Services-Help Supply Services,7363,55135,DE,0103,,,"Nasdaq, Nasdaq",,
KELYB,KELLY SERVICES INC,NASDAQ,Services-Help Supply Services,7363,55135,DE,0103,,,"Nasdaq, Nasdaq",,
KEN,Kenon Holdings Ltd.,NYSE,Electric Services,4911,1611005,U0,1231,,,NYSE,,
KEP,KOREA ELECTRIC POWER CORP,NYSE,Electric Services,4911,887225,M5,1231,,KOREA ELECTRIC POWER CORPORATION,NYSE,,
KEQU,KEWAUNEE SCIENTIFIC CORP /DE/,NASDAQ,Laboratory Apparatus & Furniture,3821,55529,DE,0430,,,Nasdaq,,
KEX,KIRBY CORP,NYSE,Water Transportation,4400,56047,NV,1231,,,NYSE,,
KEY,KEYCORP /NEW/,NYSE,National Commercial Banks,6021,91576,OH,1231,,KEYCORP/NEW; SOCIETY CORP,"NYSE, NYSE, NYSE, NYSE, NYSE",,
KEYS,"Keysight Technologies, Inc.",NYSE,"Industrial Instruments For Measurement, Display, and Control",3823,1601046,DE,1031,,,NYSE,,
KFFB,Kentucky First Federal Bancorp,NASDAQ,"Savings Institution, Federally Chartered",6035,1297341,,0630,,Kentucky First Federal Bancorp Inc,Nasdaq,,
KFRC,KFORCE INC,NYSE,Services-Help Supply Services,7363,930420,FL,1231,,KFORCE  INC; KFORCE COM INC; ROMAC INTERNATIONAL INC,NYSE,,
KFY,KORN FERRY,NYSE,Services-Employment Agencies,7361,56679,DE,0430,,KORN FERRY INTERNATIONAL,NYSE,,
KG,Kestrel Group Ltd,NASDAQ,"Fire, Marine & Casualty Insurance",6331,2055116,D0,1231,,Ranger Bermuda Topco Ltd,Nasdaq,,
KGC,KINROSS GOLD CORP,NYSE,Gold and Silver Ores,1040,701818,,1231,,,"NYSE, OTC",,
KGEI,Kolibri Global Energy Inc.,NASDAQ,Crude Petroleum & Natural Gas,1311,1477081,FL,1231,,BNK Petroleum Inc.,Nasdaq,,
KGS,"Kodiak Gas Services, Inc.",NYSE,Natural Gas Transmission,4922,1767042,DE,1231,,"Frontier TopCo, Inc.",NYSE,,
KHC,Kraft Heinz Co,NYSE,"Canned, Frozen & Preservd Fruit, Veg & Food Specialties",2030,1637459,DE,1226,,H.J. Heinz Holding Corp,Nasdaq,,
KIDS,ORTHOPEDIATRICS CORP,NASDAQ,Surgical & Medical Instruments & Apparatus,3841,1425450,,1231,,,Nasdaq,,
KIDZ,KIDZ AI Inc.,NASDAQ,Services-Educational Services,8200,2022308,DE,1231,,"Classover Holdings, Inc.","Nasdaq, Nasdaq",,
KIM,KIMCO REALTY CORP,NYSE,Real Estate Investment Trusts,6798,879101,MD,1231,,,"NYSE, NYSE, NYSE, NYSE",,
KINS,"KINGSTONE COMPANIES, INC.",NASDAQ,"Fire, Marine & Casualty Insurance",6331,33992,DE,1231,,DCAP GROUP INC; DCAP GROUP INC/; EXTECH CORP,Nasdaq,,
KITT,"Nauticus Robotics, Inc.",NASDAQ,"General Industrial Machinery & Equipment, NEC",3569,1849820,DE,1231,,cleantech Acquisition Corp.,"Nasdaq, Nasdaq",,
KKR,KKR & Co. Inc.,NYSE,Investment Advice,6282,1404912,,1231,,KKR & Co. L.P.,"NYSE, NYSE, NYSE, NYSE",,
KLAC,KLA CORP,NASDAQ,Optical Instruments & Lenses,3827,319201,DE,0630,,KLA TENCOR CORP; KLA INSTRUMENTS CORP,Nasdaq,,
KLAR,Klarna Group plc,NYSE,Finance Services,6199,2003292,X0,1231,,,NYSE,,
KLC,"KinderCare Learning Companies, Inc.",NYSE,Services-Child Day Care Services,8351,1873529,DE,0102,,"KC Holdco, LLC",NYSE,,
KLIC,KULICKE & SOFFA INDUSTRIES INC,NASDAQ,Semiconductors & Related Devices,3674,56978,PA,1003,,,Nasdaq,,
KLRA,"Kailera Therapeutics, Inc.",NASDAQ,Pharmaceutical Preparations,2834,2096997,DE,1231,,,Nasdaq,,
KLRS,"Kalaris Therapeutics, Inc.",NASDAQ,"Biological Products, (No Diagnostic Substances)",2836,1754068,DE,1231,,"Allovir, Inc.; ViraCyte, Inc.",Nasdaq,,
KLTR,KALTURA INC,NASDAQ,Services-Prepackaged Software,7372,1432133,,1231,,,Nasdaq,,
KLXE,"KLX Energy Services Holdings, Inc.",NASDAQ,"Oil & Gas Field Services, NEC",1389,1738827,,1231,,,"Nasdaq, Nasdaq",,
KMB,KIMBERLY CLARK CORP,NASDAQ,Converted Paper & Paperboard Prods (No Contaners/Boxes),2670,55785,DE,1231,,,Nasdaq,,
KMDA,KAMADA LTD,NASDAQ,Pharmaceutical Preparations,2834,1567529,L3,1231,,,Nasdaq,,
KMI,"KINDER MORGAN, INC.",NYSE,Natural Gas Transmission,4922,1506307,DE,1231,,Kinder Morgan Holdco LLC,"NYSE, NYSE",,
KMPB,KEMPER Corp,NYSE,"Fire, Marine & Casualty Insurance",6331,860748,DE,1231,,UNITRIN INC,"NYSE, NYSE",,
KMPR,KEMPER Corp,NYSE,"Fire, Marine & Casualty Insurance",6331,860748,DE,1231,,UNITRIN INC,"NYSE, NYSE",,
KMRK,K-TECH SOLUTIONS CO LTD,NASDAQ,"Games, Toys & Children's Vehicles (No Dolls & Bicycles)",3944,2049187,,,,,Nasdaq,,
KMT,KENNAMETAL INC,NYSE,"Machine Tools, Metal Cutting Types",3541,55242,PA,0630,,,NYSE,,
KMTS,"KESTRA MEDICAL TECHNOLOGIES, LTD.",NASDAQ,Surgical & Medical Instruments & Apparatus,3841,1877184,D0,0430,,,Nasdaq,,
KMX,CARMAX INC,NYSE,Retail-Auto Dealers & Gasoline Stations,5500,1170010,VA,0228,,,NYSE,,
KN,Knowles Corp,NYSE,Household Audio & Video Equipment,3651,1587523,DE,1231,,,NYSE,,
KNDI,"Kandi Technologies Group, Inc.",NASDAQ,Motor Vehicle Parts & Accessories,3714,1720250,,,,,Nasdaq,,
KNF,Knife River Corp,NYSE,Mining & Quarrying of  Nonmetallic Minerals (No Fuels),1400,1955520,DE,1231,,Knife River Holding Co,NYSE,,
KNRX,KNOREX LTD.,NYSE American,"Services-Computer Programming, Data Processing, Etc.",7370,1982960,E9,1231,,,NYSE,,
KNSA,"Kiniksa Pharmaceuticals International, plc",NASDAQ,Pharmaceutical Preparations,2834,1730430,,1231,,"Kiniksa Pharmaceuticals, Ltd.",Nasdaq,,
KNSL,"Kinsale Capital Group, Inc.",NYSE,"Fire, Marine & Casualty Insurance",6331,1669162,,1231,,,NYSE,,
KNTK,Kinetik Holdings Inc.,NYSE,Natural Gas Transmission,4922,1692787,DE,1231,,Altus Midstream Co; Kayne Anderson Acquisition Corp,NYSE,,
KNX,Knight-Swift Transportation Holdings Inc.,NYSE,Trucking (No Local),4213,1492691,,1231,,SWIFT TRANSPORTATION Co; SWIFT TRANSPORTATION CO; SWIFT HOLDINGS CORP.,NYSE,,
KO,COCA COLA CO,NYSE,Beverages,2080,21344,DE,1231,,,NYSE,,
KOD,Kodiak Sciences Inc.,NASDAQ,"Biological Products, (No Diagnostic Substances)",2836,1468748,DE,1231,,"Oligasis, LLC",Nasdaq,,
KODK,EASTMAN KODAK CO,NYSE,Photographic Equipment & Supplies,3861,31235,NJ,1231,,,NYSE,,
KOP,Koppers Holdings Inc.,NYSE,Lumber & Wood Products (No Furniture),2400,1315257,PA,1231,,KI Holdings Inc.,NYSE,,
KOPN,KOPIN CORP,NASDAQ,Semiconductors & Related Devices,3674,771266,DE,1227,,,Nasdaq,,
KOS,Kosmos Energy Ltd.,NYSE,Crude Petroleum & Natural Gas,1311,1509991,DE,1231,,,NYSE,,
KOSS,KOSS CORP,NASDAQ,Household Audio & Video Equipment,3651,56701,DE,0630,,,Nasdaq,,
KPET,KPET Ultra Paceline Corp,NYSE,Blank Checks,6770,2095297,E9,1231,,Paceline Solutions Corp,"NYSE, NYSE, NYSE",,
KPLT,"Katapult Holdings, Inc.",NASDAQ,"Services-Equipment Rental & Leasing, NEC",7359,1785424,DE,1231,,FinServ Acquisition Corp.,Nasdaq,,
KPRX,KIORA PHARMACEUTICALS INC,NASDAQ,Pharmaceutical Preparations,2834,1372514,DE,1231,,EYEGATE PHARMACEUTICALS INC,"Nasdaq, OTC",,
KPTI,Karyopharm Therapeutics Inc.,NASDAQ,Pharmaceutical Preparations,2834,1503802,DE,1231,,,Nasdaq,,
KR,KROGER CO,NYSE,Retail-Grocery Stores,5411,56873,OH,0130,,,NYSE,,
KRC,KILROY REALTY CORP,NYSE,Real Estate Investment Trusts,6798,1025996,MD,1231,,,NYSE,,
KRMD,"KORU Medical Systems, Inc.",NASDAQ,Surgical & Medical Instruments & Apparatus,3841,704440,DE,1231,,REPRO MED SYSTEMS INC,Nasdaq,,
KRMN,Karman Holdings Inc.,NYSE,"Aircraft Parts & Auxiliary Equipment, NEC",3728,2040127,DE,1231,,TCFIII SPACECO HOLDINGS LLC,NYSE,,
KRNT,Kornit Digital Ltd.,NASDAQ,Printing Trades Machinery & Equipment,3555,1625791,L3,1231,,,Nasdaq,,
KRNY,Kearny Financial Corp.,NASDAQ,"Savings Institution, Federally Chartered",6035,1617242,,0630,,,Nasdaq,,
KRO,KRONOS WORLDWIDE INC,NYSE,Industrial Inorganic Chemicals,2810,1257640,,1231,,KRONOS INC,NYSE,,
KROS,"Keros Therapeutics, Inc.",NASDAQ,Pharmaceutical Preparations,2834,1664710,,1231,,,Nasdaq,,
KRRO,"Korro Bio, Inc.",NASDAQ,Pharmaceutical Preparations,2834,1703647,DE,1231,,"Frequency Therapeutics, Inc.",Nasdaq,,
KRSA,"Korsana Biosciences, Inc.",NASDAQ,Pharmaceutical Preparations,2834,1755237,MA,1231,,"Cyclerion Therapeutics, Inc.",Nasdaq,,
KRT,Karat Packaging Inc.,NASDAQ,"Plastics Products, NEC",3089,1758021,DE,1231,,,Nasdaq,,
KRUS,"KURA SUSHI USA, INC.",NASDAQ,Retail-Eating  Places,5812,1772177,DE,0831,,,Nasdaq,,
KRYS,"Krystal Biotech, Inc.",NASDAQ,"Biological Products, (No Diagnostic Substances)",2836,1711279,,1231,,,Nasdaq,,
KSCP,"Knightscope, Inc.",NASDAQ,"Communications Equipment, NEC",3669,1600983,DE,1231,,,Nasdaq,,
KSPI,Joint Stock Co Kaspi.kz,NASDAQ,"Services-Business Services, NEC",7389,1985487,1P,1231,,,Nasdaq,,
KSS,KOHLS Corp,NYSE,Retail-Department Stores,5311,885639,WI,0129,,KOHLS CORPORATION,NYSE,,
KT,KT CORP,NYSE,Telephone Communications (No Radiotelephone),4813,892450,,1231,,KOREA TELECOM CORP,NYSE,,
KTB,"Kontoor Brands, Inc.",NYSE,"Men's & Boys' Furnishgs, Work Clothg, & Allied Garments",2320,1760965,NC,1230,,,NYSE,,
KTCC,KEY TRONIC CORP,NASDAQ,Printed Circuit Boards,3672,719733,WA,0628,,,Nasdaq,,
KTOS,"KRATOS DEFENSE & SECURITY SOLUTIONS, INC.",NASDAQ,Guided Missiles & Space Vehicles & Parts,3760,1069258,DE,1227,,WIRELESS FACILITIES INC,Nasdaq,,
KTTA,Pasithea Therapeutics Corp.,NASDAQ,Pharmaceutical Preparations,2834,1841330,DE,1231,,,"Nasdaq, Nasdaq",,
KULR,"KULR Technology Group, Inc.",NYSE American,Electronic Components & Accessories,3670,1662684,DE,1231,,KT High-Tech Marketing Inc.; Grant Hill Acquisition Corp,NYSE,,
KURA,"Kura Oncology, Inc.",NASDAQ,Pharmaceutical Preparations,2834,1422143,DE,1231,,ZETA ACQUISITION CORP III,Nasdaq,,
KUST,"KUSTOM ENTERTAINMENT, INC.",NASDAQ,Radio & Tv Broadcasting & Communications Equipment,3663,1342958,NV,1231,,"DIGITAL ALLY, INC.; DIGITAL ALLY INC",Nasdaq,,
KVHI,KVH INDUSTRIES INC \DE\,NASDAQ,"Communications Services, NEC",4899,1007587,DE,1231,,,Nasdaq,,
KVUE,Kenvue Inc.,NYSE,"Perfumes, Cosmetics & Other Toilet Preparations",2844,1944048,DE,0103,,"JNTL, Inc.",NYSE,,
KVYO,"Klaviyo, Inc.",NYSE,Services-Prepackaged Software,7372,1835830,DE,1231,,,NYSE,,
KWR,QUAKER CHEMICAL CORP,NYSE,Miscellaneous Products of  Petroleum & Coal,2990,81362,PA,1231,,,NYSE,,
KWY,KINGSWAY Corp,NYSE,"Fire, Marine & Casualty Insurance",6331,1072627,DE,1231,,KINGSWAY FINANCIAL SERVICES INC,NYSE,,
KXIN,Kaixin Holdings,NASDAQ,Retail-Auto Dealers & Gasoline Stations,5500,1713539,E9,1231,,Kaixin Auto Holdings; CM Seven Star Acquisition Corp,Nasdaq,,
KYIV,Kyivstar Group Ltd.,NASDAQ,Radiotelephone Communications,4812,2062440,D0,1231,,,"Nasdaq, Nasdaq",,
KYMR,"Kymera Therapeutics, Inc.",NASDAQ,"Biological Products, (No Diagnostic Substances)",2836,1815442,DE,1231,,"Kymera Therapeutics, Inc.",Nasdaq,,
KYNB,"KYNTRA BIO, INC.",NASDAQ,Pharmaceutical Preparations,2834,921299,,1231,,FIBROGEN INC,Nasdaq,,
KYTX,"Kyverna Therapeutics, Inc.",NASDAQ,"Biological Products, (No Diagnostic Substances)",2836,1994702,DE,1231,,"Kyverna Therapeutics, Inc.",Nasdaq,,
L,LOEWS CORP,NYSE,"Fire, Marine & Casualty Insurance",6331,60086,DE,1231,,,NYSE,,
LAB,STANDARD BIOTOOLS INC.,NASDAQ,Pharmaceutical Preparations,2834,1162194,DE,1231,,FLUIDIGM CORP,Nasdaq,,
LABT,Lakewood-Amedex Biotherapeutics Inc.,NASDAQ,Pharmaceutical Preparations,2834,2079272,NV,1231,,,Nasdaq,,
LAC,LITHIUM AMERICAS CORP.,NYSE,Metal Mining,1000,1966983,A1,1231,,1397468 B.C. Ltd.,NYSE,,
LAD,LITHIA MOTORS INC,NYSE,Retail-Auto Dealers & Gasoline Stations,5500,1023128,OR,1231,,,NYSE,,
LADR,Ladder Capital Corp,NYSE,Real Estate Investment Trusts,6798,1577670,DE,1231,,,NYSE,,
LAES,SEALSQ Corp,NASDAQ,Semiconductors & Related Devices,3674,1951222,D8,1231,,,Nasdaq,,
LAKE,LAKELAND INDUSTRIES INC,NASDAQ,"Orthopedic, Prosthetic & Surgical Appliances & Supplies",3842,798081,DE,0131,,LAKELAND INDUSTRIES INC,Nasdaq,,
LAMR,LAMAR ADVERTISING CO/NEW,NASDAQ,Real Estate Investment Trusts,6798,1090425,DE,1231,,LAMAR NEW HOLDING CO,Nasdaq,,
LAND,GLADSTONE LAND Corp,NASDAQ,Real Estate Investment Trusts,6798,1495240,MD,1231,,,"Nasdaq, Nasdaq, Nasdaq",,
LANV,Lanvin Group Holdings Ltd,NYSE,Apparel & Other Finishd Prods of  Fabrics & Similar Matl,2300,1922097,E9,1231,,,"NYSE, OTC",,
LAR,Lithium Argentina AG,NYSE,Metal Mining,1000,1440972,V8,1231,,Lithium Americas (Argentina) Corp.; LITHIUM AMERICAS CORP.; Western Lithium USA Corp; WESTERN LITHIUM CANADA CORP,NYSE,,
LARK,LANDMARK BANCORP INC,NASDAQ,National Commercial Banks,6021,1141688,CA,1231,,LANDMARK MERGER CO,Nasdaq,,
LASE,Laser Photonics Corp,NASDAQ,"Miscellaneous Electrical Machinery, Equipment & Supplies",3690,1807887,WY,1231,,,Nasdaq,,
LASR,"NLIGHT, INC.",NASDAQ,Semiconductors & Related Devices,3674,1124796,DE,1231,,NLIGHT PHOTONICS CORP,Nasdaq,,
LAUR,"LAUREATE EDUCATION, INC.",NASDAQ,Services-Educational Services,8200,912766,DE,1231,,SYLVAN LEARNING SYSTEMS INC,Nasdaq,,
LAW,"CS Disco, Inc.",NYSE,Services-Prepackaged Software,7372,1625641,DE,1231,,,NYSE,,
LAWR,"Robot Consulting Co., Ltd.",NASDAQ,"Services-Computer Programming, Data Processing, Etc.",7370,2007599,M0,0331,,,Nasdaq,,
LAZ,"Lazard, Inc.",NYSE,Investment Advice,6282,1311370,DE,1231,,Lazard Ltd,NYSE,,
LB,LandBridge Co LLC,NYSE,Oil Royalty Traders,6792,1995807,DE,1231,,,NYSE,,
LBGJ,Li Bang International Corp Inc.,NASDAQ,Refrigeration & Service Industry Machinery,3580,1896425,E9,,,,Nasdaq,,
LBRT,Liberty Energy Inc.,NYSE,"Oil & Gas Field Services, NEC",1389,1694028,,1231,,Liberty Oilfield Services Inc.,NYSE,,
LBRX,LB PHARMACEUTICALS INC,NASDAQ,Pharmaceutical Preparations,2834,1691082,DE,1231,,LB PHARMACEUTICALS INC.,Nasdaq,,
LBTYA,Liberty Global Ltd.,NASDAQ,Cable & Other Pay Television Services,4841,1570585,,1231,,Liberty Global plc; Liberty Global Corp Ltd,"Nasdaq, Nasdaq, Nasdaq",,
LBTYB,Liberty Global Ltd.,NASDAQ,Cable & Other Pay Television Services,4841,1570585,,1231,,Liberty Global plc; Liberty Global Corp Ltd,"Nasdaq, Nasdaq, Nasdaq",,
LBTYK,Liberty Global Ltd.,NASDAQ,Cable & Other Pay Television Services,4841,1570585,,1231,,Liberty Global plc; Liberty Global Corp Ltd,"Nasdaq, Nasdaq, Nasdaq",,
LCCC,Lakeshore Acquisition III Corp.,NASDAQ,Blank Checks,6770,2049248,,1231,,,"Nasdaq, Nasdaq, Nasdaq",,
LCFY,Locafy Ltd,NASDAQ,"Services-Computer Programming, Data Processing, Etc.",7370,1875547,C3,,,,"Nasdaq, Nasdaq",,
LCID,"Lucid Group, Inc.",NASDAQ,Motor Vehicles & Passenger Car Bodies,3711,1811210,DE,1231,,Churchill Capital Corp IV; Annetta Acquisition Corp,Nasdaq,,
LCII,LCI INDUSTRIES,NYSE,Motor Vehicle Parts & Accessories,3714,763744,DE,1231,,DREW INDUSTRIES INC; DREW INDUSTRIES Inc; DREW INDUSTRIES INCORPORATED,NYSE,,
LCLN,"Lincoln International, Inc.",NYSE,Investment Advice,6282,1925283,DE,1231,,,NYSE,,
LCNB,LCNB CORP,NASDAQ,National Commercial Banks,6021,1074902,OH,1231,,,Nasdaq,,
LCTX,"Lineage Cell Therapeutics, Inc.",NYSE American,"Biological Products, (No Diagnostic Substances)",2836,876343,CA,1231,,BIOTIME INC,NYSE,,
LCUT,"LIFETIME BRANDS, INC",NASDAQ,"Cutlery, Handtools & General Hardware",3420,874396,DE,1231,,LIFETIME HOAN CORP,Nasdaq,,
LDI,"loanDepot, Inc.",NYSE,Finance Services,6199,1831631,,1231,,,NYSE,,
LDOS,"Leidos Holdings, Inc.",NYSE,Services-Computer Integrated Systems Design,7373,1336920,,0101,,"SAIC, Inc.",NYSE,,
LE,"LANDS' END, INC.",NASDAQ,Retail-Family Clothing Stores,5651,799288,DE,0131,,LANDS END INC,Nasdaq,,
LEA,LEAR CORP,NYSE,Motor Vehicle Parts & Accessories,3714,842162,DE,1231,,LEAR CORP /DE/; LEAR SEATING CORP,NYSE,,
LECO,LINCOLN ELECTRIC HOLDINGS INC,NASDAQ,Metalworkg Machinery & Equipment,3540,59527,OH,1231,,LINCOLN ELECTRIC HOLDINGS INC; LINCOLN ELECTRIC CO,Nasdaq,,
LEDS,SemiLEDs Corp,NASDAQ,Semiconductors & Related Devices,3674,1333822,,0831,,,Nasdaq,,
LEE,"LEE ENTERPRISES, Inc",NASDAQ,Newspapers: Publishing or  Publishing & Printing,2711,58361,DE,0929,,LEE ENTERPRISES INC,Nasdaq,,
LEGH,Legacy Housing Corp,NASDAQ,Mobile Homes,2451,1436208,TX,1231,,"Legacy Housing Corp; Legacy Housing, LTD.",Nasdaq,,
LEGO,Legato Merger Corp. IV,NYSE American,Blank Checks,6770,2087450,E9,0831,,,"NYSE, NYSE, NYSE",,
LEN,LENNAR CORP /NEW/,NYSE,General Bldg Contractors - Residential Bldgs,1520,920760,DE,1130,,PACIFIC GREYSTONE CORP /DE/,"NYSE, NYSE",,
LEN.B,Lennar Corporation Class B,NYSE,,,,,,,,,,
LENZ,"LENZ Therapeutics, Inc.",NASDAQ,"Biological Products, (No Diagnostic Substances)",2836,1815776,DE,1231,,"Graphite Bio, Inc.",Nasdaq,,
LEO,"BNY MELLON STRATEGIC MUNICIPALS, INC.",NYSE,,,818972,MD,0930,,"DREYFUS STRATEGIC MUNICIPALS, INC.; DREYFUS STRATEGIC MUNICIPALS INC",NYSE,,
LESL,"Leslie's, Inc.",NASDAQ,"Retail-Retail Stores, NEC",5990,1821806,DE,1004,,,Nasdaq,,
LEU,CENTRUS ENERGY CORP,NYSE,Mining & Quarrying of  Nonmetallic Minerals (No Fuels),1400,1065059,DE,1231,,USEC INC,NYSE,,
LEVI,LEVI STRAUSS & CO,NYSE,Apparel & Other Finishd Prods of  Fabrics & Similar Matl,2300,94845,DE,1129,,,NYSE,,
LEXX,Lexaria Bioscience Corp.,NASDAQ,Pharmaceutical Preparations,2834,1348362,NV,0831,,Lexaria Corp.; LEXARIA CORP.,Nasdaq,,
LFCR,"LIFECORE BIOMEDICAL, INC. \DE\",NASDAQ,Pharmaceutical Preparations,2834,1005286,DE,0525,,LANDEC CORP \CA\,Nasdaq,,
LFMD,"LifeMD, Inc.",NASDAQ,Services-Offices & Clinics of  Doctors of  Medicine,8011,948320,DE,1231,,"CONVERSION LABS, INC.; Immudyne, Inc.","Nasdaq, Nasdaq",,
LFST,"LifeStance Health Group, Inc.",NASDAQ,Services-Health Services,8000,1845257,DE,1231,,,Nasdaq,,
LFTO,"Liftoff Mobile, Inc.",NASDAQ,Services-Computer Processing & Data Preparation,7374,1850351,DE,1231,,"Booster Parent Holdings, Inc.",Nasdaq,,
LFUS,LITTELFUSE INC /DE,NASDAQ,Switchgear & Switchboard Apparatus,3613,889331,DE,1226,,,Nasdaq,,
LFVN,Lifevantage Corp,NASDAQ,Pharmaceutical Preparations,2834,849146,,0630,,"LIFELINE THERAPEUTICS, INC.; YAAK RIVER RESOURCES INC",Nasdaq,,
LFWD,Lifeward Ltd.,NASDAQ,"Orthopedic, Prosthetic & Surgical Appliances & Supplies",3842,1607962,L3,1231,,ReWalk Robotics Ltd.; Argo Medical Technologies Ltd.,Nasdaq,,
LGCL,Lucas GC Ltd,NASDAQ,"Services-Computer Programming, Data Processing, Etc.",7370,1954694,E9,,,,Nasdaq,,
LGCY,Legacy Education Inc.,NYSE American,Services-Educational Services,8200,1836754,NV,0630,,,NYSE,,
LGIH,"LGI Homes, Inc.",NASDAQ,Operative Builders,1531,1580670,DE,1231,,,Nasdaq,,
LGL,LGL GROUP INC,NYSE American,"Electronic Components, NEC",3679,61004,DE,1231,,LYNCH CORP,NYSE,,
LGN,Legence Corp.,NASDAQ,Construction - Special Trade Contractors,1700,2052568,DE,1231,,,Nasdaq,,
LGND,LIGAND PHARMACEUTICALS INC,NASDAQ,Pharmaceutical Preparations,2834,886163,DE,1231,,LIGAND PHARMACEUTICALS,"Nasdaq, OTC, OTC, OTC, OTC",,
LGO,Largo Inc.,NASDAQ,Mining & Quarrying of  Nonmetallic Minerals (No Fuels),1400,1400438,A6,,,Largo Resources Ltd.,Nasdaq,,
LGPS,LOGPROSTYLE INC.,NYSE American,Operative Builders,1531,2040290,M0,0331,,,NYSE,,
LGVN,Longeveron Inc.,NASDAQ,Pharmaceutical Preparations,2834,1721484,DE,1231,,LONGEVERON LLC,Nasdaq,,
LH,LABCORP HOLDINGS INC.,NYSE,Services-Medical Laboratories,8071,920148,,1231,,LABORATORY CORP OF AMERICA HOLDINGS; NATIONAL HEALTH LABORATORIES HOLDINGS INC,NYSE,,
LHAI,Linkhome Holdings Inc.,NASDAQ,Real Estate Agents & Managers (For Others),6531,2017758,NV,1231,,,Nasdaq,,
LHSW,Lianhe Sowell International Group Ltd,NASDAQ,Services-Prepackaged Software,7372,2004024,E9,0331,,,Nasdaq,,
LHX,"L3HARRIS TECHNOLOGIES, INC. /DE/",NYSE,"Search, Detection, Navigation, Guidance, Aeronautical Sys",3812,202058,DE,0102,,HARRIS CORP /DE/,NYSE,,
LICN,Lichen International Ltd,NASDAQ,Services-Management Consulting Services,8742,1876766,E9,1231,,Lichen China Ltd,Nasdaq,,
LIDR,"AEye, Inc.",NASDAQ,Motor Vehicle Parts & Accessories,3714,1818644,DE,1231,,CF Finance Acquisition Corp. III,Nasdaq,,
LIEN,"Chicago Atlantic BDC, Inc.",NASDAQ,,,1843162,MD,1231,,Silver Spike Investment Corp.,Nasdaq,,
LIF,"Life360, Inc.",NASDAQ,Services-Computer Processing & Data Preparation,7374,1581760,DE,1231,,"Life360, Inc.","Nasdaq, OTC",,
LIFE,Ethos Technologies Inc.,NASDAQ,"Insurance Agents, Brokers & Service",6411,1788451,DE,1231,,,Nasdaq,,
LII,LENNOX INTERNATIONAL INC,NYSE,Air-Cond & Warm Air Heatg Equip & Comm & Indl Refrig Equip,3585,1069202,DE,1231,,,NYSE,,
LILA,Liberty Latin America Ltd.,NASDAQ,Cable & Other Pay Television Services,4841,1712184,D0,1231,,LatAm Splitco Ltd.,"Nasdaq, Nasdaq, OTC, Nasdaq",,
LILAK,Liberty Latin America Ltd.,NASDAQ,Cable & Other Pay Television Services,4841,1712184,D0,1231,,LatAm Splitco Ltd.,"Nasdaq, Nasdaq, OTC, Nasdaq",,
LILAP,Liberty Latin America Ltd.,NASDAQ,Cable & Other Pay Television Services,4841,1712184,D0,1231,,LatAm Splitco Ltd.,"Nasdaq, Nasdaq, OTC, Nasdaq",,
LIME,"Neutron Holdings, Inc.",NASDAQ,Services-Prepackaged Software,7372,1699963,DE,1231,,,Nasdaq,,
LIMN,"Liminatus Pharma, Inc.",NASDAQ,"Biological Products, (No Diagnostic Substances)",2836,1971387,DE,1231,,Iris Parent Holding Corp.,"Nasdaq, Nasdaq",,
LIN,LINDE PLC,NASDAQ,Industrial Inorganic Chemicals,2810,1707925,L2,1231,,ZAMALIGHT PLC,Nasdaq,,
LINC,LINCOLN EDUCATIONAL SERVICES CORP,NASDAQ,Services-Educational Services,8200,1286613,NJ,1231,,,Nasdaq,,
LIND,"LINDBLAD EXPEDITIONS HOLDINGS, INC.",NASDAQ,Transportation Services,4700,1512499,DE,1231,,Capitol Acquisition Corp. II,Nasdaq,,
LINE,"Lineage, Inc.",NASDAQ,Real Estate Investment Trusts,6798,1868159,MD,1231,,"Lineage Growth Properties, Inc.",Nasdaq,,
LINK,INTERLINK ELECTRONICS INC,NASDAQ,"Computer Peripheral Equipment, NEC",3577,828146,NV,1231,,INTERLINK ELECTRONICS,Nasdaq,,
LION,Lionsgate Studios Corp.,NYSE,Services-Motion Picture & Video Tape Production,7812,2052959,,0331,,Lionsgate Studios Holding Corp.,NYSE,,
LIQT,LIQTECH INTERNATIONAL INC,NASDAQ,Misc Industrial & Commercial Machinery & Equipment,3590,1307579,NV,1231,,Blue Moose Media Inc,Nasdaq,,
LITE,Lumentum Holdings Inc.,NASDAQ,"Communications Equipment, NEC",3669,1633978,DE,0627,,,Nasdaq,,
LITS,"Lite Strategy, Inc.",NASDAQ,Pharmaceutical Preparations,2834,1262104,DE,0630,,"MEI Pharma, Inc.; MARSHALL EDWARDS INC",Nasdaq,,
LIVE,LIVE VENTURES Inc,NASDAQ,Retail-Miscellaneous Retail,5900,1045742,NV,0930,,LIVEDEAL INC; YP CORP; YP NET INC; RIGL CORP; RENAISSANCE INTERNATIONAL GROUP LTD,Nasdaq,,
LIVN,LivaNova PLC,NASDAQ,Electromedical & Electrotherapeutic Apparatus,3845,1639691,X0,1231,,Sand Holdco Plc,Nasdaq,,
LKFN,LAKELAND FINANCIAL CORP,NASDAQ,State Commercial Banks,6022,721994,IN,1231,,,Nasdaq,,
LKQ,LKQ CORP,NASDAQ,Wholesale-Motor Vehicles & Motor Vehicle Parts & Supplies,5010,1065696,DE,1231,,LKQ CORP,Nasdaq,,
LLY,ELI LILLY & Co,NYSE,Pharmaceutical Preparations,2834,59478,IN,1231,,LILLY ELI & CO; LILLY ELI & CO ET AL,NYSE,,
LLYVA,"Liberty Live Holdings, Inc.",NASDAQ,Services-Amusement & Recreation Services,7900,2078416,NV,1231,,,"Nasdaq, OTC, Nasdaq",,
LLYVK,"Liberty Live Holdings, Inc.",NASDAQ,Services-Amusement & Recreation Services,7900,2078416,NV,1231,,,"Nasdaq, OTC, Nasdaq",,
LMAT,LEMAITRE VASCULAR INC,NASDAQ,Surgical & Medical Instruments & Apparatus,3841,1158895,,1231,,,Nasdaq,,
LMB,"Limbach Holdings, Inc.",NASDAQ,Construction - Special Trade Contractors,1700,1606163,DE,1231,,1347 Capital Corp,Nasdaq,,
LMND,"Lemonade, Inc.",NYSE,"Fire, Marine & Casualty Insurance",6331,1691421,DE,1231,,,NYSE,,
LMNR,Limoneira CO,NASDAQ,Agricultural Production-Crops,0100,1342423,DE,1031,,,Nasdaq,,
LMRI,"Lumexa Imaging Holdings, Inc.",NASDAQ,Services-Medical Laboratories,8071,2071288,DE,1231,,,Nasdaq,,
LMT,LOCKHEED MARTIN CORP,NYSE,Guided Missiles & Space Vehicles & Parts,3760,936468,MD,1231,,LOCKHEED MARTIN CORP,NYSE,,
LNAI,Lunai Bioworks Inc.,NASDAQ,Pharmaceutical Preparations,2834,1527728,DE,0630,,"RENOVARO INC.; RENOVARO BIOSCIENCES INC.; Enochian Biosciences Inc; DanDrit Biotech USA, Inc.; Putnam Hills Corp.",Nasdaq,,
LNC,LINCOLN NATIONAL CORP,NYSE,Life Insurance,6311,59558,IN,1231,,LINCOLN NATIONAL CORP ET AL,"NYSE, NYSE",,
LND,BrasilAgro - Brazilian Agricultural Real Estate Co,NYSE,Agricultural Production-Crops,0100,1499849,D5,0630,,,NYSE,,
LNG,"Cheniere Energy, Inc.",NYSE,Natural Gas Distribution,4924,3570,DE,1231,,CHENIERE ENERGY INC; BEXY COMMUNICATIONS INC,NYSE,,
LNKS,Linkers Industries Ltd,NASDAQ,Electronic Components & Accessories,3670,1972074,,,,,Nasdaq,,
LNN,LINDSAY CORP,NYSE,Farm Machinery & Equipment,3523,836157,DE,0831,,LINDSAY MANUFACTURING CO,NYSE,,
LNSR,"LENSAR, Inc.",NASDAQ,Surgical & Medical Instruments & Apparatus,3841,1320350,DE,1231,,LensAR Inc; LaserSoft Vision Inc,Nasdaq,,
LNT,ALLIANT ENERGY CORP,NASDAQ,Electric & Other Services Combined,4931,352541,WI,1231,,ALLIANT ENERGY CORP; INTERSTATE ENERGY CORP; WPL HOLDINGS INC,Nasdaq,,
LNTH,"Lantheus Holdings, Inc.",NASDAQ,In Vitro & In Vivo Diagnostic Substances,2835,1521036,DE,1231,,"Lantheus MI Holdings, Inc.",Nasdaq,,
LNZA,"LanzaTech Global, Inc.",NASDAQ,Industrial Organic Chemicals,2860,1843724,DE,1231,,AMCI Acquisition Corp. II,"Nasdaq, Nasdaq",,
LOAN,"MANHATTAN BRIDGE CAPITAL, INC",NASDAQ,Real Estate Investment Trusts,6798,1080340,NY,1231,,DAG MEDIA INC,Nasdaq,,
LOAR,Loar Holdings Inc.,NYSE,"Aircraft Parts & Auxiliary Equipment, NEC",3728,2000178,DE,1231,,"Loar Holdings, LLC",NYSE,,
LOB,"Live Oak Bancshares, Inc.",NYSE,State Commercial Banks,6022,1462120,NC,1231,,,"NYSE, NYSE",,
LOBO,LOBO TECHNOLOGIES LTD.,NASDAQ,"Motorcycles, Bicycles & Parts",3751,1932072,,,,LOBO EV TECHNOLOGIES LTD,Nasdaq,,
LOCL,Local Bounti Corporation/DE,NYSE,Agricultural Production-Crops,0100,1840780,DE,1231,,Leo Holdings III Corp.,"NYSE, OTC",,
LOCO,"El Pollo Loco Holdings, Inc.",NASDAQ,Retail-Eating  Places,5812,1606366,DE,1230,,,Nasdaq,,
LODE,Comstock Inc.,NYSE American,Industrial Organic Chemicals,2860,1120970,NV,1231,,Comstock Mining Inc.; GOLDSPRING INC; GOLDSPRING; STARTCALL COM INC,NYSE,,
LOGI,LOGITECH INTERNATIONAL S.A.,NASDAQ,"Computer Peripheral Equipment, NEC",3577,1032975,,0331,,LOGITECH INTERNATIONAL SA,Nasdaq,,
LOMA,Loma Negra Compania Industrial Argentina Sociedad Anonima,NYSE,"Cement, Hydraulic",3241,1711375,,,,,NYSE,,
LONA,"LeonaBio, Inc.",NASDAQ,"Biological Products, (No Diagnostic Substances)",2836,1620463,,1231,,"Athira Pharma, Inc.; M3 Biotechnology, Inc.",Nasdaq,,
LOOP,"Loop Industries, Inc.",NASDAQ,Chemicals & Allied Products,2800,1504678,NV,0228,,FIRST AMERICAN GROUP INC.,Nasdaq,,
LOPE,"Grand Canyon Education, Inc.",NASDAQ,Services-Educational Services,8200,1434588,DE,1231,,,Nasdaq,,
LOVE,Lovesac Co,NASDAQ,Retail-Furniture Stores,5712,1701758,DE,0204,,,Nasdaq,,
LOW,LOWES COMPANIES INC,NYSE,Retail-Lumber & Other Building Materials Dealers,5211,60667,NC,0131,,,NYSE,,
LPA,Logistic Properties of the Americas,NYSE American,Real Estate,6500,1997711,,1231,,,NYSE,,
LPCN,Lipocine Inc.,NASDAQ,Pharmaceutical Preparations,2834,1535955,DE,1231,,MARATHON BAR CORP,Nasdaq,,
LPG,DORIAN LPG LTD.,NYSE,Deep Sea Foreign Transportation of  Freight,4412,1596993,1T,0331,,,NYSE,,
LPL,"LG Display Co., Ltd.",NYSE,"Electronic Components, NEC",3679,1290109,M5,1231,,"LG.Philips LCD Co., Ltd.",NYSE,,
LPLA,LPL Financial Holdings Inc.,NASDAQ,"Security & Commodity Brokers, Dealers, Exchanges & Services",6200,1397911,DE,1231,,LPL Investment Holdings Inc.,Nasdaq,,
LPTH,LIGHTPATH TECHNOLOGIES INC,NASDAQ,Semiconductors & Related Devices,3674,889971,DE,0630,,,Nasdaq,,
LPX,LOUISIANA-PACIFIC CORP,NYSE,Lumber & Wood Products (No Furniture),2400,60519,DE,1231,,LOUISIANA PACIFIC CORP,NYSE,,
LQDA,Liquidia Corp,NASDAQ,Pharmaceutical Preparations,2834,1819576,DE,1231,,,Nasdaq,,
LQDT,LIQUIDITY SERVICES INC,NASDAQ,"Services-Business Services, NEC",7389,1235468,DE,0930,,,Nasdaq,,
LRCX,LAM RESEARCH CORP,NASDAQ,"Special Industry Machinery, NEC",3559,707549,DE,0628,,,Nasdaq,,
LRHC,La Rosa Holdings Corp.,NASDAQ,Real Estate Agents & Managers (For Others),6531,1879403,NV,1231,,,Nasdaq,,
LRMR,"Larimar Therapeutics, Inc.",NASDAQ,Pharmaceutical Preparations,2834,1374690,DE,1231,,"ZAFGEN, INC.; ZAFGEN INC",Nasdaq,,
LRN,"Stride, Inc.",NYSE,Services-Educational Services,8200,1157408,DE,0630,,K12 INC,NYSE,,
LSAK,LESAKA TECHNOLOGIES INC,NASDAQ,"Functions Related To Depository Banking, NEC",6099,1041514,FL,0630,,NET 1 UEPS TECHNOLOGIES INC,Nasdaq,,
LSBK,"Lake Shore Bancorp, Inc. /MD/",NASDAQ,"Savings Institution, Federally Chartered",6035,2059653,MD,1231,,,Nasdaq,,
LSCC,LATTICE SEMICONDUCTOR CORP,NASDAQ,Semiconductors & Related Devices,3674,855658,DE,0102,,,Nasdaq,,
LSE,"Leishen Energy Holding Co., Ltd.",NASDAQ,Oil & Gas Field Machinery & Equipment,3533,1985139,E9,0930,,,Nasdaq,,
LSF,"Laird Superfood, Inc.",NYSE American,Food and Kindred Products,2000,1650696,NV,1231,,"Laird Superfood, LLC",NYSE,,
LSPD,Lightspeed Commerce Inc.,NYSE,Services-Prepackaged Software,7372,1823306,Z4,0331,,Lightspeed POS Inc.,NYSE,,
LSTA,"LISATA THERAPEUTICS, INC.",NASDAQ,Pharmaceutical Preparations,2834,320017,DE,1231,,"Caladrius Biosciences, Inc.; CALADRIUS BIOSCIENCES, INC.; NeoStem, Inc.; PHASE III MEDICAL INC/DE; CORNICHE GROUP INC /DE",Nasdaq,,
LSTR,LANDSTAR SYSTEM INC,NASDAQ,Trucking (No Local),4213,853816,DE,1230,,,Nasdaq,,
LTBR,LIGHTBRIDGE Corp,NASDAQ,Industrial Inorganic Chemicals,2810,1084554,NV,1231,,"Thorium Power, Ltd; NOVASTAR RESOURCES LTD.; NOVASTAR RESOURCES LTD; CUSTOM BRANDED NETWORKS INC; AQUISTAR VENTURES USA INC",Nasdaq,,
LTC,LTC PROPERTIES INC,NYSE,Real Estate Investment Trusts,6798,887905,MD,1231,,,NYSE,,
LTGO,"Latigo Biotherapeutics, Inc.",NASDAQ,Pharmaceutical Preparations,2834,2056611,DE,1231,,,Nasdaq,,
LTGR,Long Table Growth Corp.,NASDAQ,Blank Checks,6770,2104177,E9,1231,,,"Nasdaq, Nasdaq, Nasdaq",,
LTH,"Life Time Group Holdings, Inc.",NYSE,Services-Membership Sports & Recreation Clubs,7997,1869198,DE,1231,,,NYSE,,
LTRN,Lantern Pharma Inc.,NASDAQ,Pharmaceutical Preparations,2834,1763950,TX,1231,,Lantern Pharma,Nasdaq,,
LTRX,LANTRONIX INC,NASDAQ,Computer Communications Equipment,3576,1114925,DE,0630,,LANTRONIX,Nasdaq,,
LUCD,Lucid Diagnostics Inc.,NASDAQ,Surgical & Medical Instruments & Apparatus,3841,1799011,DE,1231,,,Nasdaq,,
LUCK,Lucky Strike Entertainment Corp,NYSE,Services-Amusement & Recreation Services,7900,1840572,VA,0629,,Bowlero Corp.; Isos Acquisition Corp.,NYSE,,
LUCY,Innovative Eyewear Inc,NASDAQ,Ophthalmic Goods,3851,1808377,FL,1231,,,"Nasdaq, Nasdaq",,
LUD,Luda Technology Group Ltd,NYSE American,Steel Pipe & Tubes,3317,1984124,,,,,NYSE,,
LULU,lululemon athletica inc.,NASDAQ,Apparel & Other Finishd Prods of  Fabrics & Similar Matl,2300,1397187,DE,0202,,Lululemon Corp.,Nasdaq,,
LUMN,"Lumen Technologies, Inc.",NYSE,Telephone Communications (No Radiotelephone),4813,18926,LA,1231,,"CENTURYLINK, INC; CENTURYTEL INC; CENTURY TELEPHONE ENTERPRISES INC",NYSE,,
LUNG,Pulmonx Corp,NASDAQ,Surgical & Medical Instruments & Apparatus,3841,1127537,DE,1231,,PULMONX,Nasdaq,,
LUNR,"Intuitive Machines, Inc.",NASDAQ,"Search, Detection, Navigation, Guidance, Aeronautical Sys",3812,1844452,DE,1231,,Inflection Point Acquisition Corp.,Nasdaq,,
LUV,SOUTHWEST AIRLINES CO,NYSE,"Air Transportation, Scheduled",4512,92380,TX,1231,,,NYSE,,
LVLU,"Lulu's Fashion Lounge Holdings, Inc.",NASDAQ,Retail-Catalog & Mail-Order Houses,5961,1780201,DE,0103,,,Nasdaq,,
LVO,"LiveOne, Inc.",NASDAQ,Retail-Eating  Places,5812,1491419,DE,0331,,"LiveXLive Media, Inc.; LOTON, CORP",Nasdaq,,
LVS,LAS VEGAS SANDS CORP,NYSE,Hotels & Motels,7011,1300514,NV,1231,,,NYSE,,
LVWR,"LiveWire Group, Inc.",NYSE,"Motorcycles, Bicycles & Parts",3751,1898795,DE,1231,,"LW EV Holdings, Inc.","NYSE, NYSE",,
LW,"Lamb Weston Holdings, Inc.",NYSE,"Canned, Frozen & Preservd Fruit, Veg & Food Specialties",2030,1679273,DE,0531,,,NYSE,,
LWAY,"Lifeway Foods, Inc.",NASDAQ,Dairy Products,2020,814586,IL,1231,,LIFEWAY FOODS INC,Nasdaq,,
LWLG,"Lightwave Logic, Inc.",NASDAQ,Miscellaneous Plastics Products,3080,1325964,NV,1231,,THIRD-ORDER NANOTECHNOLOGIES INC; THIRD-ORDER NANOTECHNOLOIES INC; PSI TEC HOLDINGS INC,Nasdaq,,
LXEO,"Lexeo Therapeutics, Inc.",NASDAQ,"Biological Products, (No Diagnostic Substances)",2836,1907108,,1231,,,Nasdaq,,
LXFR,LUXFER HOLDINGS PLC,NYSE,Industrial Inorganic Chemicals,2810,1096056,X0,1231,,,NYSE,,
LXRX,"LEXICON PHARMACEUTICALS, INC.",NASDAQ,Pharmaceutical Preparations,2834,1062822,DE,1231,,"LEXICON PHARMACEUTICALS, INC./DE; LEXICON GENETICS INC/TX",Nasdaq,,
LXU,"LSB INDUSTRIES, INC.",NYSE,Industrial Inorganic Chemicals,2810,60714,DE,1231,,"LSB INDUSTRIES, INC.; LSB INDUSTRIES INC",NYSE,,
LYB,LyondellBasell Industries N.V.,NYSE,Industrial Organic Chemicals,2860,1489393,P7,1231,,,NYSE,,
LYEL,"Lyell Immunopharma, Inc.",NASDAQ,Pharmaceutical Preparations,2834,1806952,DE,1231,,,Nasdaq,,
LYFT,"Lyft, Inc.",NASDAQ,"Services-Business Services, NEC",7389,1759509,DE,1231,,,Nasdaq,,
LYNX,Lyntris Inc.,NYSE,"Search, Detection, Navigation, Guidance, Aeronautical Sys",3812,2132582,DE,1231,,,NYSE,,
LYTS,LSI INDUSTRIES INC,NASDAQ,Electric Lighting & Wiring Equipment,3640,763532,OH,0630,,,Nasdaq,,
LYV,"Live Nation Entertainment, Inc.",NYSE,Services-Amusement & Recreation Services,7900,1335258,DE,1231,,"Live Nation, Inc.; CCE Spinco, Inc.",NYSE,,
LZ,"LEGALZOOM.COM, INC.",NASDAQ,Services-Computer Processing & Data Preparation,7374,1286139,DE,1231,,LEGALZOOM COM INC,Nasdaq,,
LZB,LA-Z-BOY INC,NYSE,Household Furniture,2510,57131,MI,0424,,LA-Z-BOY INCORP; LA Z BOY CHAIR CO,NYSE,,
LZM,Lifezone Metals Ltd,NYSE,Metal Mining,1000,1958217,Y8,1231,,,"NYSE, NYSE",,
LZMH,LZ Technology Holdings Ltd,NASDAQ,Services-Computer Programming Services,7371,1967397,E9,1231,,,Nasdaq,,
M,"Macy's, Inc.",NYSE,Retail-Department Stores,5311,794367,DE,0201,,FEDERATED DEPARTMENT STORES INC /DE/,NYSE,,
MA,Mastercard Inc,NYSE,"Services-Business Services, NEC",7389,1141391,DE,1231,,,NYSE,,
MAA,MID AMERICA APARTMENT COMMUNITIES INC.,NYSE,Real Estate Investment Trusts,6798,912595,TN,1231,,MID AMERICA APARTMENT COMMUNITIES INC,"NYSE, NYSE",,
MAAS,Maase Inc.,NASDAQ,Investment Advice,6282,1750264,E9,0630,,"Highest Performances Holdings Inc.; PUYI, INC.",Nasdaq,,
MAC,MACERICH CO,NYSE,Real Estate Investment Trusts,6798,912242,MD,1231,,,NYSE,,
MAGH,Magnitude International Ltd,NASDAQ,Electrical Work,1731,2046117,E9,0430,,,Nasdaq,,
MAGN,Magnera Corp,NYSE,Paper Mills,2621,41719,PA,0926,,Glatfelter Corp; GLATFELTER P H CO,NYSE,,
MAIA,"MAIA Biotechnology, Inc.",NYSE American,Pharmaceutical Preparations,2834,1878313,DE,1231,,,NYSE,,
MAIN,Main Street Capital CORP,NYSE,,,1396440,MD,1231,,,NYSE,,
MAIR,Madison Air Solutions Corp,NYSE,Industrial & Commercial Fans & Blowers & Air Purifing Equip,3564,2098430,DE,1231,,,NYSE,,
MAKO,Mako Mining Corp.,NASDAQ,Gold and Silver Ores,1040,1784930,A1,1231,,,Nasdaq,,
MAMA,"Mama's Creations, Inc.",NASDAQ,Sausages & Other Prepared Meat Products,2013,1520358,NV,0131,,"MamaMancini's Holdings, Inc.; MASCOT PROPERTIES, INC.",Nasdaq,,
MAMK,MaxsMaking Inc.,NASDAQ,Miscellaneous Fabricated Textile Products,2390,2008007,D8,1031,,,Nasdaq,,
MAMO,Massimo Group,NASDAQ,Miscellaneous Transportation Equipment,3790,1952853,NV,,,,Nasdaq,,
MAN,ManpowerGroup Inc.,NYSE,Services-Help Supply Services,7363,871763,WI,1231,,MANPOWER INC /WI/,NYSE,,
MANE,"Veradermics, Inc",NYSE,Pharmaceutical Preparations,2834,1827635,DE,1231,,,NYSE,,
MANH,MANHATTAN ASSOCIATES INC,NASDAQ,Services-Prepackaged Software,7372,1056696,GA,1231,,,Nasdaq,,
MANU,Manchester United plc,NYSE,Services-Amusement & Recreation Services,7900,1549107,,0630,,Manchester United Ltd.,NYSE,,
MAR,MARRIOTT INTERNATIONAL INC /MD/,NASDAQ,Hotels & Motels,7011,1048286,DE,1231,,MARRIOTT INTERNATIONAL INC /MD/; NEW MARRIOTT MI INC,Nasdaq,,
MARA,"MARA Holdings, Inc.",NASDAQ,Finance Services,6199,1507605,NV,1231,,"MARATHON DIGITAL HOLDINGS, INC.; Marathon Patent Group, Inc.; American Strategic Minerals Corp; VERVE VENTURES INC",Nasdaq,,
MAS,MASCO CORP /DE/,NYSE,"Heating Equip, Except Elec & Warm Air; & Plumbing Fixtures",3430,62996,DE,1231,,,NYSE,,
MASK,3 E Network Technology Group Ltd,NASDAQ,Services-Computer Programming Services,7371,1993097,D8,0630,,,Nasdaq,,
MASS,908 Devices Inc.,NASDAQ,Laboratory Analytical Instruments,3826,1555279,DE,1231,,,Nasdaq,,
MAT,MATTEL INC /DE/,NASDAQ,Dolls & Stuffed Toys,3942,63276,DE,1231,,,Nasdaq,,
MATH,Metalpha Technology Holding Ltd,NASDAQ,Finance Services,6199,1682241,K3,,,Dragon Victory International Ltd,Nasdaq,,
MATV,"Mativ Holdings, Inc.",NYSE,Paper Mills,2621,1000623,DE,1231,,SCHWEITZER MAUDUIT INTERNATIONAL INC,NYSE,,
MATW,MATTHEWS INTERNATIONAL CORP,NASDAQ,Nonferrous Foundries (Castings),3360,63296,PA,0930,,MATTHEWS INTERNATIONAL CORP,Nasdaq,,
MATX,"Matson, Inc.",NYSE,Water Transportation,4400,3453,HI,1231,,"Matson, Inc.; ALEXANDER & BALDWIN INC",NYSE,,
MAX,"MediaAlpha, Inc.",NYSE,"Services-Business Services, NEC",7389,1818383,DE,1231,,"MediaAlpha, Inc.",NYSE,,
MAYS,MAYS J W INC,NASDAQ,Opeators of  Nonresidential Buildings,6512,54187,NY,0731,,,Nasdaq,,
MAZE,"Maze Therapeutics, Inc.",NASDAQ,"Biological Products, (No Diagnostic Substances)",2836,1842295,DE,1231,,,Nasdaq,,
MB,MASTERBEEF GROUP,NASDAQ,Retail-Eating  Places,5812,2027265,K3,1231,,,Nasdaq,,
MBAI,Check-Cap Ltd,NASDAQ,X-Ray Apparatus & Tubes & Related Irradiation Apparatus,3844,1610590,L3,,,,Nasdaq,,
MBBC,"Marathon Bancorp, Inc. /MD/",NASDAQ,"Savings Institutions, Not Federally Chartered",6036,1835385,,0630,,,Nasdaq,,
MBC,"MasterBrand, Inc.",NYSE,"Wood Household Furniture, (No Upholstered)",2511,1941365,DE,1228,,,NYSE,,
MBGL,Mobility Global Inc.,NYSE,"Services-Business Services, NEC",7389,2090312,DE,1231,,S&P Global Mobility Holding Co,NYSE,,
MBI,MBIA INC,NYSE,Surety Insurance,6351,814585,CT,1231,,,NYSE,,
MBIN,Merchants Bancorp,NASDAQ,State Commercial Banks,6022,1629019,IN,1231,,,"Nasdaq, Nasdaq, Nasdaq, Nasdaq",,
MBIO,"MUSTANG BIO, INC.",NASDAQ,Pharmaceutical Preparations,2834,1680048,DE,1231,,,Nasdaq,,
MBLY,Mobileye Global Inc.,NASDAQ,Services-Prepackaged Software,7372,1910139,DE,1227,,Mobileye Holdings Inc.,Nasdaq,,
MBOT,Microbot Medical Inc.,NASDAQ,Surgical & Medical Instruments & Apparatus,3841,883975,DE,1231,,Microbot Medical Inc.; STEMCELLS INC; CYTOTHERAPEUTICS INC/DE,Nasdaq,,
MBRX,"Moleculin Biotech, Inc.",NASDAQ,Pharmaceutical Preparations,2834,1659617,DE,1231,,,Nasdaq,,
MBUU,"MALIBU BOATS, INC.",NASDAQ,Ship & Boat Building & Repairing,3730,1590976,DE,0630,,,Nasdaq,,
MBVI,M3-Brigade Acquisition VI Corp.,NASDAQ,Blank Checks,6770,2073928,E9,1231,,,"Nasdaq, Nasdaq, Nasdaq",,
MBWM,MERCANTILE BANK CORP,NASDAQ,State Commercial Banks,6022,1042729,MI,1231,,,Nasdaq,,
MBX,"MBX Biosciences, Inc.",NASDAQ,Pharmaceutical Preparations,2834,1776111,DE,1231,,,Nasdaq,,
MC,Moelis & Co,NYSE,Investment Advice,6282,1596967,DE,1231,,,NYSE,,
MCAH,Mountain Crest Acquisition 6 Corp.,NASDAQ,Blank Checks,6770,2109876,D8,1231,,,"Nasdaq, Nasdaq, Nasdaq",,
MCB,Metropolitan Bank Holding Corp.,NYSE,State Commercial Banks,6022,1476034,NY,1231,,,NYSE,,
MCBS,"MetroCity Bankshares, Inc.",NASDAQ,State Commercial Banks,6022,1747068,GA,1231,,,Nasdaq,,
MCD,MCDONALDS CORP,NYSE,Retail-Eating  Places,5812,63908,DE,1231,,,NYSE,,
MCFT,"MasterCraft Boat Holdings, Inc.",NASDAQ,Ship & Boat Building & Repairing,3730,1638290,DE,0630,,"MCBC Holdings, Inc.",Nasdaq,,
MCHB,Mechanics Bancorp,NASDAQ,State Commercial Banks,6022,1518715,WA,1231,,"HomeStreet, Inc.",Nasdaq,,
MCHP,MICROCHIP TECHNOLOGY INC,NASDAQ,Semiconductors & Related Devices,3674,827054,DE,0331,,,"Nasdaq, Nasdaq",,
MCHX,MARCHEX INC,NASDAQ,Services-Prepackaged Software,7372,1224133,DE,1231,,,Nasdaq,,
MCI,BARINGS CORPORATE INVESTORS,NYSE,,,275694,MA,1231,,BABSON CAPITAL CORPORATE INVESTORS; MASSMUTUAL CORPORATE INVESTORS,NYSE,,
MCK,MCKESSON CORP,NYSE,"Wholesale-Drugs, Proprietaries & Druggists' Sundries",5122,927653,DE,0331,,MCKESSON HBOC INC,NYSE,,
MCO,MOODYS CORP /DE/,NYSE,"Services-Consumer Credit Reporting, Collection Agencies",7320,1059556,DE,1231,,DUN & BRADSTREET CORP /DE/; NEW DUN & BRADSTREET CORP,NYSE,,
MCRB,"Seres Therapeutics, Inc.",NASDAQ,Pharmaceutical Preparations,2834,1609809,DE,1231,,"Seres Therapeutics, Inc.; Seres Health, Inc.",Nasdaq,,
MCRI,MONARCH CASINO & RESORT INC,NASDAQ,Hotels & Motels,7011,907242,NV,1231,,,Nasdaq,,
MCRP,Micropolis AI Robotics,NYSE American,Motor Vehicle Parts & Accessories,3714,1993431,E9,1231,,Micropolis Holding Co,NYSE,,
MCS,MARCUS CORP,NYSE,Services-Motion Picture Theaters,7830,62234,WI,1231,,,NYSE,,
MCTA,Charming Medical Ltd,NASDAQ,"Services-Misc Health & Allied Services, NEC",8090,2035992,,,,,Nasdaq,,
MCY,MERCURY GENERAL CORP,NYSE,"Fire, Marine & Casualty Insurance",6331,64996,CA,1231,,,NYSE,,
MD,"Pediatrix Medical Group, Inc.",NYSE,Services-Hospitals,8060,893949,FL,1231,,"MEDNAX, INC.; PEDIATRIX MEDICAL GROUP INC",NYSE,,
MDAI,"Spectral AI, Inc.",NASDAQ,Surgical & Medical Instruments & Apparatus,3841,1833498,DE,1231,,Rosecliff Acquisition Corp I,"Nasdaq, Nasdaq",,
MDB,"MongoDB, Inc.",NASDAQ,Services-Prepackaged Software,7372,1441816,DE,0131,,10GEN INC,Nasdaq,,
MDBH,"MDB Capital Holdings, LLC",NASDAQ,Finance Services,6199,1934642,DE,1231,,,Nasdaq,,
MDCX,Medicus Pharma Ltd.,NASDAQ,Pharmaceutical Preparations,2834,1997296,A6,1231,,,"Nasdaq, Nasdaq",,
MDGL,"MADRIGAL PHARMACEUTICALS, INC.",NASDAQ,Pharmaceutical Preparations,2834,1157601,DE,1231,,"MADRIGAL PHARMACEUTICALS, INC.; SYNTA PHARMACEUTICALS CORP",Nasdaq,,
MDIA,Mediaco Holding Inc.,NASDAQ,Radio Broadcasting Stations,4832,1784254,IN,1231,,,Nasdaq,,
MDLN,Medline Inc.,NASDAQ,Surgical & Medical Instruments & Apparatus,3841,2046386,DE,1231,,,Nasdaq,,
MDLZ,"Mondelez International, Inc.",NASDAQ,Food and Kindred Products,2000,1103982,IL,1231,,KRAFT FOODS INC,Nasdaq,,
MDRR,"Medalist Diversified, Inc.",NASDAQ,Real Estate Investment Trusts,6798,1654595,MD,1231,,"Medalist Diversified REIT, Inc.",Nasdaq,,
MDT,Medtronic plc,NYSE,Electromedical & Electrotherapeutic Apparatus,3845,1613103,,0424,,Medtronic Ltd; Medtronic Holdings Ltd,NYSE,,
MDU,MDU RESOURCES GROUP INC,NYSE,Mining & Quarrying of  Nonmetallic Minerals (No Fuels),1400,67716,,1231,,MDU RESOURCES GROUP INC,NYSE,,
MDWD,MediWound Ltd.,NASDAQ,Medicinal Chemicals & Botanical Products,2833,1593984,L3,1231,,,Nasdaq,,
MDXG,"MIMEDX GROUP, INC.",NASDAQ,Surgical & Medical Instruments & Apparatus,3841,1376339,,1231,,"Alynx, Co.",Nasdaq,,
MDXH,MDxHealth SA,NASDAQ,Services-Medical Laboratories,8071,1872529,C9,,,,Nasdaq,,
MEC,"Mayville Engineering Company, Inc.",NYSE,Metal Forgings & Stampings,3460,1766368,,1231,,,NYSE,,
MED,MEDIFAST INC,NYSE,Miscellaneous Food Preparations & Kindred Products,2090,910329,DE,1231,,HEALTHRITE INC,NYSE,,
MEDP,"Medpace Holdings, Inc.",NASDAQ,Services-Commercial Physical & Biological Research,8731,1668397,DE,1231,,,Nasdaq,,
MEDS,"DataMeds AI, Inc.",NASDAQ,"Wholesale-Drugs, Proprietaries & Druggists' Sundries",5122,2030763,DE,1231,,"Wellgistics Health, Inc.; Danam Health, Inc",Nasdaq,,
MEGL,Magic Empire Global Ltd,NASDAQ,Finance Services,6199,1881472,D8,1231,,,Nasdaq,,
MEI,METHODE ELECTRONICS INC,NYSE,Electronic Connectors,3678,65270,DE,0503,,METHODE ELECTRONICS INC,NYSE,,
MELI,MERCADOLIBRE INC,NASDAQ,"Services-Business Services, NEC",7389,1099590,,1231,,,Nasdaq,,
MENS,Jyong Biotech Ltd.,NASDAQ,Pharmaceutical Preparations,2834,1954488,E9,,,,Nasdaq,,
MEOH,METHANEX CORP,NASDAQ,Industrial Organic Chemicals,2860,886977,A1,1231,,,Nasdaq,,
MERC,MERCER INTERNATIONAL INC.,NASDAQ,Pulp Mills,2611,1333274,WA,1231,,MERCER INTERNATIONAL REGCO INC.,Nasdaq,,
MET,METLIFE INC,NYSE,Life Insurance,6311,1099219,DE,1231,,,"NYSE, NYSE, NYSE, NYSE",,
META,"Meta Platforms, Inc.",NASDAQ,"Services-Computer Programming, Data Processing, Etc.",7370,1326801,DE,1231,,Facebook Inc,Nasdaq,,
METC,"Ramaco Resources, Inc.",NASDAQ,Silver Ores,1220,1687187,DE,1231,,"Ramaco Resources, Inc.","Nasdaq, Nasdaq, Nasdaq, Nasdaq",,
METCB,"Ramaco Resources, Inc.",NASDAQ,Silver Ores,1220,1687187,DE,1231,,"Ramaco Resources, Inc.","Nasdaq, Nasdaq, Nasdaq, Nasdaq",,
MF,MindForge Inc.,NASDAQ,"Services-Computer Programming, Data Processing, Etc.",7370,1888525,E9,0630,,U-BX Technology Ltd.,"Nasdaq, Nasdaq",,
MFA,"MFA FINANCIAL, INC.",NYSE,Real Estate Investment Trusts,6798,1055160,MD,1231,,MFA MORTGAGE INVESTMENTS; AMERICA FIRST MORTGAGE INVESTMENTS INC,"NYSE, NYSE, NYSE, NYSE, NYSE",,
MFC,MANULIFE FINANCIAL CORP,NYSE,Life Insurance,6311,1086888,,1231,,,"NYSE, OTC, OTC, OTC, OTC",,
MFG,MIZUHO FINANCIAL GROUP INC,NYSE,National Commercial Banks,6021,1335730,,,,,"NYSE, OTC",,
MFI,mF International Ltd,NASDAQ,Services-Computer Programming Services,7371,1940941,D8,1231,,,Nasdaq,,
MFIN,MEDALLION FINANCIAL CORP,NASDAQ,Finance Services,6199,1000209,DE,1231,,,"Nasdaq, Nasdaq",,
MFP,"Midera Food Processing, Inc.",NASDAQ,Refrigeration & Service Industry Machinery,3580,2088281,DE,1231,,"Middleby Food Processing, Inc.",Nasdaq,,
MG,"Mistras Group, Inc.",NYSE,Services-Engineering Services,8711,1436126,DE,1231,,,NYSE,,
MGA,MAGNA INTERNATIONAL INC,NYSE,Motor Vehicle Parts & Accessories,3714,749098,,1231,,,NYSE,,
MGEE,MGE ENERGY INC,NASDAQ,"Electric, Gas & Sanitary Services",4900,1161728,WI,1231,,,Nasdaq,,
MGIH,Millennium Group International Holdings Ltd,NASDAQ,Commercial Printing,2750,1903995,E9,0630,,,Nasdaq,,
MGLD,"Marygold Companies, Inc.",NYSE American,Finance Services,6199,1005101,NV,0630,,CONCIERGE TECHNOLOGIES INC; STARFEST INC,NYSE,,
MGM,MGM Resorts International,NYSE,Hotels & Motels,7011,789570,DE,1231,,MGM MIRAGE; MGM GRAND INC,NYSE,,
MGN,Megan Holdings Ltd.,NASDAQ,Agricultural Prod-Livestock & Animal Specialties,0200,1995075,,1231,,,Nasdaq,,
MGNI,"MAGNITE, INC.",NASDAQ,"Services-Computer Programming, Data Processing, Etc.",7370,1595974,DE,1231,,"RUBICON PROJECT, INC.",Nasdaq,,
MGNX,MACROGENICS INC,NASDAQ,Pharmaceutical Preparations,2834,1125345,DE,1231,,,Nasdaq,,
MGPI,MGP INGREDIENTS INC,NASDAQ,"Wholesale-Beer, Wine & Distilled Alcoholic Beverages",5180,835011,KS,1231,,MIDWEST GRAIN PRODUCTS INC,Nasdaq,,
MGRC,MCGRATH RENTCORP,NASDAQ,"Services-Equipment Rental & Leasing, NEC",7359,752714,CA,1231,,,Nasdaq,,
MGRT,Mega Fortune Co Ltd,NASDAQ,Services-Computer Programming Services,7371,2033377,K3,0930,,,Nasdaq,,
MGRX,"MANGOCEUTICALS, INC.",NASDAQ,"Services-Misc Health & Allied Services, NEC",8090,1938046,TX,1231,,"MANGOCEUTICALS, INC.",Nasdaq,,
MGTX,MeiraGTx Holdings plc,NASDAQ,"Biological Products, (No Diagnostic Substances)",2836,1735438,,1231,,,Nasdaq,,
MGX,"Metagenomi Therapeutics, Inc.",NASDAQ,"Biological Products, (No Diagnostic Substances)",2836,1785279,,1231,,"Metagenomi, Inc.; Metagenomi Technologies, LLC",Nasdaq,,
MGY,Magnolia Oil & Gas Corp,NYSE,Crude Petroleum & Natural Gas,1311,1698990,DE,1231,,TPG Pace Energy Holdings Corp.,NYSE,,
MGYR,"Magyar Bancorp, Inc.",NASDAQ,"Savings Institution, Federally Chartered",6035,1337068,,0930,,,Nasdaq,,
MH,"McGraw Hill, Inc.",NYSE,Miscellaneous Publishing,2741,1951070,DE,0331,,,NYSE,,
MHH,"Mastech Digital, Inc.",NYSE American,Services-Management Consulting Services,8742,1437226,PA,1231,,"Mastech Holdings, Inc.",NYSE,,
MHK,MOHAWK INDUSTRIES INC,NYSE,Carpets & Rugs,2273,851968,DE,1231,,MOHAWK INDUSTRIES INC.,NYSE,,
MHO,"M/I HOMES, INC.",NYSE,Operative Builders,1531,799292,OH,1231,,M I HOMES INC; M I SCHOTTENSTEIN HOMES INC,NYSE,,
MI,NFT Ltd,NYSE American,Finance Services,6199,1958713,E9,1231,,,NYSE,,
MIAX,"MIAMI INTERNATIONAL HOLDINGS, INC.",NYSE,"Security Brokers, Dealers & Flotation Companies",6211,1438472,DE,,,MIAMI INTERNATIONAL HOLDINGS INC,NYSE,,
MICC,Magnum Ice Cream Co N.V.,NYSE,Ice Cream & Frozen Desserts,2024,2071668,P7,1231,,Magnum Ice Cream Co B.V.; Magnum Ice Cream Company B.V.,NYSE,,
MIDD,MIDDLEBY Corp,NASDAQ,Refrigeration & Service Industry Machinery,3580,769520,DE,0102,,,Nasdaq,,
MIMI,Mint Inc Ltd,NASDAQ,"Services-Business Services, NEC",7389,1998560,,,,,Nasdaq,,
MIND,"MIND TECHNOLOGY, INC",NASDAQ,"Search, Detection, Navigation, Guidance, Aeronautical Sys",3812,926423,DE,0131,,MITCHAM INDUSTRIES INC,Nasdaq,,
MINE,MAYFAIR GOLD CORP.,NYSE American,Metal Mining,1000,1823255,A1,1231,,,NYSE,,
MIR,"Mirion Technologies, Inc.",NYSE,"Measuring & Controlling Devices, NEC",3829,1809987,,1231,,GS Acquisition Holdings Corp II,NYSE,,
MIRA,"MIRA PHARMACEUTICALS, INC.",NASDAQ,Pharmaceutical Preparations,2834,1904286,FL,,,"Mira1a Therapeutics, Inc.",Nasdaq,,
MIRM,"Mirum Pharmaceuticals, Inc.",NASDAQ,Pharmaceutical Preparations,2834,1759425,DE,1231,,,Nasdaq,,
MIST,Milestone Pharmaceuticals Inc.,NASDAQ,Pharmaceutical Preparations,2834,1408443,A8,1231,,,Nasdaq,,
MITK,MITEK SYSTEMS INC,NASDAQ,"Computer Peripheral Equipment, NEC",3577,807863,DE,0930,,,Nasdaq,,
MITQ,MOVING iMAGE TECHNOLOGIES INC.,NYSE American,Photographic Equipment & Supplies,3861,1770236,DE,0630,,,NYSE,,
MKC,MCCORMICK & CO INC,NYSE,Miscellaneous Food Preparations & Kindred Products,2090,63754,MD,1130,,MCCORMICK & CO INC,"NYSE, NYSE",,
MKC.V,"McCormick & Company, Incorporated Common Stock",NYSE,,,,,,,,,,
MKDW,MKDWELL Tech Inc.,NASDAQ,Electronic & Other Electrical Equipment (No Computer Equip),3600,1991332,D8,1231,,,"Nasdaq, Nasdaq",,
MKL,MARKEL GROUP INC.,NYSE,"Fire, Marine & Casualty Insurance",6331,1096343,VA,1231,,MARKEL CORP; MARKEL HOLDINGS INC,NYSE,,
MKSI,MKS INC,NASDAQ,"Industrial Instruments For Measurement, Display, and Control",3823,1049502,MA,1231,,MKS INSTRUMENTS INC,Nasdaq,,
MKTW,"MARKETWISE, INC.",NASDAQ,Services-Prepackaged Software,7372,1805651,DE,1231,,Ascendant Digital Acquisition Corp.,Nasdaq,,
MKTX,MARKETAXESS HOLDINGS INC,NASDAQ,"Security Brokers, Dealers & Flotation Companies",6211,1278021,,1231,,MARKETAXESS HOLDINGS INC; MARKETAXESS HOLDING INC,Nasdaq,,
MKZR,"MacKenzie Realty Capital, Inc.",NASDAQ,Real Estate Investment Trusts,6798,1550913,MD,0630,,,Nasdaq,,
MLAB,MESA LABORATORIES INC /CO/,NASDAQ,"Industrial Instruments For Measurement, Display, and Control",3823,724004,CO,0331,,MESA LABORATORIES INC /CO,Nasdaq,,
MLCI,Mount Logan Capital Inc.,NASDAQ,Investment Advice,6282,2051820,DE,1231,,"Yukon New Parent, Inc.","Nasdaq, Nasdaq",,
MLEC,Moolec Science SA,NASDAQ,Food and Kindred Products,2000,1937737,E9,0630,,,"Nasdaq, Nasdaq",,
MLGO,MicroAlgo Inc.,NASDAQ,Services-Computer Programming Services,7371,1800392,E9,1231,,Venus Acquisition Corp,"Nasdaq, OTC",,
MLI,MUELLER INDUSTRIES INC,NYSE,Rolling Drawing & Extruding of  Nonferrous Metals,3350,89439,DE,1226,,,NYSE,,
MLKN,"MILLERKNOLL, INC.",NASDAQ,Office Furniture,2520,66382,MI,0530,,HERMAN MILLER INC; MILLER HERMAN INC,Nasdaq,,
MLM,MARTIN MARIETTA MATERIALS INC,NYSE,Mining & Quarrying of  Nonmetallic Minerals (No Fuels),1400,916076,NC,1231,,,NYSE,,
MLP,MAUI LAND & PINEAPPLE CO INC,NYSE,Real Estate,6500,63330,HI,1231,,,NYSE,,
MLR,MILLER INDUSTRIES INC /TN/,NYSE,Truck & Bus Bodies,3713,924822,TN,1231,,,NYSE,,
MLSS,MILESTONE SCIENTIFIC INC.,NYSE American,"Orthopedic, Prosthetic & Surgical Appliances & Supplies",3842,855683,DE,1231,,MILESTONE SCIENTIFIC INC/NJ; U S OPPORTUNITY SEARCH INC,NYSE,,
MLTX,MoonLake Immunotherapeutics,NASDAQ,Pharmaceutical Preparations,2834,1821586,E9,1231,,Helix Acquisition Corp,Nasdaq,,
MLYS,"Mineralys Therapeutics, Inc.",NASDAQ,Pharmaceutical Preparations,2834,1933414,,1231,,,Nasdaq,,
MMA,MIXED MARTIAL ARTS GROUP LTD,NYSE American,Services-Miscellaneous Business Services,7380,1981519,C3,0630,,ALTA GLOBAL GROUP LTD,NYSE,,
MMED,"MiniMed Group, Inc.",NASDAQ,Surgical & Medical Instruments & Apparatus,3841,2062583,DE,1231,,"MDT Sub Holdings, Inc.",Nasdaq,,
MMI,"Marcus & Millichap, Inc.",NYSE,Real Estate Agents & Managers (For Others),6531,1578732,,1231,,,NYSE,,
MMM,3M CO,NYSE,Surgical & Medical Instruments & Apparatus,3841,66740,DE,1231,,MINNESOTA MINING & MANUFACTURING CO,NYSE,,
MMS,"MAXIMUS, INC.",NYSE,"Services-Business Services, NEC",7389,1032220,VA,0930,,MAXIMUS INC,NYSE,,
MMSI,MERIT MEDICAL SYSTEMS INC,NASDAQ,Surgical & Medical Instruments & Apparatus,3841,856982,UT,1231,,,Nasdaq,,
MMYT,MakeMyTrip Ltd,NASDAQ,Transportation Services,4700,1495153,O4,0331,,,Nasdaq,,
MNDO,MIND CTI LTD,NASDAQ,Services-Computer Programming Services,7371,1119083,,1231,,,Nasdaq,,
MNDR,Mobile-health Network Solutions,NASDAQ,Services-Prepackaged Software,7372,1976695,E9,0630,,,Nasdaq,,
MNDY,monday.com Ltd.,NASDAQ,Services-Prepackaged Software,7372,1845338,L3,1231,,,Nasdaq,,
MNKD,MANNKIND CORP,NASDAQ,Pharmaceutical Preparations,2834,899460,DE,1231,,,Nasdaq,,
MNOV,MEDICINOVA INC,NASDAQ,Pharmaceutical Preparations,2834,1226616,DE,1231,,,Nasdaq,,
MNPR,Monopar Therapeutics,NASDAQ,Pharmaceutical Preparations,2834,1645469,DE,1231,,,Nasdaq,,
MNRO,"MONRO, INC.",NASDAQ,"Services-Automotive Repair, Services & Parking",7500,876427,NY,0327,,MONRO MUFFLER BRAKE INC,Nasdaq,,
MNSB,"MainStreet Bancshares, Inc.",NASDAQ,State Commercial Banks,6022,1693577,VA,1231,,,"Nasdaq, Nasdaq",,
MNST,Monster Beverage Corp,NASDAQ,Bottled & Canned Soft Drinks & Carbonated Waters,2086,865752,,1231,,HANSEN NATURAL CORP,Nasdaq,,
MNTK,"Montauk Renewables, Inc.",NASDAQ,Gas & Other Services Combined,4932,1826600,DE,1231,,,Nasdaq,,
MNTN,"MNTN, Inc.",NYSE,Services-Advertising,7310,1891027,DE,1231,,"MNTN Digital, Inc.",NYSE,,
MNTS,Momentus Inc.,NASDAQ,Guided Missiles & Space Vehicles & Parts,3760,1781162,DE,1231,,Stable Road Acquisition Corp.,"Nasdaq, Nasdaq",,
MNY,MoneyHero Ltd,NASDAQ,"Services-Business Services, NEC",7389,1974044,E9,1231,,,"Nasdaq, Nasdaq",,
MO,"ALTRIA GROUP, INC.",NYSE,Cigarettes,2111,764180,VA,1231,,ALTRIA GROUP INC; PHILIP MORRIS COMPANIES INC,NYSE,,
MOB,Mobilicom Ltd,NASDAQ,Aircraft,3721,1898643,C3,1231,,,"Nasdaq, Nasdaq",,
MOBI,"Mobia Medical, Inc.",NASDAQ,Surgical & Medical Instruments & Apparatus,3841,1489993,DE,1231,,"MicroTransponder, Inc.",Nasdaq,,
MOBX,"MOBIX LABS, INC",NASDAQ,Semiconductors & Related Devices,3674,1855467,DE,0930,,Chavant Capital Acquisition Corp.,"Nasdaq, Nasdaq",,
MOD,MODINE MANUFACTURING CO,NYSE,Motor Vehicle Parts & Accessories,3714,67347,WI,0331,,,NYSE,,
MODD,"Modular Medical, Inc.",NASDAQ,Surgical & Medical Instruments & Apparatus,3841,1074871,NV,0331,,BEAR LAKE RECREATION INC,Nasdaq,,
MOG.A,Moog Inc. Class A Common Stock,NYSE,,,,,,,,,,
MOG.B,Moog Inc. Class B Common Stock,NYSE,,,,,,,,,,
MOH,"MOLINA HEALTHCARE, INC.",NYSE,Hospital & Medical Service Plans,6324,1179929,DE,1231,,MOLINA HEALTHCARE INC,NYSE,,
MORN,"Morningstar, Inc.",NASDAQ,Investment Advice,6282,1289419,IL,1231,,,Nasdaq,,
MOS,MOSAIC CO,NYSE,Agricultural Chemicals,2870,1285785,,1231,,GLOBAL NUTRITION SOLUTIONS INC,NYSE,,
MOV,MOVADO GROUP INC,NYSE,"Watches, Clocks, Clockwork Operated Devices/Parts",3873,72573,NY,0131,,,"NYSE, OTC",,
MOVE,"Corvex, Inc.",NASDAQ,Services-Computer Processing & Data Preparation,7374,1734750,DE,1231,,Movano Inc.; Maestro Sensors Inc.,Nasdaq,,
MP,MP Materials Corp. / DE,NYSE,Metal Mining,1000,1801368,DE,1231,,Fortress Value Acquisition Corp.,NYSE,,
MPAA,MOTORCAR PARTS OF AMERICA INC,NASDAQ,Motor Vehicle Parts & Accessories,3714,918251,NY,0331,,MOTORCAR PARTS AMERICA INC; MOTORCAR PARTS  AMERICA INC; MOTORCAR PARTS & ACCESSORIES INC,Nasdaq,,
MPB,MID PENN BANCORP INC,NASDAQ,State Commercial Banks,6022,879635,PA,1231,,,Nasdaq,,
MPC,Marathon Petroleum Corp,NYSE,Petroleum Refining,2911,1510295,DE,1231,,,NYSE,,
MPLT,"MapLight Therapeutics, Inc.",NASDAQ,Pharmaceutical Preparations,2834,1770069,DE,1231,,"Alvarado Therapeutics, Inc.",Nasdaq,,
MPTI,"M-tron Industries, Inc.",NYSE American,"Electronic Components, NEC",3679,1902314,DE,1231,,,NYSE,,
MPU,Mega Matrix Inc,NYSE American,Services-Motion Picture & Video Tape Production,7812,1953021,E9,,,Mega Matrix Inc; MarsProtocol Inc.,NYSE,,
MPV,BARINGS PARTICIPATION INVESTORS,NYSE,,,831655,MA,1231,,BABSON CAPITAL PARTICIPATION INVESTORS; MASSMUTUAL PARTICIPATION INVESTORS,NYSE,,
MPWR,"MONOLITHIC POWER SYSTEMS, INC.",NASDAQ,Semiconductors & Related Devices,3674,1280452,DE,1231,,MONOLITHIC POWER SYSTEMS INC,Nasdaq,,
MQ,"Marqeta, Inc.",NASDAQ,Services-Prepackaged Software,7372,1522540,,1231,,,Nasdaq,,
MRAM,EVERSPIN TECHNOLOGIES INC.,NASDAQ,Semiconductors & Related Devices,3674,1438423,X1,1231,,EVERSPIN TECHNOLOGIES INC,Nasdaq,,
MRBK,Meridian Corp,NASDAQ,National Commercial Banks,6021,1750735,PA,1231,,,Nasdaq,,
MRCY,MERCURY SYSTEMS INC,NASDAQ,Electronic Components & Accessories,3670,1049521,MA,0630,,MERCURY COMPUTER SYSTEMS INC,Nasdaq,,
MRDN,Meridian Holdings Inc./NV,NASDAQ,Services-Prepackaged Software,7372,1437925,NV,1231,,"Golden Matrix Group, Inc.; Source Gold Corp.; Ibex Resources Corp.",Nasdaq,,
MRK,"Merck & Co., Inc.",NYSE,Pharmaceutical Preparations,2834,310158,NJ,1231,,Merck & Co. Inc.; SCHERING PLOUGH CORP,NYSE,,
MRKR,"Marker Therapeutics, Inc.",NASDAQ,Pharmaceutical Preparations,2834,1094038,DE,1231,,TAPIMMUNE INC.; TAPIMMUNE INC; GENEMAX CORP; EDUVERSE COM,Nasdaq,,
MRLN,"Merlin, Inc.",NASDAQ,Services-Computer Integrated Systems Design,7373,2028707,E9,1231,,INFLECTION POINT ACQUISITION CORP. IV; Bleichroeder Acquisition Corp. I,Nasdaq,,
MRNA,"Moderna, Inc.",NASDAQ,"Biological Products, (No Diagnostic Substances)",2836,1682852,DE,1231,,"Moderna Therapeutics, Inc.",Nasdaq,,
MRNO,Murano Global Investments Plc,NASDAQ,Hotels & Motels,7011,1988776,Y9,,,Murano Global Investments Ltd,"Nasdaq, Nasdaq",,
MRP,"Millrose Properties, Inc.",NYSE,Real Estate,6500,2017206,MD,1231,,,NYSE,,
MRSH,"MARSH & MCLENNAN COMPANIES, INC.",NYSE,"Insurance Agents, Brokers & Service",6411,62709,DE,1231,,MARSH & MCLENNAN COMPANIES INC,NYSE,,
MRT,"Marti Technologies, Inc.",NYSE American,Services-Auto Rental & Leasing (No Drivers),7510,1852767,E9,1231,,Galata Acquisition Corp.,NYSE,,
MRTN,MARTEN TRANSPORT LTD,NASDAQ,Trucking (No Local),4213,799167,DE,1231,,,Nasdaq,,
MRVI,"MARAVAI LIFESCIENCES HOLDINGS, INC.",NASDAQ,Pharmaceutical Preparations,2834,1823239,DE,1231,,,Nasdaq,,
MRVL,"Marvell Technology, Inc.",NASDAQ,Semiconductors & Related Devices,3674,1835632,DE,0130,,,Nasdaq,,
MRX,Marex Group Ltd,NASDAQ,"Security & Commodity Brokers, Dealers, Exchanges & Services",6200,1997464,D0,1231,,Marex Group plc,Nasdaq,,
MS,MORGAN STANLEY,NYSE,"Security Brokers, Dealers & Flotation Companies",6211,895421,DE,1231,,MORGAN STANLEY; MORGAN STANLEY; MORGAN STANLEY DEAN WITTER & CO; MORGAN STANLEY DEAN WITTER DISCOVER & CO; DEAN WITTER DISCOVER & CO,"NYSE, NYSE, NYSE, NYSE, NYSE, NYSE, NYSE, NYSE, NYSE, NYSE",,
MS$A,Morgan Stanley Dep Shs repstg 1/1000 Pfd Ser A,NYSE,,,,,,,,,,
MS$F,Morgan Stanley Dep Shs Rpstg 1/1000th Int Prd Ser F Fxd to Flag,NYSE,,,,,,,,,,
MSA,MSA Safety Inc,NYSE,"Orthopedic, Prosthetic & Surgical Appliances & Supplies",3842,66570,,1231,,MINE SAFETY APPLIANCES CO,"NYSE, OTC",,
MSAI,"MultiSensor AI Holdings, Inc.",NASDAQ,Optical Instruments & Lenses,3827,1863990,DE,1231,,"Infrared Cameras Holdings, Inc.; Sportsmap Tech Acquisition Corp.","Nasdaq, Nasdaq",,
MSBI,"Midland States Bancorp, Inc.",NASDAQ,State Commercial Banks,6022,1466026,IL,1231,,,"Nasdaq, Nasdaq",,
MSCI,MSCI Inc.,NYSE,"Services-Business Services, NEC",7389,1408198,DE,1231,,,NYSE,,
MSEX,MIDDLESEX WATER CO,NASDAQ,Water Supply,4941,66004,NJ,1231,,,"Nasdaq, OTC",,
MSFT,MICROSOFT CORP,NASDAQ,Services-Prepackaged Software,7372,789019,WA,0630,,,Nasdaq,,
MSGE,Madison Square Garden Entertainment Corp.,NYSE,Services-Miscellaneous Amusement & Recreation,7990,1952073,NV,0630,,"Madison Square Garden Entertainment Corp.; MSGE Spinco, Inc.",NYSE,,
MSGM,Motorsport Games Inc.,NASDAQ,Services-Prepackaged Software,7372,1821175,FL,1231,,MOTORSPORT GAMING US LLC,Nasdaq,,
MSGS,Madison Square Garden Sports Corp.,NYSE,Services-Miscellaneous Amusement & Recreation,7990,1636519,NV,0630,,"Madison Square Garden Co; MSG SPINCO, INC.",NYSE,,
MSGY,Masonglory Ltd,NASDAQ,Construction - Special Trade Contractors,1700,2020228,E9,,,,Nasdaq,,
MSI,"Motorola Solutions, Inc.",NYSE,Radio & Tv Broadcasting & Communications Equipment,3663,68505,DE,1231,,MOTOROLA INC,NYSE,,
MSLE,Satellos Bioscience Inc.,NASDAQ,Pharmaceutical Preparations,2834,1421642,Z4,1231,,ICO THERAPEUTICS INC,Nasdaq,,
MSM,MSC INDUSTRIAL DIRECT CO INC,NYSE,Wholesale-Industrial Machinery & Equipment,5084,1003078,NY,0829,,,NYSE,,
MSN,EMERSON RADIO CORP,NYSE American,Household Audio & Video Equipment,3651,32621,DE,0331,,,NYSE,,
MSS,Maison Solutions Inc.,NASDAQ,Retail-Grocery Stores,5411,1892292,DE,0430,,,Nasdaq,,
MSTR,Strategy Inc,NASDAQ,Finance Services,6199,1050446,DE,1231,,MICROSTRATEGY INC; MICROSTRATEGY Inc,"Nasdaq, Nasdaq, Nasdaq, Nasdaq, Nasdaq",,
MT,ArcelorMittal,NYSE,"Steel Works, Blast Furnaces & Rolling Mills (Coke Ovens)",3312,1243429,,1231,,ARCELOR,"NYSE, OTC, OTC",,
MTA,Metalla Royalty & Streaming Ltd.,NYSE American,Gold and Silver Ores,1040,1722606,A1,1231,,,NYSE,,
MTB,M&T BANK CORP,NYSE,State Commercial Banks,6022,36270,NY,1231,,FIRST EMPIRE STATE CORP,"NYSE, NYSE, NYSE, NYSE, NYSE",,
MTC,"MMTEC, INC.",NASDAQ,"Security Brokers, Dealers & Flotation Companies",6211,1742518,D8,1231,,,Nasdaq,,
MTCH,"Match Group, Inc.",NASDAQ,"Services-Computer Programming, Data Processing, Etc.",7370,891103,DE,1231,,IAC/INTERACTIVECORP; INTERACTIVECORP; USA INTERACTIVE; USA NETWORKS INC; HSN INC; SILVER KING COMMUNICATIONS INC,Nasdaq,,
MTD,METTLER TOLEDO INTERNATIONAL INC/,NYSE,Laboratory Analytical Instruments,3826,1037646,DE,1231,,MT INVESTORS INC/; METTLER TOLEDO INTERNATIONAL INC; MT INVESTORS INC,NYSE,,
MTDR,Matador Resources Co,NYSE,Crude Petroleum & Natural Gas,1311,1520006,TX,1231,,,NYSE,,
MTEK,Maris Tech Ltd.,NASDAQ,"Communications Equipment, NEC",3669,1872964,L3,1231,,,"Nasdaq, Nasdaq",,
MTEN,Mingteng International Corp Inc.,NASDAQ,"Metal Doors, Sash, Frames, Moldings & Trim",3442,1948099,,1231,,,Nasdaq,,
MTEX,MANNATECH INC,NASDAQ,Medicinal Chemicals & Botanical Products,2833,1056358,TX,1231,,,Nasdaq,,
MTG,MGIC INVESTMENT CORP,NYSE,Surety Insurance,6351,876437,WI,1231,,,NYSE,,
MTH,Meritage Homes CORP,NYSE,Operative Builders,1531,833079,MD,1231,,MERITAGE CORP; MONTEREY HOMES CORP; HOMEPLEX MORTGAGE INVESTMENTS CORP,NYSE,,
MTN,VAIL RESORTS INC,NYSE,Services-Miscellaneous Amusement & Recreation,7990,812011,DE,0731,,GILLETT HOLDINGS INC,NYSE,,
MTNB,"Matinas BioPharma Holdings, Inc.",NYSE American,Pharmaceutical Preparations,2834,1582554,DE,1231,,,NYSE,,
MTNE,CH4 Natural Solutions Corp,NYSE,Blank Checks,6770,2044817,E9,1231,,CH4 Natural Solutions Acquisition Corp,"NYSE, NYSE, NYSE",,
MTRN,MATERION Corp,NYSE,Metal Forgings & Stampings,3460,1104657,OH,1231,,BRUSH ENGINEERED MATERIALS INC,NYSE,,
MTRX,MATRIX SERVICE CO,NASDAQ,Construction - Special Trade Contractors,1700,866273,DE,0630,,,Nasdaq,,
MTSI,"MACOM Technology Solutions Holdings, Inc.",NASDAQ,Semiconductors & Related Devices,3674,1493594,DE,1003,,"M/A-COM Technology Solutions Holdings, Inc.",Nasdaq,,
MTUS,Metallus Inc.,NYSE,"Steel Works, Blast Furnaces & Rolling Mills (Coke Ovens)",3312,1598428,OH,1231,,TimkenSteel Corp,NYSE,,
MTVA,MetaVia Inc.,NASDAQ,Pharmaceutical Preparations,2834,1638287,DE,1231,,"NeuroBo Pharmaceuticals, Inc.; Gemphire Therapeutics Inc.",Nasdaq,,
MTW,MANITOWOC CO INC,NYSE,Construction Machinery & Equip,3531,61986,WI,1231,,,NYSE,,
MTX,MINERALS TECHNOLOGIES INC,NYSE,Industrial Inorganic Chemicals,2810,891014,DE,1231,,,NYSE,,
MTZ,MASTEC INC,NYSE,"Water, Sewer, Pipeline, Comm & Power Line Construction",1623,15615,FL,1231,,BURNUP & SIMS INC,NYSE,,
MU,MICRON TECHNOLOGY INC,NASDAQ,Semiconductors & Related Devices,3674,723125,DE,0903,,,Nasdaq,,
MUFG,MITSUBISHI UFJ FINANCIAL GROUP INC,NYSE,"Commercial Banks, NEC",6029,67088,,0331,,MITSUBISHI TOKYO FINANCIAL GROUP INC; MITSUBISHI TOKYO FINANCIAL GROUP INC /ADR/,"NYSE, OTC",,
MUR,MURPHY OIL CORP,NYSE,Crude Petroleum & Natural Gas,1311,717423,DE,1231,,MURPHY OIL CORP /DE,NYSE,,
MUSA,Murphy USA Inc.,NYSE,Retail-Auto Dealers & Gasoline Stations,5500,1573516,DE,1231,,,NYSE,,
MUX,McEwen Inc.,NYSE,Gold and Silver Ores,1040,314203,CO,1231,,McEwen Mining Inc.; U S GOLD CORP,NYSE,,
MVBF,MVB FINANCIAL CORP,NASDAQ,State Commercial Banks,6022,1277902,WV,1231,,,Nasdaq,,
MVIS,"MICROVISION, INC.",NASDAQ,"Electronic Components, NEC",3679,65770,DE,1231,,"MICROVISION, INC.; MICROVISION INC",Nasdaq,,
MVST,"Microvast Holdings, Inc.",NASDAQ,"Miscellaneous Electrical Machinery, Equipment & Supplies",3690,1760689,DE,1231,,Tuscan Holdings Corp.,Nasdaq,,
MWA,"Mueller Water Products, Inc.",NYSE,Miscellaneous Fabricated Metal Products,3490,1350593,DE,0930,,,NYSE,,
MWG,Multi Ways Holdings Ltd,NYSE American,Miscellaneous Manufacturing Industries,3990,1941500,,1231,,,NYSE,,
MWH,"SOLV Energy, Inc.",NASDAQ,Heavy Construction Other Than Bldg Const - Contractors,1600,2065636,DE,1231,,,Nasdaq,,
MWYN,"Marwynn Holdings, Inc.",NASDAQ,"Wholesale-Groceries, General Line",5141,2030522,NV,0430,,,Nasdaq,,
MX,MAGNACHIP SEMICONDUCTOR Corp,NYSE,Semiconductors & Related Devices,3674,1325702,DE,1231,,MAGNACHIP SEMICONDUCTOR Corp; MAGNACHIP SEMICONDUCTOR LLC,NYSE,,
MXC,MEXCO ENERGY CORP,NYSE American,Crude Petroleum & Natural Gas,1311,66418,CO,0331,,,NYSE,,
MXCT,"MAXCYTE, INC.",NASDAQ,Services-Commercial Physical & Biological Research,8731,1287098,DE,1231,,MAXCYTE INC,Nasdaq,,
MXL,"MAXLINEAR, INC",NASDAQ,Semiconductors & Related Devices,3674,1288469,,1231,,MAXLINEAR INC,Nasdaq,,
MYE,MYERS INDUSTRIES INC,NYSE,"Plastics Products, NEC",3089,69488,OH,1231,,,NYSE,,
MYFW,First Western Financial Inc,NASDAQ,State Commercial Banks,6022,1327607,CO,,,,Nasdaq,,
MYGN,MYRIAD GENETICS INC,NASDAQ,In Vitro & In Vivo Diagnostic Substances,2835,899923,DE,1231,,MYRIAD GENETICS INC,Nasdaq,,
MYO,"MYOMO, INC.",NYSE American,"Orthopedic, Prosthetic & Surgical Appliances & Supplies",3842,1369290,DE,1231,,MYOMO INC,NYSE,,
MYPS,"PLAYSTUDIOS, Inc.",NASDAQ,Services-Prepackaged Software,7372,1823878,,1231,,Acies Acquisition Corp.,Nasdaq,,
MYRG,MYR GROUP INC.,NASDAQ,"Water, Sewer, Pipeline, Comm & Power Line Construction",1623,700923,DE,1231,,MYR GROUP INC.; MYR GROUP INC; MYERS L E CO GROUP,Nasdaq,,
MYSE,"Myseum.AI, Inc.",NASDAQ,Telegraph & Other Message Communications,4822,1648960,NV,1231,,"Myseum, Inc.; DatChat, Inc.; Dat Chat, Inc","Nasdaq, Nasdaq",,
MYSZ,"My Size, Inc.",NASDAQ,Services-Prepackaged Software,7372,1211805,DE,1231,,Mysize Inc.; TOPSPIN MEDICAL INC,Nasdaq,,
MZTI,MARZETTI CO,NASDAQ,"Canned, Frozen & Preservd Fruit, Veg & Food Specialties",2030,57515,OH,0630,,LANCASTER COLONY CORP,Nasdaq,,
NA,Nano Labs Ltd,NASDAQ,Semiconductors & Related Devices,3674,1872302,E9,1231,,,Nasdaq,,
NABL,"N-able, Inc.",NYSE,Services-Prepackaged Software,7372,1834488,,1231,,"N-able, LLC; SWI Spinco, LLC",NYSE,,
NAGE,"Niagen Bioscience, Inc.",NASDAQ,Medicinal Chemicals & Botanical Products,2833,1386570,DE,1231,,"ChromaDex Corp.; CODY RESOURCES, INC.",Nasdaq,,
NAII,NATURAL ALTERNATIVES INTERNATIONAL INC,NASDAQ,Medicinal Chemicals & Botanical Products,2833,787253,DE,0630,,,Nasdaq,,
NAK,NORTHERN DYNASTY MINERALS LTD,NYSE American,Gold and Silver Ores,1040,1164771,A1,1231,,,NYSE,,
NAKA,Nakamoto Inc.,NASDAQ,Finance Services,6199,1946573,DE,1231,,"Kindly MD, Inc.","Nasdaq, OTC",,
NAMM,Namib Minerals,NASDAQ,Gold and Silver Ores,1040,2026514,E9,1231,,,"Nasdaq, Nasdaq",,
NAMS,NewAmsterdam Pharma Co N.V.,NASDAQ,Pharmaceutical Preparations,2834,1936258,P7,1231,,NewAmsterdam Pharma Co B.V.,"Nasdaq, Nasdaq",,
NAT,NORDIC AMERICAN TANKERS Ltd,NYSE,Water Transportation,4400,1000177,,1231,,NORDIC AMERICAN TANKER SHIPPING LTD,NYSE,,
NATH,"NATHANS FAMOUS, INC.",NASDAQ,Retail-Eating  Places,5812,69733,DE,0328,,NATHANS FAMOUS INC,Nasdaq,,
NATL,NCR Atleos Corp,NYSE,Calculating & Accounting Machines (No Electronic Computers),3578,1974138,MD,1231,,"NCR Atleos, LLC; NCR ATMCo, LLC",NYSE,,
NATR,NATURES SUNSHINE PRODUCTS INC,NASDAQ,Pharmaceutical Preparations,2834,275053,UT,1231,,,Nasdaq,,
NAUT,"Nautilus Biotechnology, Inc.",NASDAQ,Laboratory Analytical Instruments,3826,1808805,,1231,,ARYA Sciences Acquisition Corp III,Nasdaq,,
NAVI,NAVIENT CORP,NASDAQ,"Security Brokers, Dealers & Flotation Companies",6211,1593538,DE,1231,,New Corp,"Nasdaq, Nasdaq",,
NAVN,"Navan, Inc.",NASDAQ,Services-Prepackaged Software,7372,1639723,DE,0131,,"TripActions, Inc.",Nasdaq,,
NB,NIOCORP DEVELOPMENTS LTD,NASDAQ,Metal Mining,1000,1512228,A1,0630,,QUANTUM RARE EARTH DEVELOPMENTS CORP.,"Nasdaq, Nasdaq",,
NBBK,"NB Bancorp, Inc.",NASDAQ,"Savings Institutions, Not Federally Chartered",6036,1979330,,1231,,,Nasdaq,,
NBHC,National Bank Holdings Corp,NYSE,National Commercial Banks,6021,1475841,DE,1231,,NBH Holdings Corp.,NYSE,,
NBIS,Nebius Group N.V.,NASDAQ,"Services-Computer Programming, Data Processing, Etc.",7370,1513845,P7,,,Yandex N.V.,Nasdaq,,
NBIX,NEUROCRINE BIOSCIENCES INC,NASDAQ,"Biological Products, (No Diagnostic Substances)",2836,914475,DE,1231,,,Nasdaq,,
NBN,Northeast Bank - Common Stock,NASDAQ,,,,,,,,,,
NBR,NABORS INDUSTRIES LTD,NYSE,Drilling Oil & Gas Wells,1381,1163739,D0,1231,,,NYSE,,
NBRG,Newbridge Acquisition Ltd,NASDAQ,Blank Checks,6770,1918414,,1231,,,"Nasdaq, Nasdaq, Nasdaq",,
NBTB,NBT BANCORP INC,NASDAQ,National Commercial Banks,6021,790359,DE,1231,,,Nasdaq,,
NBTX,Nanobiotix S.A.,NASDAQ,Pharmaceutical Preparations,2834,1760854,I0,1231,,,"Nasdaq, OTC",,
NC,NACCO INDUSTRIES INC,NYSE,Bituminous Coal & Lignite Surface Mining,1221,789933,DE,1231,,,NYSE,,
NCDL,Nuveen Churchill Direct Lending Corp.,NYSE,,,1737924,MD,1231,,Nuveen Churchill BDC INC.; Nuveen Churchill BDC LLC,NYSE,,
NCEL,NewcelX Ltd.,NASDAQ,Pharmaceutical Preparations,2834,1783036,V8,1231,,NLS Pharmaceutics Ltd.,Nasdaq,,
NCEW,New Century Logistics (BVI) Ltd,NASDAQ,Arrangement of  Transportation of  Freight & Cargo,4731,1968043,D8,0930,,,Nasdaq,,
NCI,Neo-Concept International Group Holdings Ltd,NASDAQ,Apparel & Other Finishd Prods of  Fabrics & Similar Matl,2300,1916331,K3,1231,,,Nasdaq,,
NCLH,Norwegian Cruise Line Holdings Ltd.,NYSE,Water Transportation,4400,1513761,D0,1231,,,NYSE,,
NCMI,"National CineMedia, Inc.",NASDAQ,Services-Advertising,7310,1377630,DE,1231,,,Nasdaq,,
NCNO,"nCino, Inc.",NASDAQ,Services-Prepackaged Software,7372,1902733,DE,0131,,,Nasdaq,,
NCO,Southern Cross Acquisition I Corp.,NASDAQ,Blank Checks,6770,2116230,E9,1231,,,"Nasdaq, Nasdaq, Nasdaq, Nasdaq",,
NCPL,Netcapital Inc.,NASDAQ,Finance Services,6199,1414767,UT,0430,,ValueSetters Inc.; ValueSetters Corp,"Nasdaq, Nasdaq",,
NCRA,"NOCERA, INC.",NASDAQ,Agricultural Prod-Livestock & Animal Specialties,0200,1756180,NV,1231,,,Nasdaq,,
NCT,Intercont (Cayman) Ltd,NASDAQ,Deep Sea Foreign Transportation of  Freight,4412,2018529,E9,0630,,,Nasdaq,,
NCTY,The9 LTD,NASDAQ,Finance Services,6199,1296774,E9,1231,,,Nasdaq,,
NDAQ,"NASDAQ, INC.",NASDAQ,"Security & Commodity Brokers, Dealers, Exchanges & Services",6200,1120193,DE,1231,,"NASDAQ OMX GROUP, INC.; NASDAQ STOCK MARKET INC",Nasdaq,,
NDLS,NOODLES & Co,NASDAQ,Retail-Eating  Places,5812,1275158,,1229,,,Nasdaq,,
NDRA,ENDRA Life Sciences Inc.,NASDAQ,Electromedical & Electrotherapeutic Apparatus,3845,1681682,DE,1231,,Endra Inc.,Nasdaq,,
NDSN,NORDSON CORP,NASDAQ,"General Industrial Machinery & Equipment, NEC",3569,72331,OH,1031,,,Nasdaq,,
NE,Noble Corp plc,NYSE,Drilling Oil & Gas Wells,1381,1895262,X0,1231,,Noble Finco Ltd,"NYSE, NYSE, NYSE",,
NECB,"NorthEast Community Bancorp, Inc./MD/",NASDAQ,"Savings Institutions, Not Federally Chartered",6036,1847398,MD,1231,,,Nasdaq,,
NEE,NEXTERA ENERGY INC,NYSE,Electric Services,4911,753308,FL,1231,,FPL GROUP INC,"NYSE, NYSE, NYSE, NYSE, NYSE, NYSE, NYSE",,
NEE$N,"NextEra Energy Capital Holdings Inc. Series N Junior Subordinated Debentures due March 1, 2079",NYSE,,,,,,,,,,
NEE$U,"NextEra Energy, Inc. Series U Junior Subordinated Debentures due June 1, 2085",NYSE,,,,,,,,,,
NEE$W,"NextEra Energy Capital Holdings Inc. Series Z Junior Subordinated Debentures due April 15, 2086",NYSE,,,,,,,,,,
NEGG,"Newegg Commerce, Inc.",NASDAQ,"Retail-Retail Stores, NEC",5990,1474627,D8,,,Lianluo Smart Ltd; Dehaier Medical Systems Ltd,Nasdaq,,
NEM,NEWMONT Corp /DE/,NYSE,Gold and Silver Ores,1040,1164727,DE,1231,,NEWMONT GOLDCORP CORP /DE/; NEWMONT MINING CORP /DE/; DELTA HOLDCO CORP,"NYSE, OTC",,
NEO,NEOGENOMICS INC,NASDAQ,Services-Testing Laboratories,8734,1077183,NV,1231,,AMERICAN COMMUNICATIONS ENTERPRISES INC,Nasdaq,,
NEOG,NEOGEN CORP,NASDAQ,In Vitro & In Vivo Diagnostic Substances,2835,711377,MI,0531,,,Nasdaq,,
NEON,Neonode Inc.,NASDAQ,"Electronic Components, NEC",3679,87050,DE,1231,,"Neonode, Inc; SBE INC",Nasdaq,,
NEOV,NeoVolta Inc.,NASDAQ,"Miscellaneous Electrical Machinery, Equipment & Supplies",3690,1748137,NV,0630,,"NeoVolta, Inc.","Nasdaq, Nasdaq",,
NEPH,NEPHROS INC,NASDAQ,Surgical & Medical Instruments & Apparatus,3841,1196298,DE,1231,,,Nasdaq,,
NERV,"Minerva Neurosciences, Inc.",NASDAQ,Pharmaceutical Preparations,2834,1598646,MA,1231,,,Nasdaq,,
NESR,National Energy Services Reunited Corp.,NASDAQ,"Oil & Gas Field Services, NEC",1389,1698514,D8,1231,,,Nasdaq,,
NET,"Cloudflare, Inc.",NYSE,Services-Prepackaged Software,7372,1477333,DE,1231,,,NYSE,,
NEU,NEWMARKET CORP,NYSE,Industrial Organic Chemicals,2860,1282637,VA,1231,,,NYSE,,
NEUP,Neuphoria Therapeutics Inc.,NASDAQ,Pharmaceutical Preparations,2834,1191070,C3,0630,,BIONOMICS LIMITED/FI,Nasdaq,,
NEWP,NEW PACIFIC METALS CORP,NYSE American,Gold and Silver Ores,1040,1369085,A1,0630,,,NYSE,,
NEWT,"NewtekOne, Inc.",NASDAQ,National Commercial Banks,6021,1587987,MD,1231,,Newtek Business Services Corp.,"Nasdaq, Nasdaq, Nasdaq, Nasdaq, Nasdaq, Nasdaq",,
NEXA,Nexa Resources S.A.,NYSE,Metal Mining,1000,1713930,N4,1231,,VM Holding S.A.,NYSE,,
NEXM,NexMetals Mining Corp.,NASDAQ,Metal Mining,1000,795800,A1,1231,,Premium Resources Ltd.; Premium Nickel Resources Ltd.; North American Nickel Inc.; Widescope Resources Inc.; INTERNATIONAL GEMINI TECHNOLOGY INC,Nasdaq,,
NEXN,Nexxen International Ltd.,NASDAQ,"Services-Computer Programming, Data Processing, Etc.",7370,1849396,L3,1231,,Tremor International Ltd.,Nasdaq,,
NEXR,Nexera Technologies Ltd,NASDAQ,Retail-Miscellaneous Retail,5900,1885408,L3,1231,,Jeffs' Brands Ltd,"Nasdaq, Nasdaq",,
NEXT,NextDecade Corp,NASDAQ,Natural Gas Transmisison & Distribution,4923,1612720,DE,1231,,NextDecade Corp.; Harmony Merger Corp.,Nasdaq,,
NFE,New Fortress Energy Inc.,NASDAQ,Natural Gas Distribution,4924,1749723,DE,1231,,New Fortress Energy LLC; NFE Financial Holdings LLC,Nasdaq,,
NFG,NATIONAL FUEL GAS CO,NYSE,Natural Gas Distribution,4924,70145,NJ,0930,,,NYSE,,
NFGC,New Found Gold Corp.,NYSE American,Gold and Silver Ores,1040,1840616,A1,1231,,,NYSE,,
NFLX,NETFLIX INC,NASDAQ,Services-Video Tape Rental,7841,1065280,DE,1231,,NETFLIX COM INC,Nasdaq,,
NG,NOVAGOLD RESOURCES INC,NYSE American,Gold and Silver Ores,1040,1173420,A1,1130,,,NYSE,,
NGEN,NERVGEN PHARMA CORP.,NASDAQ,Pharmaceutical Preparations,2834,1751912,A1,1231,,,Nasdaq,,
NGNE,Neurogene Inc.,NASDAQ,Pharmaceutical Preparations,2834,1404644,,1231,,"Neoleukin Therapeutics, Inc.; AQUINOX PHARMACEUTICALS, INC; AQUINOX PHARMACEUTICALS (USA) INC",Nasdaq,,
NGS,NATURAL GAS SERVICES GROUP INC,NYSE,"Oil & Gas Field Services, NEC",1389,1084991,,1231,,,NYSE,,
NGVC,"Natural Grocers by Vitamin Cottage, Inc.",NYSE,Retail-Grocery Stores,5411,1547459,DE,0930,,,NYSE,,
NGVT,Ingevity Corp,NYSE,Chemicals & Allied Products,2800,1653477,DE,1231,,,NYSE,,
NHC,NATIONAL HEALTHCARE CORP,NYSE American,Services-Skilled Nursing Care Facilities,8051,1047335,DE,1231,,,NYSE,,
NHI,NATIONAL HEALTH INVESTORS INC,NYSE,Real Estate Investment Trusts,6798,877860,MD,1231,,,NYSE,,
NHIC,NewHold Investment Corp. III,NASDAQ,Blank Checks,6770,2043699,,1231,,,"Nasdaq, Nasdaq, Nasdaq",,
NHIV,NewHold Investment Corp IV,NASDAQ,Blank Checks,6770,2099767,E9,1231,,,"Nasdaq, Nasdaq, Nasdaq",,
NHP,"National Healthcare Properties, Inc.",NASDAQ,Real Estate Investment Trusts,6798,1561032,MD,1231,,"Healthcare Trust, Inc.; American Realty Capital Healthcare Trust II, Inc.","Nasdaq, OTC, Nasdaq, Nasdaq",,
NHTC,NATURAL HEALTH TRENDS CORP,NASDAQ,Wholesale-Miscellaneous Nondurable Goods,5190,912061,DE,1231,,,Nasdaq,,
NI,NISOURCE INC.,NYSE,Electric & Other Services Combined,4931,1111711,DE,1231,,NISOURCE INC/DE; NEW NISOURCE INC,NYSE,,
NIC,NICOLET BANKSHARES INC,NYSE,National Commercial Banks,6021,1174850,WI,1231,,,NYSE,,
NIKI,"Niki BioSolutions, Inc.",NASDAQ,"Measuring & Controlling Devices, NEC",3829,1734005,E9,1231,,Aptorum Group Ltd,Nasdaq,,
NINE,"Nine Energy Service, Inc.",NYSE American,"Oil & Gas Field Services, NEC",1389,1532286,DE,1231,,"NSC-Tripoint, Inc.",NYSE,,
NIQ,NIQ Global Intelligence plc,NYSE,"Services-Computer Programming, Data Processing, Etc.",7370,2054696,L2,1231,,NIQ Global Intelligence plc; NIQ Global Intelligence Ltd,NYSE,,
NIVF,NewGenIvf Group Ltd,NASDAQ,"Services-Misc Health & Allied Services, NEC",8090,1981662,D8,,,ASPAC I Mini Acquisition Corp.,"Nasdaq, Nasdaq",,
NIXX,"Nixxy, Inc.",NASDAQ,Services-Computer Programming Services,7371,1462223,NV,1231,,"Recruiter.com Group, Inc.; TRULI TECHNOLOGIES, INC.; Truli Media Group, Inc.; SA Recovery Corp.",Nasdaq,,
NJR,NEW JERSEY RESOURCES CORP,NYSE,Natural Gas Distribution,4924,356309,NJ,0930,,,NYSE,,
NKE,"NIKE, Inc.",NYSE,Rubber & Plastics Footwear,3021,320187,OR,0531,,NIKE INC,NYSE,,
NKLR,Terra Innovatum Global N.V.,NASDAQ,Fabricated Plate Work (Boiler Shops),3443,2067627,L6,1231,,Terra Innovatum Global S.R.L.,Nasdaq,,
NKSH,NATIONAL BANKSHARES INC,NASDAQ,National Commercial Banks,6021,796534,VA,1231,,,Nasdaq,,
NKTR,NEKTAR THERAPEUTICS,NASDAQ,Pharmaceutical Preparations,2834,906709,DE,1231,,INHALE THERAPEUTIC SYSTEMS INC; INHALE THERAPEUTIC SYSTEMS,Nasdaq,,
NKTX,"Nkarta, Inc.",NASDAQ,Pharmaceutical Preparations,2834,1787400,DE,1231,,,Nasdaq,,
NL,"NLI HOLDINGS, INC.",NYSE,Industrial Inorganic Chemicals,2810,72162,DE,1231,,NL INDUSTRIES INC,NYSE,,
NLOP,Net Lease Office Properties,NYSE,Real Estate Investment Trusts,6798,1952976,MD,1231,,,NYSE,,
NLY,ANNALY CAPITAL MANAGEMENT INC,NYSE,Real Estate Investment Trusts,6798,1043219,MD,1231,,ANNALY MORTGAGE MANAGEMENT INC,"NYSE, NYSE, NYSE, NYSE, NYSE",,
NLY$F,Annaly Capital Management Inc 6.95% Series F,NYSE,,,,,,,,,,
NMAD,"NOMAD POWER SOLUTIONS, INC.",NASDAQ,Pharmaceutical Preparations,2834,1335105,DE,1231,,"LIXTE BIOTECHNOLOGY HOLDINGS, INC.; SRKP 7 INC",Nasdaq,,
NMAX,Newsmax Inc.,NYSE,Television Broadcasting Stations,4833,2026478,FL,,,,NYSE,,
NMFC,New Mountain Finance Corp,NASDAQ,,,1496099,X1,1231,,New Mountain Guardian Corp,"Nasdaq, Nasdaq",,
NMG,Nouveau Monde Graphite Inc.,NYSE,Miscellaneous Metal Ores,1090,1649752,Z4,1231,,Nouveau Monde Mining Enterprises Inc.,NYSE,,
NMIH,"NMI Holdings, Inc.",NASDAQ,Surety Insurance,6351,1547903,CA,1231,,,Nasdaq,,
NMRA,"Neumora Therapeutics, Inc.",NASDAQ,"Biological Products, (No Diagnostic Substances)",2836,1885522,DE,1231,,,Nasdaq,,
NMRK,"NEWMARK GROUP, INC.",NASDAQ,Real Estate Agents & Managers (For Others),6531,1690680,DE,1231,,"NRE DELAWARE, INC.",Nasdaq,,
NMTC,NEUROONE MEDICAL TECHNOLOGIES Corp,NASDAQ,Surgical & Medical Instruments & Apparatus,3841,1500198,DE,0930,,"Original Source Entertainment, Inc.",Nasdaq,,
NN,NEXTNAV INC.,NASDAQ,"Search, Detection, Navigation, Guidance, Aeronautical Sys",3812,1865631,DE,1231,,Spartacus Acquisition Shelf Corp.,"Nasdaq, OTC",,
NNBR,NN INC,NASDAQ,Metalworkg Machinery & Equipment,3540,918541,DE,1231,,NN INC; NN BALL & ROLLER INC,Nasdaq,,
NNE,Nano Nuclear Energy Inc.,NASDAQ,Electric Services,4911,1923891,NV,0930,,,Nasdaq,,
NNI,NELNET INC,NYSE,Personal Credit Institutions,6141,1258602,NE,1231,,,NYSE,,
NNN,"NNN REIT, INC.",NYSE,Real Estate Investment Trusts,6798,751364,MD,1231,,"NATIONAL RETAIL PROPERTIES, INC.; COMMERCIAL NET LEASE REALTY INC",NYSE,,
NNNN,Anbio Biotechnology,NASDAQ,In Vitro & In Vivo Diagnostic Substances,2835,1982708,E9,1231,,,Nasdaq,,
NNOX,Nano-X Imaging Ltd.,NASDAQ,X-Ray Apparatus & Tubes & Related Irradiation Apparatus,3844,1795251,L3,1231,,,Nasdaq,,
NNVC,"NANOVIRICIDES, INC.",NYSE American,Pharmaceutical Preparations,2834,1379006,DE,0630,,,NYSE,,
NOA,North American Construction Group Ltd.,NYSE,"Oil & Gas Field Services, NEC",1389,1368519,A0,1231,,North American Energy Partners Inc.; NACG Holdings Inc.,NYSE,,
NOC,NORTHROP GRUMMAN CORP /DE/,NYSE,"Search, Detection, Navigation, Guidance, Aeronautical Sys",3812,1133421,,1231,,NNG INC,NYSE,,
NODK,"NI Holdings, Inc.",NASDAQ,"Fire, Marine & Casualty Insurance",6331,1681206,,1231,,"NI Holdings, Inc.",Nasdaq,,
NOEM,CO2 Energy Transition Corp.,NASDAQ,Blank Checks,6770,1956648,,1231,,,"Nasdaq, Nasdaq, Nasdaq, Nasdaq",,
NOG,"NORTHERN OIL & GAS, INC.",NYSE,Crude Petroleum & Natural Gas,1311,1104485,,1231,,KENTEX PETROLEUM INC,NYSE,,
NOMA,Nomadar Corp.,NASDAQ,Services-Amusement & Recreation Services,7900,1994214,DE,1231,,"Sportech City USA, Corp.",Nasdaq,,
NOMD,Nomad Foods Ltd,NYSE,Food and Kindred Products,2000,1651717,D8,1231,,,NYSE,,
NOV,NOV Inc.,NYSE,Oil & Gas Field Machinery & Equipment,3533,1021860,DE,1231,,NATIONAL OILWELL VARCO INC; NATIONAL OILWELL INC,NYSE,,
NOVT,NOVANTA INC,NASDAQ,"Miscellaneous Electrical Machinery, Equipment & Supplies",3690,1076930,A3,1231,,GSI GROUP INC; GSI LUMONICS INC; GSI LUMONICS; LUMONICS INC,"Nasdaq, Nasdaq",,
NOW,"ServiceNow, Inc.",NYSE,Services-Prepackaged Software,7372,1373715,DE,1231,,SERVICE-NOW.COM,NYSE,,
NP,Neptune Insurance Holdings Inc.,NYSE,"Insurance Agents, Brokers & Service",6411,2067129,DE,1231,,"Neptune Insurance Holdings, Inc.",NYSE,,
NPB,NORTHPOINTE BANCSHARES INC,NYSE,State Commercial Banks,6022,1336706,MI,,,,NYSE,,
NPCE,NeuroPace Inc,NASDAQ,Surgical & Medical Instruments & Apparatus,3841,1528287,DE,1231,,,Nasdaq,,
NPK,NATIONAL PRESTO INDUSTRIES INC,NYSE,"Ordnance & Accessories, (No Vehicles/Guided Missiles)",3480,80172,WI,1231,,,NYSE,,
NPKI,NPK International Inc.,NYSE,Services-Miscellaneous Equipment Rental & Leasing,7350,71829,DE,1231,,NEWPARK RESOURCES INC,NYSE,,
NPO,Enpro Inc.,NYSE,"Gaskets, Packg & Sealg Devices & Rubber & Plastics Hose",3050,1164863,NC,1231,,"ENPRO INDUSTRIES, INC; ENPRO INDUSTRIES INC",NYSE,,
NPT,Texxon Holding Ltd,NASDAQ,Wholesale-Chemicals & Allied Products,5160,2014337,E9,1231,,,Nasdaq,,
NPWR,Net Power Inc.,NYSE,Electrical Industrial Apparatus,3620,1845437,DE,1231,,Rice Acquisition Corp. II,"NYSE, NYSE",,
NRC,NRC HEALTH,NASDAQ,Services-Commercial Physical & Biological Research,8731,70487,DE,1231,,NATIONAL RESEARCH CORP,Nasdaq,,
NRDS,"NERDWALLET, INC.",NASDAQ,Services-Computer Processing & Data Preparation,7374,1625278,DE,1231,,,Nasdaq,,
NRDY,Nerdy Inc.,NYSE,Services-Educational Services,8200,1819404,DE,1231,,TPG Pace Tech Opportunities Corp.,NYSE,,
NREF,"NexPoint Real Estate Finance, Inc.",NYSE,Real Estate Investment Trusts,6798,1786248,MD,1231,,,"NYSE, NYSE",,
NRG,"NRG ENERGY, INC.",NYSE,Electric Services,4911,1013871,DE,1231,,"NRG ENERGY, INC.; NRG ENERGY INC",NYSE,,
NRGV,"Energy Vault Holdings, Inc.",NYSE,"Miscellaneous Electrical Machinery, Equipment & Supplies",3690,1828536,DE,1231,,"Energy Vault Holdings, Inc.; Novus Capital Corp II",NYSE,,
NRIM,NORTHRIM BANCORP INC,NASDAQ,"Savings Institution, Federally Chartered",6035,1163370,AK,1231,,,Nasdaq,,
NRIX,"Nurix Therapeutics, Inc.",NASDAQ,Pharmaceutical Preparations,2834,1549595,DE,1130,,"Nurix, Inc.",Nasdaq,,
NRP,NATURAL RESOURCE PARTNERS LP,NYSE,Bituminous Coal & Lignite Surface Mining,1221,1171486,DE,1231,,,NYSE,,
NRSN,NeuroSense Therapeutics Ltd.,NASDAQ,Pharmaceutical Preparations,2834,1875091,L3,1231,,,"Nasdaq, Nasdaq",,
NRXP,"NRX Pharmaceuticals, Inc.",NASDAQ,Pharmaceutical Preparations,2834,1719406,DE,1231,,Big Rock Partners Acquisition Corp.,Nasdaq,,
NRXS,"Neuraxis, INC",NYSE American,Electromedical & Electrotherapeutic Apparatus,3845,1933567,DE,1231,,,NYSE,,
NSC,NORFOLK SOUTHERN CORP,NYSE,"Railroads, Line-Haul Operating",4011,702165,VA,1231,,,NYSE,,
NSIT,INSIGHT ENTERPRISES INC,NASDAQ,Retail-Catalog & Mail-Order Houses,5961,932696,DE,1231,,,Nasdaq,,
NSP,"INSPERITY, INC.",NYSE,Services-Help Supply Services,7363,1000753,DE,1231,,ADMINISTAFF INC \DE\,NYSE,,
NSPR,"InspireMD, Inc.",NASDAQ,Surgical & Medical Instruments & Apparatus,3841,1433607,DE,1231,,"Saguaro Resources, Inc.",Nasdaq,,
NSRX,Nasus Pharma Ltd,NYSE American,Pharmaceutical Preparations,2834,2029039,L3,1231,,,NYSE,,
NSSC,"NAPCO SECURITY TECHNOLOGIES, INC",NASDAQ,"Communications Equipment, NEC",3669,69633,DE,0630,,NAPCO SECURITY SYSTEMS INC,Nasdaq,,
NSTS,"NSTS Bancorp, Inc.",NASDAQ,"Savings Institution, Federally Chartered",6035,1881592,,1231,,,Nasdaq,,
NSYS,NORTECH SYSTEMS INC,NASDAQ,"Electronic Components, NEC",3679,722313,MN,1231,,,Nasdaq,,
NTAP,"NetApp, Inc.",NASDAQ,Computer Storage Devices,3572,1002047,CA,0424,,NETWORK APPLIANCE INC,Nasdaq,,
NTB,Bank of N.T. Butterfield & Son Ltd,NYSE,"Commercial Banks, NEC",6029,1653242,D0,1231,,,NYSE,,
NTCL,NetClass Technology Inc,NASDAQ,Services-Prepackaged Software,7372,1927578,E9,,,,Nasdaq,,
NTCT,NETSCOUT SYSTEMS INC,NASDAQ,Services-Computer Integrated Systems Design,7373,1078075,DE,0331,,NETSCOUT SYSTEMS INC,Nasdaq,,
NTGR,"NETGEAR, INC.",NASDAQ,Computer Communications Equipment,3576,1122904,DE,1231,,"NETGEAR, INC; NETGEAR INC",Nasdaq,,
NTHI,"NEONC TECHNOLOGIES HOLDINGS, INC.",NASDAQ,Pharmaceutical Preparations,2834,1979414,DE,1231,,,Nasdaq,,
NTIC,NORTHERN TECHNOLOGIES INTERNATIONAL CORP,NASDAQ,"Coating, Engraving & Allied Services",3470,875582,DE,0831,,,Nasdaq,,
NTIP,"NETWORK-1 TECHNOLOGIES, INC.",NYSE American,Patent Owners & Lessors,6794,1065078,MA,1231,,NETWORK 1 TECHNOLOGIES INC; NETWORK 1 SECURITY SOLUTIONS INC,NYSE,,
NTLA,"Intellia Therapeutics, Inc.",NASDAQ,In Vitro & In Vivo Diagnostic Substances,2835,1652130,DE,1231,,,Nasdaq,,
NTNX,"Nutanix, Inc.",NASDAQ,Services-Prepackaged Software,7372,1618732,DE,0731,,,Nasdaq,,
NTR,Nutrien Ltd.,NYSE,Agricultural Chemicals,2870,1725964,Z4,1231,,,NYSE,,
NTRA,"Natera, Inc.",NASDAQ,Services-Medical Laboratories,8071,1604821,DE,1231,,"Natera, Inc.",Nasdaq,,
NTRB,NutriBand Inc.,NASDAQ,"Orthopedic, Prosthetic & Surgical Appliances & Supplies",3842,1676047,NV,0131,,,"Nasdaq, Nasdaq",,
NTRP,"NextTrip, Inc.",NASDAQ,Transportation Services,4700,788611,,0228,,"SIGMA ADDITIVE SOLUTIONS, INC.; SIGMA LABS, INC.; FRAMEWAVES INC; MESSIDOR LTD",Nasdaq,,
NTSK,Netskope Inc,NASDAQ,Services-Prepackaged Software,7372,2063196,DE,0131,,,Nasdaq,,
NTST,NETSTREIT Corp.,NYSE,Real Estate Investment Trusts,6798,1798100,MD,1231,,,NYSE,,
NTWK,NETSOL TECHNOLOGIES INC,NASDAQ,Services-Prepackaged Software,7372,1039280,NV,0630,,NETSOL INTERNATIONAL INC; MIRAGE HOLDINGS INC,Nasdaq,,
NU,Nu Holdings Ltd.,NYSE,Finance Services,6199,1691493,E9,1231,,,NYSE,,
NUAI,"New ERA Energy & Digital, Inc.",NASDAQ,Crude Petroleum & Natural Gas,1311,2028336,NV,1231,,"NEW ERA HELIUM INC.; Roth CH V Holdings, Inc.","Nasdaq, Nasdaq",,
NUCL,Eagle Nuclear Energy Corp.,NASDAQ,Miscellaneous Metal Ores,1090,2089283,NV,1130,,,"Nasdaq, Nasdaq",,
NUE,NUCOR CORP,NYSE,"Steel Works, Blast Furnaces & Rolling Mills (Coke Ovens)",3312,73309,DE,1231,,,NYSE,,
NUR,Nuran Wireless Inc.,NASDAQ,Computer Communications Equipment,3576,1680637,A1,1231,,,Nasdaq,,
NUS,"NU SKIN ENTERPRISES, INC.",NYSE,"Wholesale-Drugs, Proprietaries & Druggists' Sundries",5122,1021561,DE,1231,,NU SKIN ENTERPRISES INC; NU SKIN ASIA PACIFIC INC; NU SKIN ASIA INC,NYSE,,
NUTX,Nutex Health Inc.,NASDAQ,"Services-Business Services, NEC",7389,1479681,DE,1231,,"Nutex Health, Inc.; Clinigence Holdings, Inc.; iGambit, Inc.",Nasdaq,,
NUVB,Nuvation Bio Inc.,NYSE,Pharmaceutical Preparations,2834,1811063,DE,1231,,Panacea Acquisition Corp,NYSE,,
NUWE,"Nuwellis, Inc.",NASDAQ,Electromedical & Electrotherapeutic Apparatus,3845,1506492,DE,1231,,"CHF Solutions, Inc.; Sunshine Heart, Inc.",Nasdaq,,
NVA,Nova Minerals Corp,NYSE American,Gold and Silver Ores,1040,1852551,NV,0630,,Nova Minerals Ltd,"NYSE, NYSE",,
NVAX,NOVAVAX INC,NASDAQ,"Biological Products, (No Diagnostic Substances)",2836,1000694,DE,1231,,,Nasdaq,,
NVCR,NovoCure Ltd,NASDAQ,Surgical & Medical Instruments & Apparatus,3841,1645113,,1231,,,Nasdaq,,
NVCT,"Nuvectis Pharma, Inc.",NASDAQ,Pharmaceutical Preparations,2834,1875558,DE,1231,,,Nasdaq,,
NVDA,NVIDIA CORP,NASDAQ,Semiconductors & Related Devices,3674,1045810,DE,0131,,NVIDIA CORP/CA,Nasdaq,,
NVEC,NVE CORP /NEW/,NASDAQ,Semiconductors & Related Devices,3674,724910,MN,0331,,PREMIS CORP,Nasdaq,,
NVGS,Navigator Holdings Ltd.,NYSE,Deep Sea Foreign Transportation of  Freight,4412,1581804,1T,1231,,,NYSE,,
NVMI,NOVA LTD.,NASDAQ,Optical Instruments & Lenses,3827,1109345,,1231,,NOVA MEASURING INSTRUMENTS LTD,Nasdaq,,
NVNI,Nvni Group Ltd,NASDAQ,Services-Prepackaged Software,7372,1965143,E9,1231,,,"Nasdaq, Nasdaq",,
NVNO,enVVeno Medical Corp,NASDAQ,Surgical & Medical Instruments & Apparatus,3841,1661053,DE,1231,,"Hancock Jaffe Laboratories, Inc.",Nasdaq,,
NVO,NOVO NORDISK A S,NYSE,Pharmaceutical Preparations,2834,353278,,1231,,,"NYSE, OTC",,
NVR,NVR INC,NYSE,Operative Builders,1531,906163,VA,1231,,,NYSE,,
NVRI,Enviri Corp,NYSE,Refuse Systems,4953,2104052,DE,1231,,Enviri II Corp,NYSE,,
NVS,NOVARTIS AG,NYSE,Pharmaceutical Preparations,2834,1114448,V8,1231,,,"NYSE, OTC",,
NVST,Envista Holdings Corp,NYSE,Dental Equipment & Supplies,3843,1757073,DE,1231,,,NYSE,,
NVT,nVent Electric plc,NYSE,Special Industry Machinery (No Metalworking Machinery),3550,1720635,L2,1231,,,NYSE,,
NVTS,Navitas Semiconductor Corp,NASDAQ,Semiconductors & Related Devices,3674,1821769,DE,1231,,Live Oak Acquisition Corp II,Nasdaq,,
NVX,NOVONIX Ltd,NASDAQ,"Miscellaneous Electrical Machinery, Equipment & Supplies",3690,1859795,C3,1231,,,"Nasdaq, OTC",,
NWAX,New America Acquisition I Corp.,NYSE,Blank Checks,6770,2074878,FL,1231,,,"NYSE, NYSE, NYSE",,
NWBI,"Northwest Bancshares, Inc.",NASDAQ,National Commercial Banks,6021,1471265,MD,1231,,,Nasdaq,,
NWE,"NorthWestern Energy Group, Inc.",NASDAQ,Electric & Other Services Combined,4931,1993004,DE,1231,,,Nasdaq,,
NWFL,NORWOOD FINANCIAL CORP,NASDAQ,State Commercial Banks,6022,1013272,PA,1231,,,Nasdaq,,
NWL,NEWELL BRANDS INC.,NASDAQ,"Plastics Products, NEC",3089,814453,DE,1231,,"NEWELL BRANDS, INC.; NEWELL BRANDS INC; NEWELL RUBBERMAID INC; NEWELL CO",Nasdaq,,
NWN,Northwest Natural Holding Co,NYSE,Natural Gas Distribution,4924,1733998,OR,1231,,,NYSE,,
NWPX,"NWPX Infrastructure, Inc.",NASDAQ,Steel Pipe & Tubes,3317,1001385,OR,1231,,NORTHWEST PIPE CO,Nasdaq,,
NWS,NEWS CORP,NASDAQ,Newspapers: Publishing or  Publishing & Printing,2711,1564708,DE,0630,,New Newscorp Inc; New Newscorp LLC,"Nasdaq, Nasdaq, OTC",,
NWSA,NEWS CORP,NASDAQ,Newspapers: Publishing or  Publishing & Printing,2711,1564708,DE,0630,,New Newscorp Inc; New Newscorp LLC,"Nasdaq, Nasdaq, OTC",,
NWTG,"Newton Golf Company, Inc.",NASDAQ,"Sporting & Athletic Goods, NEC",3949,1934245,DE,1231,,"Sacks Parente Golf, Inc.",Nasdaq,,
NX,Quanex Building Products CORP,NYSE,Rolling Drawing & Extruding of  Nonferrous Metals,3350,1423221,DE,1031,,,NYSE,,
NXAT,Nexus Advanced Technologies Inc.,NASDAQ,Services-Allied To Motion Picture Production,7819,2000756,E9,1231,,K Wave Media Ltd.,"Nasdaq, Nasdaq",,
NXB,NextBoat Inc.,NYSE American,Ship & Boat Building & Repairing,3730,2067767,NV,1231,,OFF THE HOOK YS INC.,NYSE,,
NXDR,"Nextdoor Holdings, Inc.",NYSE,"Services-Computer Programming, Data Processing, Etc.",7370,1846069,DE,1231,,Khosla Ventures Acquisition Co. II,NYSE,,
NXE,NexGen Energy Ltd.,NYSE,Miscellaneous Metal Ores,1090,1698535,A1,1231,,,NYSE,,
NXGL,"NEXGEL, INC.",NASDAQ,Surgical & Medical Instruments & Apparatus,3841,1468929,DE,1231,,"NEXGEL, INC.; AquaMed Technologies, Inc.","Nasdaq, Nasdaq",,
NXH,"Neighborhood Intelligence, Inc.  - Common Stock",NASDAQ,,,,,,,,,,
NXL,"Nexalin Technology, Inc.",NASDAQ,Electromedical & Electrotherapeutic Apparatus,3845,1527352,DE,1231,,,Nasdaq,,
NXP,NUVEEN SELECT TAX FREE INCOME PORTFOLIO,NYSE,,,883618,,0331,,,NYSE,,
NXPI,NXP Semiconductors N.V.,NASDAQ,Semiconductors & Related Devices,3674,1413447,,1231,,KASLION Acquisition B.V.,Nasdaq,,
NXPL,NextPlat Corp,NASDAQ,Telephone Communications (No Radiotelephone),4813,1058307,NV,1231,,"ORBSAT CORP; Orbital Tracking Corp.; Great West Resources, Inc.; SILVER HORN MINING LTD.; ECLIPS MEDIA TECHNOLOGIES, INC.; ECLIPS ENERGY TECHNOLOGIES, INC.; WORLD ENERGY SOLUTIONS, INC.; ADVANCED 3-D ULTRASOUND SERVICES INC; YSEEK INC; SWIFTY CARWASH & QUIK LUBE INC",Nasdaq,,
NXST,"NEXSTAR MEDIA GROUP, INC.",NASDAQ,Television Broadcasting Stations,4833,1142417,DE,1231,,NEXSTAR BROADCASTING GROUP INC,Nasdaq,,
NXT,Nextpower Inc.,NASDAQ,Semiconductors & Related Devices,3674,1852131,DE,0331,,Nextracker Inc.; Nextracker LLC,Nasdaq,,
NXTC,"NextCure, Inc.",NASDAQ,Pharmaceutical Preparations,2834,1661059,DE,1231,,,Nasdaq,,
NXTS,Nexentis Technologies Inc.,NASDAQ,Pharmaceutical Preparations,2834,1789192,NV,1231,,"N2OFF, Inc.; Save Foods, Inc.; Save Foods Inc.",Nasdaq,,
NXTT,Next Technology Holding Inc.,NASDAQ,Services-Computer Processing & Data Preparation,7374,1784970,WY,1231,,WeTrade Group Inc.; WETRADE GROUP INC.,Nasdaq,,
NXXT,"NEXTNRG, INC.",NASDAQ,Retail-Auto Dealers & Gasoline Stations,5500,1817004,DE,1231,,EzFill Holdings Inc,Nasdaq,,
NYAX,Nayax Ltd.,NASDAQ,Services-Prepackaged Software,7372,1901279,L3,1231,,,Nasdaq,,
NYC,American Strategic Investment Co.,NYSE,Real Estate Investment Trusts,6798,1595527,MD,1231,,"New York City REIT, Inc.; American Realty Capital New York City REIT, Inc.; American Realty Captal New York City REIT, Inc.",NYSE,,
NYT,NEW YORK TIMES CO,NYSE,Newspapers: Publishing or  Publishing & Printing,2711,71691,NY,1231,,,NYSE,,
NYXH,Nyxoah SA,NASDAQ,Surgical & Medical Instruments & Apparatus,3841,1857190,C9,1231,,,Nasdaq,,
O,REALTY INCOME CORP,NYSE,Real Estate Investment Trusts,6798,726728,MD,1231,,,NYSE,,
OABI,"OmniAb, Inc.",NASDAQ,Services-Commercial Physical & Biological Research,8731,1846253,DE,1231,,Avista Public Acquisition Corp. II,"Nasdaq, Nasdaq",,
OBA,Oxley Bridge Acquisition Ltd,NASDAQ,Blank Checks,6770,2034313,E9,1231,,,"Nasdaq, Nasdaq, Nasdaq",,
OBAI,"Our Bond, Inc.",NASDAQ,"Communications Services, NEC",4899,1756064,DE,1231,,"TG-17, Inc.",Nasdaq,,
OBDC,Blue Owl Capital Corp,NYSE,,,1655888,MD,1231,,Owl Rock Capital Corp,NYSE,,
OBE,OBSIDIAN ENERGY LTD.,NYSE American,Crude Petroleum & Natural Gas,1311,1334388,A0,1231,,PENN WEST PETROLEUM LTD.; PENN WEST ENERGY TRUST,NYSE,,
OBIO,"Orchestra BioMed Holdings, Inc.",NASDAQ,Surgical & Medical Instruments & Apparatus,3841,1814114,DE,1231,,Health Sciences Acquisitions Corp 2,Nasdaq,,
OBK,"Origin Bancorp, Inc.",NYSE,State Commercial Banks,6022,1516912,LA,1231,,"Origin Bancorp, Inc. Attn: Chase Anderson; Community Trust Financial Corp",NYSE,,
OBT,"Orange County Bancorp, Inc. /DE/",NASDAQ,State Commercial Banks,6022,1754226,DE,1231,,,Nasdaq,,
OBX,"Obsidian Therapeutics, Inc.",NASDAQ,Pharmaceutical Preparations,2834,2130606,,1231,,"Gazelle Parent, Inc.",Nasdaq,,
OC,Owens Corning,NYSE,"Abrasive, Asbestos & Misc Nonmetallic Mineral Prods",3290,1370946,DE,1231,,Owens Corning (Reorganized) Inc.,NYSE,,
OCC,OPTICAL CABLE CORP,NASDAQ,Drawing & Insulating of  Nonferrous Wire,3357,1000230,VA,1031,,,Nasdaq,,
OCFC,OCEANFIRST FINANCIAL CORP,NASDAQ,National Commercial Banks,6021,1004702,DE,1231,,OCEAN FINANCIAL CORP,Nasdaq,,
OCG,Oriental Culture Holding LTD,NASDAQ,Services-Miscellaneous Business Services,7380,1776067,E9,1231,,,Nasdaq,,
OCGN,"Ocugen, Inc.",NASDAQ,"Biological Products, (No Diagnostic Substances)",2836,1372299,DE,1231,,HISTOGENICS CORP,Nasdaq,,
OCS,Oculis Holding AG,NASDAQ,Pharmaceutical Preparations,2834,1953530,V8,1231,,,"Nasdaq, Nasdaq",,
OCTV,Octave Intelligence plc,NASDAQ,Services-Prepackaged Software,7372,2083632,L2,1231,,Octave Intelligence Ltd,"Nasdaq, OTC",,
OCUL,"OCULAR THERAPEUTIX, INC",NASDAQ,Pharmaceutical Preparations,2834,1393434,DE,1231,,I-THERAPEUTIX INC,Nasdaq,,
ODC,Oil-Dri Corp of America,NYSE,Miscellaneous Manufacturing Industries,3990,74046,DE,0731,,OIL DRI CORP OF AMERICA; OIL DRI CORPORATION OF AMERICA,NYSE,,
ODD,Oddity Tech Ltd,NASDAQ,"Perfumes, Cosmetics & Other Toilet Preparations",2844,1907085,L3,1231,,,Nasdaq,,
ODFL,"OLD DOMINION FREIGHT LINE, INC.",NASDAQ,Trucking (No Local),4213,878927,VA,1231,,OLD DOMINION FREIGHT LINE INC/VA,Nasdaq,,
ODTX,"Odyssey Therapeutics, Inc.",NASDAQ,"Biological Products, (No Diagnostic Substances)",2836,1882782,DE,1231,,,Nasdaq,,
ODYS,Odysight.ai Inc.,NASDAQ,Services-Computer Integrated Systems Design,7373,1577445,,1231,,ScoutCam Inc.; Intellisense Solutions Inc.,Nasdaq,,
OEC,Orion S.A.,NYSE,Miscellaneous Chemical Products,2890,1609804,,1231,,Orion Engineered Carbons S.A.; Orion Engineered Carbons S.a r.l.,NYSE,,
OESX,"ORION ENERGY SYSTEMS, INC.",NASDAQ,Electric Lighting & Wiring Equipment,3640,1409375,WI,0331,,,Nasdaq,,
OFAL,OFA Group,NASDAQ,Services-Engineering Services,8711,2036307,E9,0331,,,Nasdaq,,
OFG,OFG BANCORP,NYSE,State Commercial Banks,6022,1030469,PR,1231,,ORIENTAL FINANCIAL GROUP INC,NYSE,,
OFIX,Orthofix Medical Inc.,NASDAQ,Surgical & Medical Instruments & Apparatus,3841,884624,,1223,,ORTHOFIX INTERNATIONAL N V,Nasdaq,,
OFLX,"Omega Flex, Inc.",NASDAQ,"Heating Equip, Except Elec & Warm Air; & Plumbing Fixtures",3430,1317945,PA,1231,,,Nasdaq,,
OFRM,"Once Upon a Farm, PBC",NYSE,Food and Kindred Products,2000,1696556,DE,1231,,"Once Upon a Farm, LLC",NYSE,,
OGC,OceanaGold Corp,NYSE,Metal Mining,1000,1487326,A1,1231,,,NYSE,,
OGE,OGE ENERGY CORP.,NYSE,Electric Services,4911,1021635,OK,1231,,OGE ENERGY CORP,NYSE,,
OGEN,ORAGENICS INC,NYSE American,Pharmaceutical Preparations,2834,1174940,FL,1231,,,NYSE,,
OGG,Osisko Gold Group Inc.,NYSE,Gold and Silver Ores,1040,1431852,Z4,1231,,Osisko Development Corp.; Ringbolt Ventures Ltd.,"NYSE, Nasdaq, OTC",,
OGI,ORGANIGRAM GLOBAL INC.,NASDAQ,Pharmaceutical Preparations,2834,1620737,Z4,0930,,ORGANIGRAM HOLDINGS INC.; ORGANIGRAM HOLDINGS INC,Nasdaq,,
OGN,Organon & Co.,NYSE,Pharmaceutical Preparations,2834,1821825,,1231,,,NYSE,,
OGS,"ONE Gas, Inc.",NYSE,Natural Gas Distribution,4924,1587732,OK,1231,,,NYSE,,
OHI,OMEGA HEALTHCARE INVESTORS INC,NYSE,Real Estate Investment Trusts,6798,888491,MD,1231,,,NYSE,,
OI,"O-I Glass, Inc. /DE/",NYSE,Glass Containers,3221,812074,DE,1231,,OWENS ILLINOIS INC /DE/,NYSE,,
OII,OCEANEERING INTERNATIONAL INC,NYSE,"Oil & Gas Field Services, NEC",1389,73756,DE,1231,,,NYSE,,
OIO,OIO Group,NASDAQ,Refuse Systems,4953,1957538,E9,,,ESGL Holdings Ltd,"Nasdaq, Nasdaq",,
OIS,"OIL STATES INTERNATIONAL, INC",NYSE,Oil & Gas Field Machinery & Equipment,3533,1121484,DE,1231,,OIL STATES INTERNATIONAL INC,NYSE,,
OKE,ONEOK INC /NEW/,NYSE,Natural Gas Transmisison & Distribution,4923,1039684,OK,1231,,ONEOK INC /NEW/; WAI INC,NYSE,,
OKLO,Oklo Inc.,NYSE,Electric Services,4911,1849056,DE,1231,,AltC Acquisition Corp.,NYSE,,
OKTA,"Okta, Inc.",NASDAQ,Services-Prepackaged Software,7372,1660134,DE,0131,,,Nasdaq,,
OKUR,"OnKure Therapeutics, Inc.",NASDAQ,Pharmaceutical Preparations,2834,1637715,DE,1231,,"Reneo Pharmaceuticals, Inc.",Nasdaq,,
OKYO,OKYO Pharma Ltd,NASDAQ,"Biological Products, (No Diagnostic Substances)",2836,1849296,,,,,Nasdaq,,
OLB,"OLB GROUP, INC.",NASDAQ,"Services-Business Services, NEC",7389,1314196,DE,1231,,,Nasdaq,,
OLED,UNIVERSAL DISPLAY CORP \PA\,NASDAQ,Electronic Components & Accessories,3670,1005284,PA,1231,,UNIVERSAL DISPLAY CORP \PA\,Nasdaq,,
OLLI,"Ollie's Bargain Outlet Holdings, Inc.",NASDAQ,Retail-Variety Stores,5331,1639300,DE,0130,,,Nasdaq,,
OLMA,"Olema Pharmaceuticals, Inc.",NASDAQ,Pharmaceutical Preparations,2834,1750284,DE,1231,,,Nasdaq,,
OLN,OLIN Corp,NYSE,Chemicals & Allied Products,2800,74303,VA,1231,,,NYSE,,
OLOX,OLENOX INDUSTRIES INC.,NASDAQ,Wholesale-Lumber & Other Construction Materials,5030,1023994,DE,1231,,"SAFE & GREEN HOLDINGS CORP.; SG BLOCKS, INC.; CDSI HOLDINGS INC; PC411 INC",Nasdaq,,
OLP,ONE LIBERTY PROPERTIES INC,NYSE,Real Estate Investment Trusts,6798,712770,MD,1231,,,NYSE,,
OM,"Outset Medical, Inc.",NASDAQ,Electromedical & Electrotherapeutic Apparatus,3845,1484612,DE,1231,,"Home Dialysis Plus, Ltd.",Nasdaq,,
OMC,OMNICOM GROUP INC.,NYSE,Services-Advertising Agencies,7311,29989,NY,1231,,OMNICOM GROUP INC,NYSE,,
OMCL,"OMNICELL, INC.",NASDAQ,Electronic Computers,3571,926326,DE,1231,,"OMNICELL, Inc; OMNICELL INC /CA/; OMNICELL COM /CA/",Nasdaq,,
OMDA,"Omada Health, Inc.",NASDAQ,Services-Health Services,8000,1611115,DE,1231,,,Nasdaq,,
OMER,OMEROS CORP,NASDAQ,Pharmaceutical Preparations,2834,1285819,WA,1231,,,Nasdaq,,
OMEX,ODYSSEY MARINE EXPLORATION INC,NASDAQ,Water Transportation,4400,798528,NV,1231,,UNIVERSAL CAPITAL CORP,Nasdaq,,
OMF,"OneMain Holdings, Inc.",NYSE,Personal Credit Institutions,6141,1584207,DE,1231,,"Springleaf Holdings, Inc.; Springleaf Holdings, LLC",NYSE,,
OMH,Ohmyhome Ltd,NASDAQ,Real Estate Agents & Managers (For Others),6531,1944902,E9,1231,,,Nasdaq,,
OMSE,OMS Energy Technologies Inc.,NASDAQ,Oil & Gas Field Machinery & Equipment,3533,2012219,,,,,Nasdaq,,
ON,ON SEMICONDUCTOR CORP,NASDAQ,Semiconductors & Related Devices,3674,1097864,DE,1231,,SCG HOLDING CORP,Nasdaq,,
ONB,OLD NATIONAL BANCORP /IN/,NASDAQ,National Commercial Banks,6021,707179,IN,1231,,OLD NATIONAL TRUST CO; OLD NATIONAL BANCORP,"Nasdaq, Nasdaq, Nasdaq",,
ONCO,"Onconetix, Inc.",NASDAQ,Pharmaceutical Preparations,2834,1782107,DE,1231,,"Blue Water Biotech, Inc.; Blue Water Vaccines Inc.",Nasdaq,,
ONCY,ONCOLYTICS BIOTECH INC,NASDAQ,Pharmaceutical Preparations,2834,1129928,NV,1231,,,Nasdaq,,
ONDS,Ondas Inc.,NASDAQ,Radio & Tv Broadcasting & Communications Equipment,3663,1646188,NV,1231,,Ondas Holdings Inc.; ZEV VENTURES INC.,Nasdaq,,
ONEG,OneConstruction Group Ltd,NASDAQ,General Bldg Contractors - Residential Bldgs,1520,2030834,,,,,Nasdaq,,
ONEW,OneWater Marine Inc.,NASDAQ,Retail-Auto & Home Supply Stores,5531,1772921,DE,0930,,,Nasdaq,,
ONFO,"Onfolio Holdings, Inc",NASDAQ,Services-Computer Processing & Data Preparation,7374,1825452,DE,1231,,"Onfolio Holdings Inc; Onfolio Holdings, Inc.","Nasdaq, OTC, Nasdaq",,
ONIT,ONITY GROUP INC.,NYSE,Mortgage Bankers & Loan Correspondents,6162,873860,FL,1231,,ONITY GROUP INC.; OCWEN FINANCIAL CORP; OCWEN FINANCIAL Corp,NYSE,,
ONL,Orion Properties Inc.,NYSE,Real Estate Investment Trusts,6798,1873923,MD,1231,,Orion Office REIT Inc.,NYSE,,
ONMD,OneMedNet Corp,NASDAQ,Services-Commercial Physical & Biological Research,8731,1849380,DE,1231,,Data Knights Acquisition Corp.,"Nasdaq, Nasdaq",,
ONON,On Holding AG,NYSE,Rubber & Plastics Footwear,3021,1858985,V8,1231,,,NYSE,,
ONT,"Onterris, Inc.",NYSE,Services-Management Consulting Services,8742,1643615,DE,1231,,"Montrose Environmental Group, Inc.",NYSE,,
ONTO,ONTO INNOVATION INC.,NYSE,"Measuring & Controlling Devices, NEC",3829,704532,DE,1226,,NANOMETRICS INC,NYSE,,
OOMA,OOMA INC,NYSE,Services-Computer Processing & Data Preparation,7374,1327688,DE,0131,,,NYSE,,
OPAD,Offerpad Solutions Inc.,NASDAQ,Real Estate Agents & Managers (For Others),6531,1825024,,1231,,"Supernova Partners Acquisition Company, Inc.","Nasdaq, OTC",,
OPAL,OPAL Fuels Inc.,NASDAQ,Gas & Other Services Combined,4932,1842279,,1231,,ArcLight Clean Transition Corp. II,Nasdaq,,
OPBK,OP Bancorp,NASDAQ,State Commercial Banks,6022,1722010,CA,1231,,,Nasdaq,,
OPCH,"Option Care Health, Inc.",NASDAQ,Services-Home Health Care Services,8082,1014739,DE,1231,,"BioScrip, Inc.; MIM CORP",Nasdaq,,
OPEN,Opendoor Technologies Inc.,NASDAQ,Real Estate Agents & Managers (For Others),6531,1801169,,1231,,Social Capital Hedosophia Holdings Corp. II,"Nasdaq, Nasdaq, Nasdaq, Nasdaq",,
OPFI,OppFi Inc.,NYSE,Finance Services,6199,1818502,,1231,,FG New America Acquisition Corp.,NYSE,,
OPHC,"OptimumBank Holdings, Inc.",NYSE American,National Commercial Banks,6021,1288855,FL,1231,,,NYSE,,
OPK,"OPKO HEALTH, INC.",NASDAQ,Pharmaceutical Preparations,2834,944809,DE,1231,,EXEGENICS INC; eXegenics Inc; CYTOCLONAL PHARMACEUTICS INC /DE,Nasdaq,,
OPLN,"OPENLANE, Inc.",NYSE,Retail-Auto Dealers & Gasoline Stations,5500,1395942,DE,1231,,"KAR Auction Services, Inc.; KAR Holdings, Inc.",NYSE,,
OPRT,Oportun Financial Corp,NASDAQ,Finance Services,6199,1538716,DE,1231,,"Progreso Financiero Holdings, Inc.",Nasdaq,,
OPRX,OptimizeRx Corp,NASDAQ,"Services-Business Services, NEC",7389,1448431,NV,1231,,,Nasdaq,,
OPTH,Optimi Health Corp.,NASDAQ,Pharmaceutical Preparations,2834,2027329,A1,0930,,,Nasdaq,,
OPTT,"Ocean Power Technologies, Inc.",NYSE American,Electric Services,4911,1378140,NJ,0430,,,NYSE,,
OPTU,"Optimum Communications, Inc.",NYSE,Cable & Other Pay Television Services,4841,1702780,DE,1231,,"Altice USA, Inc.",NYSE,,
OPTX,"SYNTEC OPTICS HOLDINGS, INC.",NASDAQ,Optical Instruments & Lenses,3827,1866816,DE,1231,,OmniLit Acquisition Corp.,"Nasdaq, Nasdaq",,
OPXS,Optex Systems Holdings Inc,NASDAQ,Optical Instruments & Lenses,3827,1397016,DE,0928,,Sustut Exploration Inc,Nasdaq,,
OPY,OPPENHEIMER HOLDINGS INC,NYSE,"Security Brokers, Dealers & Flotation Companies",6211,791963,DE,1231,,FAHNESTOCK VINER HOLDINGS INC,NYSE,,
OR,OR Royalties Inc.,NYSE,Gold and Silver Ores,1040,1627272,A8,1231,,Osisko Gold Royalties LTD,NYSE,,
ORA,"ORMAT TECHNOLOGIES, INC.",NYSE,Electric Services,4911,1296445,DE,1231,,,NYSE,,
ORBS,Eightco Holdings Inc.,NASDAQ,Finance Services,6199,1892492,TX,1231,,"Cryptyde, Inc.",Nasdaq,,
ORC,"Orchid Island Capital, Inc.",NYSE,Real Estate Investment Trusts,6798,1518621,MD,1231,,,NYSE,,
ORCL,ORACLE CORP,NYSE,Services-Prepackaged Software,7372,1341439,,0531,,Ozark Holding Inc.,"NYSE, NYSE",,
ORGO,Organogenesis Holdings Inc.,NASDAQ,Pharmaceutical Preparations,2834,1661181,DE,1231,,Avista Healthcare Public Acquisition Corp.,Nasdaq,,
ORI,OLD REPUBLIC INTERNATIONAL CORP,NYSE,Surety Insurance,6351,74260,DE,1231,,,NYSE,,
ORIC,"Oric Pharmaceuticals, Inc.",NASDAQ,Pharmaceutical Preparations,2834,1796280,DE,1231,,,Nasdaq,,
ORIO,Orion Digital Corp.,NASDAQ,Finance Services,6199,1602842,A1,1231,,Mogo Inc.; Mogo Finance Technology Inc.,Nasdaq,,
ORIQ,Origin Investment Corp I,NASDAQ,Blank Checks,6770,2044523,E9,1231,,,"Nasdaq, Nasdaq, Nasdaq",,
ORKA,"Oruka Therapeutics, Inc.",NASDAQ,Pharmaceutical Preparations,2834,907654,DE,1231,,"ARCA biopharma, Inc.; NUVELO INC; HYSEQ INC",Nasdaq,,
ORKT,ORANGEKLOUD TECHNOLOGY INC.,NASDAQ,Services-Prepackaged Software,7372,1979407,E9,1231,,,Nasdaq,,
ORLY,O REILLY AUTOMOTIVE INC,NASDAQ,Retail-Auto & Home Supply Stores,5531,898173,,1231,,OREILLY AUTOMOTIVE INC,Nasdaq,,
ORMP,ORAMED PHARMACEUTICALS INC.,NASDAQ,Pharmaceutical Preparations,2834,1176309,DE,1231,,"Integrated Security Technologies, Inc.; IGUANA VENTURES LTD",Nasdaq,,
ORN,Orion Group Holdings Inc,NYSE,Heavy Construction Other Than Bldg Const - Contractors,1600,1402829,,1231,,Orion Marine Group Inc,NYSE,,
ORRF,ORRSTOWN FINANCIAL SERVICES INC,NASDAQ,State Commercial Banks,6022,826154,PA,1231,,,Nasdaq,,
OSBC,OLD SECOND BANCORP INC,NASDAQ,State Commercial Banks,6022,357173,DE,1231,,,Nasdaq,,
OSCR,"Oscar Health, Inc.",NYSE,Hospital & Medical Service Plans,6324,1568651,DE,1231,,"Oscar Health, Inc.; Mulberry Health Inc.",NYSE,,
OSG,OCTAVE SPECIALTY GROUP INC,NYSE,Surety Insurance,6351,874501,DE,1231,,AMBAC FINANCIAL GROUP INC; AMBAC INC /DE/,NYSE,,
OSIS,OSI SYSTEMS INC,NASDAQ,Semiconductors & Related Devices,3674,1039065,DE,0630,,OSI SYSTEMS INC,Nasdaq,,
OSK,OSHKOSH CORP,NYSE,Motor Vehicles & Passenger Car Bodies,3711,775158,WI,1231,,OSHKOSH TRUCK CORP,NYSE,,
OSPN,OneSpan Inc.,NASDAQ,Services-Computer Integrated Systems Design,7373,1044777,DE,1231,,One Span Inc.; VASCO DATA SECURITY INTERNATIONAL INC,Nasdaq,,
OSS,"ONE STOP SYSTEMS, INC.",NASDAQ,Electronic Computers,3571,1394056,,1231,,ONE STOP SYSTEMS INC,Nasdaq,,
OST,"Ostin Technology Group Co., Ltd.",NASDAQ,"Electronic Components, NEC",3679,1803407,E9,0930,,,Nasdaq,,
OSTX,OS Therapies Inc,NYSE American,Pharmaceutical Preparations,2834,1795091,DE,1231,,,NYSE,,
OSUR,ORASURE TECHNOLOGIES INC,NASDAQ,Surgical & Medical Instruments & Apparatus,3841,1116463,DE,1231,,,Nasdaq,,
OSW,ONESPAWORLD HOLDINGS Ltd,NASDAQ,Services-Membership Sports & Recreation Clubs,7997,1758488,C5,1231,,,Nasdaq,,
OTEX,OPEN TEXT CORP,NASDAQ,Services-Computer Integrated Systems Design,7373,1002638,A6,0630,,,Nasdaq,,
OTF,Blue Owl Technology Finance Corp.,NYSE,,,1747777,MD,1231,,Owl Rock Technology Finance Corp.,NYSE,,
OTIS,Otis Worldwide Corp,NYSE,Electronic & Other Electrical Equipment (No Computer Equip),3600,1781335,DE,1231,,,NYSE,,
OTLK,"Outlook Therapeutics, Inc.",NASDAQ,"Biological Products, (No Diagnostic Substances)",2836,1649989,DE,0930,,"Oncobiologics, Inc.",Nasdaq,,
OTTR,Otter Tail Corp,NASDAQ,Electric Services,4911,1466593,MN,1231,,,Nasdaq,,
OUST,"Ouster, Inc.",NASDAQ,"General Industrial Machinery & Equipment, NEC",3569,1816581,DE,1231,,"Ouster, Inc.; Colonnade Acquisition Corp.",Nasdaq,,
OUT,OUTFRONT Media Inc.,NYSE,Real Estate Investment Trusts,6798,1579877,MD,1231,,OUTFRONT Media Inc.; CBS OUTDOOR AMERICAS INC.,NYSE,,
OVBC,OHIO VALLEY BANC CORP,NASDAQ,State Commercial Banks,6022,894671,OH,1231,,,Nasdaq,,
OVID,Ovid Therapeutics Inc.,NASDAQ,Pharmaceutical Preparations,2834,1636651,DE,1231,,,Nasdaq,,
OVLY,Oak Valley Bancorp,NASDAQ,State Commercial Banks,6022,1431567,CA,1231,,,Nasdaq,,
OVV,Ovintiv Inc.,NYSE,Crude Petroleum & Natural Gas,1311,1792580,DE,1231,,1847432 Alberta ULC,NYSE,,
OWL,BLUE OWL CAPITAL INC.,NYSE,Investment Advice,6282,1823945,NJ,1231,,ALTIMAR ACQUISITION CORP.,NYSE,,
OWLS,OBOOK HOLDINGS INC.,NASDAQ,Services-Prepackaged Software,7372,2025416,,1231,,,Nasdaq,,
OWLT,"Owlet, Inc.",NYSE,"Measuring & Controlling Devices, NEC",3829,1816708,DE,1231,,Sandbridge Acquisition Corp,NYSE,,
OXBR,OXBRIDGE RE HOLDINGS Ltd,NASDAQ,"Fire, Marine & Casualty Insurance",6331,1584831,E9,1231,,,"Nasdaq, Nasdaq",,
OXM,OXFORD INDUSTRIES INC,NYSE,"Men's & Boys' Furnishgs, Work Clothg, & Allied Garments",2320,75288,GA,0131,,,NYSE,,
OXY,OCCIDENTAL PETROLEUM CORP /DE/,NYSE,Crude Petroleum & Natural Gas,1311,797468,DE,1231,,,"NYSE, NYSE",,
OZK,Bank OZK,NASDAQ,,,1569650,AR,1231,,Bank of the Ozarks,"Nasdaq, Nasdaq",,
P,"Everpure, Inc.",NYSE,Computer Storage Devices,3572,1474432,DE,0131,,"PURE Storage, Inc.; Pure Storage, Inc.; Os76, Inc.",NYSE,,
PAAI,"Paradium.AI, Inc.",NYSE American,Cable & Other Pay Television Services,4841,894871,DE,1231,,"Arena Group Holdings, Inc.; theMaven, Inc.; INTEGRATED SURGICAL SYSTEMS INC","NYSE, NYSE",,
PAAS,PAN AMERICAN SILVER CORP,NYSE,Gold and Silver Ores,1040,771992,,1231,,,"NYSE, OTC",,
PAC,Pacific Airport Group,NYSE,"Airports, Flying Fields & Airport Terminal Services",4581,1347557,O5,1231,,,"NYSE, OTC",,
PACB,"PACIFIC BIOSCIENCES OF CALIFORNIA, INC.",NASDAQ,Laboratory Analytical Instruments,3826,1299130,DE,1231,,PACIFIC BIOSCIENCES OF CALIFORNIA INC; NANOFLUIDICS INC,Nasdaq,,
PACH,Pioneer Acquisition I Corp,NASDAQ,Blank Checks,6770,2040381,E9,1231,,,"Nasdaq, Nasdaq, Nasdaq",,
PACK,Ranpak Holdings Corp.,NYSE,Converted Paper & Paperboard Prods (No Contaners/Boxes),2670,1712463,E9,1231,,One Madison Corp,NYSE,,
PACS,"PACS Group, Inc.",NYSE,Services-Skilled Nursing Care Facilities,8051,2001184,DE,1231,,,NYSE,,
PAG,"PENSKE AUTOMOTIVE GROUP, INC.",NYSE,Retail-Auto Dealers & Gasoline Stations,5500,1019849,DE,1231,,UNITED AUTO GROUP INC,NYSE,,
PAGP,PLAINS GP HOLDINGS LP,NASDAQ,Pipe Lines (No Natural Gas),4610,1581990,DE,1231,,,Nasdaq,,
PAGS,PagSeguro Digital Ltd.,NYSE,Services-Computer Processing & Data Preparation,7374,1712807,E9,1231,,,NYSE,,
PAHC,PHIBRO ANIMAL HEALTH CORP,NASDAQ,Pharmaceutical Preparations,2834,1069899,DE,0630,,PHILIPP BROTHERS CHEMICALS INC,Nasdaq,,
PAL,"Proficient Auto Logistics, Inc",NASDAQ,Transportation Services,4700,1998768,DE,1231,,,Nasdaq,,
PALI,"PALISADE BIO, INC.",NASDAQ,"Biological Products, (No Diagnostic Substances)",2836,1357459,DE,1231,,"PALISADE BIO, INC.; Seneca Biopharma, Inc.; Neuralstem, Inc.",Nasdaq,,
PAM,Pampa Energy Inc.,NYSE,Electric Services,4911,1469395,C1,1231,,,"NYSE, OTC",,
PAMT,PAMT CORP,NASDAQ,Trucking (No Local),4213,798287,NV,1231,,PAM TRANSPORTATION SERVICES INC,Nasdaq,,
PANL,Pangaea Logistics Solutions Ltd.,NASDAQ,Deep Sea Foreign Transportation of  Freight,4412,1606909,D0,1231,,Quartet Holdco Ltd.,Nasdaq,,
PANW,Palo Alto Networks Inc,NASDAQ,"Computer Peripheral Equipment, NEC",3577,1327567,DE,0731,,Palo Alto Networks Inc,Nasdaq,,
PAPL,Pineapple Financial Inc.,NYSE American,Finance Services,6199,1938109,A1,,,,NYSE,,
PAR,PAR TECHNOLOGY CORP,NYSE,Calculating & Accounting Machines (No Electronic Computers),3578,708821,DE,1231,,,NYSE,,
PARA,"Banzai International, Inc.",NASDAQ,Services-Prepackaged Software,7372,1826011,DE,1231,,7GC & Co. Holdings Inc.,"Nasdaq, Nasdaq",,
PARK,"Park Dental Partners, Inc.",NASDAQ,"Services-Misc Health & Allied Services, NEC",8090,2069604,MN,1231,,,Nasdaq,,
PARR,"PAR PACIFIC HOLDINGS, INC.",NYSE,Crude Petroleum & Natural Gas,1311,821483,DE,1231,,PAR PETROLEUM CORP/CO; DELTA PETROLEUM CORP/CO,NYSE,,
PASG,"Passage BIO, Inc.",NASDAQ,"Biological Products, (No Diagnostic Substances)",2836,1787297,DE,1231,,,Nasdaq,,
PASW,"Ping An Biomedical Co., Ltd.",NASDAQ,Apparel & Other Finishd Prods of  Fabrics & Similar Matl,2300,1897532,E9,,,Majestic Ideal Holdings Ltd,Nasdaq,,
PATH,"UiPath, Inc.",NYSE,Services-Prepackaged Software,7372,1734722,DE,0131,,,NYSE,,
PATK,PATRICK INDUSTRIES INC,NASDAQ,Motor Vehicle Parts & Accessories,3714,76605,IN,1231,,,Nasdaq,,
PAVM,PAVmed Inc.,NASDAQ,Surgical & Medical Instruments & Apparatus,3841,1624326,DE,1231,,PAXmed Inc.,Nasdaq,,
PAVS,Paranovus Entertainment Technology Ltd.,NASDAQ,Services-Computer Processing & Data Preparation,7374,1751876,E9,0331,,Happiness Development Group Ltd; Happiness Biotech Group Ltd,Nasdaq,,
PAX,Patria Investments Ltd,NASDAQ,Investment Advice,6282,1825570,E9,1231,,,Nasdaq,,
PAY,"Paymentus Holdings, Inc.",NYSE,"Services-Business Services, NEC",7389,1841156,DE,1231,,,NYSE,,
PAYC,"Paycom Software, Inc.",NYSE,Services-Prepackaged Software,7372,1590955,DE,1231,,,NYSE,,
PAYO,Payoneer Global Inc.,NASDAQ,"Services-Business Services, NEC",7389,1845815,DE,1231,,"New Starship Parent, Inc.",Nasdaq,,
PAYP,PayPay Corp,NASDAQ,"Services-Business Services, NEC",7389,2080845,M0,0331,,,Nasdaq,,
PAYS,"Paysign, Inc.",NASDAQ,"Services-Business Services, NEC",7389,1496443,NV,1231,,"3PEA INTERNATIONAL, INC.",Nasdaq,,
PAYX,PAYCHEX INC,NASDAQ,"Services-Engineering, Accounting, Research, Management",8700,723531,DE,0531,,,Nasdaq,,
PB,PROSPERITY BANCSHARES INC,NYSE,State Commercial Banks,6022,1068851,TX,1231,,,NYSE,,
PBA,PEMBINA PIPELINE CORP,NYSE,Oil & Gas Field Exploration Services,1382,1546066,A0,1231,,,"NYSE, OTC, OTC, OTC, OTC, OTC, OTC",,
PBAM,"Private Bancorp of America, Inc.",NASDAQ,National Commercial Banks,6021,1705284,CA,1231,,,Nasdaq,,
PBF,PBF Energy Inc.,NYSE,Petroleum Refining,2911,1534504,DE,1231,,,NYSE,,
PBFS,"Pioneer Bancorp, Inc./MD",NASDAQ,"Savings Institutions, Not Federally Chartered",6036,1769663,MD,1231,,,Nasdaq,,
PBH,Prestige Consumer Healthcare Inc.,NYSE,Pharmaceutical Preparations,2834,1295947,,0331,,"Prestige Brands Holdings, Inc.",NYSE,,
PBHC,"Pathfinder Bancorp, Inc.",NASDAQ,State Commercial Banks,6022,1609065,MD,1231,,,Nasdaq,,
PBI,PITNEY BOWES INC /DE/,NYSE,"Office Machines, NEC",3579,78814,DE,1231,,,"NYSE, NYSE",,
PBK,POWERBANK Corp,NASDAQ,Construction - Special Trade Contractors,1700,2011053,A6,0630,,SolarBank Corp,Nasdaq,,
PBLS,"Parabilis Medicines, Inc.",NASDAQ,Pharmaceutical Preparations,2834,1657677,DE,1231,,"FOG PHARMACEUTICALS, INC.",Nasdaq,,
PBM,PSYENCE BIOMEDICAL LTD.,NASDAQ,Pharmaceutical Preparations,2834,1985062,A6,0331,,,"Nasdaq, Nasdaq",,
PBR,PETROBRAS - PETROLEO BRASILEIRO SA,NYSE,Crude Petroleum & Natural Gas,1311,1119639,D5,1231,,BRAZILIAN PETROLEUM CORP,"NYSE, NYSE",,
PBYI,"PUMA BIOTECHNOLOGY, INC.",NASDAQ,Pharmaceutical Preparations,2834,1401667,DE,1231,,INNOVATIVE ACQUISITIONS CORP,Nasdaq,,
PC,Premium Catering (Holdings) Ltd,NASDAQ,Retail-Eating  Places,5812,1998056,E9,0630,,,Nasdaq,,
PCAR,PACCAR INC,NASDAQ,Motor Vehicles & Passenger Car Bodies,3711,75362,DE,1231,,,Nasdaq,,
PCB,PCB BANCORP,NASDAQ,State Commercial Banks,6022,1423869,,1231,,PACIFIC CITY FINANCIAL CORP,Nasdaq,,
PCG,PG&E Corp,NYSE,Electric & Other Services Combined,4931,1004980,CA,1231,,PG&E CORP; PG&E Corp; PG&E PARENT CO INC,"NYSE, NYSE, NYSE, NYSE, NYSE, NYSE, NYSE, NYSE, NYSE, NYSE",,
PCOR,"PROCORE TECHNOLOGIES, INC.",NYSE,Services-Prepackaged Software,7372,1611052,DE,1231,,,NYSE,,
PCRX,"Pacira BioSciences, Inc.",NASDAQ,Pharmaceutical Preparations,2834,1396814,DE,1231,,"Pacira Pharmaceuticals, Inc.; PACIRA INC; Blue Acquisition Corp",Nasdaq,,
PCSA,"Processa Pharmaceuticals, Inc.",NASDAQ,Pharmaceutical Preparations,2834,1533743,DE,1231,,"Heatwurx, Inc.",Nasdaq,,
PCT,"PureCycle Technologies, Inc.",NASDAQ,"Plastic Materials, Synth Resins & Nonvulcan Elastomers",2821,1830033,X1,1231,,Roth CH Acquisition I Co. Parent Corp.,"Nasdaq, OTC, Nasdaq, Nasdaq",,
PCTY,Paylocity Holding Corp,NASDAQ,Services-Prepackaged Software,7372,1591698,DE,0630,,,Nasdaq,,
PCVX,"Vaxcyte, Inc.",NASDAQ,"Biological Products, (No Diagnostic Substances)",2836,1649094,DE,1231,,"SutroVax, Inc.",Nasdaq,,
PCYO,PURE CYCLE CORP,NASDAQ,Water Supply,4941,276720,CO,0831,,,Nasdaq,,
PD,"PagerDuty, Inc.",NYSE,Services-Prepackaged Software,7372,1568100,DE,0131,,,NYSE,,
PDCC,Pearl Diver Credit Co Inc.,NYSE,,,1998043,DE,1231,,"Pearl Diver Credit Company, LLC","NYSE, NYSE",,
PDEX,PRO DEX INC,NASDAQ,Surgical & Medical Instruments & Apparatus,3841,788920,,0630,,,Nasdaq,,
PDFS,PDF SOLUTIONS INC,NASDAQ,Services-Prepackaged Software,7372,1120914,DE,1231,,,Nasdaq,,
PDLB,"Ponce Financial Group, Inc.",NASDAQ,"Savings Institution, Federally Chartered",6035,1874071,MD,1231,,,Nasdaq,,
PDS,PRECISION DRILLING Corp,NYSE,Drilling Oil & Gas Wells,1381,1013605,A0,1231,,PRECISION DRILLING TRUST,NYSE,,
PDSB,PDS Biotechnology Corp,NASDAQ,Pharmaceutical Preparations,2834,1472091,DE,1231,,"Edge Therapeutics, Inc.",Nasdaq,,
PDYN,Palladyne AI Corp.,NASDAQ,Services-Prepackaged Software,7372,1826681,DE,1231,,Sarcos Technology & Robotics Corp; Sarcos Technology & Robotics Corporation.; Rotor Acquisition Corp.,"Nasdaq, Nasdaq",,
PEBK,PEOPLES BANCORP OF NORTH CAROLINA INC,NASDAQ,State Commercial Banks,6022,1093672,NC,1231,,,Nasdaq,,
PEBO,PEOPLES BANCORP INC,NASDAQ,State Commercial Banks,6022,318300,OH,1231,,,Nasdaq,,
PECO,"Phillips Edison & Company, Inc.",NASDAQ,Real Estate Investment Trusts,6798,1476204,MD,1231,,"PHILLIPS EDISON GROCERY CENTER REIT I, INC.; Phillips Edison - ARC Shopping Center REIT Inc.",Nasdaq,,
PED,PEDEVCO CORP,NYSE American,Crude Petroleum & Natural Gas,1311,1141197,TX,1231,,"BLAST ENERGY SERVICES, INC.; VERDISYS INC; RECONSTRUCTION DATA GROUP INC",NYSE,,
PEG,PUBLIC SERVICE ENTERPRISE GROUP INC,NYSE,Electric & Other Services Combined,4931,788784,NJ,1231,,,NYSE,,
PEGA,PEGASYSTEMS INC,NASDAQ,Services-Computer Processing & Data Preparation,7374,1013857,MA,1231,,,Nasdaq,,
PEN,Penumbra Inc,NYSE,Surgical & Medical Instruments & Apparatus,3841,1321732,DE,1231,,,NYSE,,
PENG,"Penguin Solutions, Inc.",NASDAQ,Semiconductors & Related Devices,3674,1616533,DE,0829,,"SMART Global Holdings, Inc.",Nasdaq,,
PENN,"PENN Entertainment, Inc.",NASDAQ,Hotels & Motels,7011,921738,PA,1231,,PENN NATIONAL GAMING INC,Nasdaq,,
PEP,PEPSICO INC,NASDAQ,Beverages,2080,77476,NC,1226,,,Nasdaq,,
PEPG,PepGen Inc.,NASDAQ,Pharmaceutical Preparations,2834,1835597,DE,1231,,,Nasdaq,,
PERF,Perfect Corp.,NYSE,Services-Prepackaged Software,7372,1899830,E9,1231,,,"NYSE, OTC",,
PERI,Perion Network Ltd.,NASDAQ,Services-Computer Programming Services,7371,1338940,L3,1231,,Perion Networks Ltd.; IncrediMail Ltd.,Nasdaq,,
PESI,PERMA FIX ENVIRONMENTAL SERVICES INC,NASDAQ,Hazardous Waste Management,4955,891532,DE,1231,,,Nasdaq,,
PETS,PETMED EXPRESS INC,NASDAQ,Retail-Drug Stores and Proprietary Stores,5912,1040130,FL,0331,,,Nasdaq,,
PETZ,"TDH Holdings, Inc.",NASDAQ,Real Estate Agents & Managers (For Others),6531,1684425,D8,1231,,,Nasdaq,,
PEW,GrabAGun Digital Holdings Inc.,NYSE,Retail-Miscellaneous Shopping Goods Stores,5940,2051380,TX,1231,,,"NYSE, NYSE",,
PFAI,Pinnacle Food Group Ltd,NASDAQ,Agricultural Services,0700,2032755,X1,1231,,,Nasdaq,,
PFE,PFIZER INC,NYSE,Pharmaceutical Preparations,2834,78003,DE,1231,,PFIZER INC,NYSE,,
PFG,PRINCIPAL FINANCIAL GROUP INC,NASDAQ,Accident & Health Insurance,6321,1126328,DE,1231,,,Nasdaq,,
PFGC,Performance Food Group Co,NYSE,"Wholesale-Groceries, General Line",5141,1618673,DE,0627,,,NYSE,,
PFIS,PEOPLES FINANCIAL SERVICES CORP.,NASDAQ,National Commercial Banks,6021,1056943,PA,1231,,PEOPLES FINANCIAL SERVICES CORP/,Nasdaq,,
PFLT,PennantPark Floating Rate Capital Ltd.,NYSE,,,1504619,,0930,,PennantPark Senior Floating Rate Fund Inc.,"NYSE, NYSE",,
PFS,PROVIDENT FINANCIAL SERVICES INC,NYSE,"Savings Institution, Federally Chartered",6035,1178970,DE,1231,,,NYSE,,
PFSA,"Profusa, Inc.",NASDAQ,Surgical & Medical Instruments & Apparatus,3841,1859807,DE,1231,,NorthView Acquisition Corp,"Nasdaq, OTC",,
PFSI,"PennyMac Financial Services, Inc.",NYSE,Mortgage Bankers & Loan Correspondents,6162,1745916,DE,1231,,"New PennyMac Financial Services, Inc.",NYSE,,
PFX,PhenixFIN Corp,NASDAQ,,,1490349,DE,0930,,Medley Capital Corp; Medley Capital BDC LLC,"Nasdaq, Nasdaq",,
PG,PROCTER & GAMBLE Co,NYSE,"Soap, Detergents, Cleang Preparations, Perfumes, Cosmetics",2840,80424,OH,0630,,,NYSE,,
PGC,PEAPACK GLADSTONE FINANCIAL CORP,NASDAQ,"Commercial Banks, NEC",6029,1050743,NJ,1231,,,Nasdaq,,
PGEN,"PRECIGEN, INC.",NASDAQ,Pharmaceutical Preparations,2834,1356090,VA,1231,,INTREXON CORP,Nasdaq,,
PGNY,"Progyny, Inc.",NASDAQ,"Services-Misc Health & Allied Services, NEC",8090,1551306,DE,1231,,"Auxogyn, Inc.; Auxogyn Inc",Nasdaq,,
PGR,PROGRESSIVE CORP/OH/,NYSE,"Fire, Marine & Casualty Insurance",6331,80661,OH,1231,,,NYSE,,
PGY,Pagaya Technologies Ltd.,NASDAQ,Finance Services,6199,1883085,L3,1231,,,"Nasdaq, Nasdaq",,
PH,Parker-Hannifin Corp,NYSE,Miscellaneous Fabricated Metal Products,3490,76334,OH,0630,,PARKER HANNIFIN CORP,NYSE,,
PHAR,Pharming Group N.V.,NASDAQ,Pharmaceutical Preparations,2834,1828316,P7,1231,,,Nasdaq,,
PHAT,"Phathom Pharmaceuticals, Inc.",NASDAQ,Pharmaceutical Preparations,2834,1783183,DE,1231,,,Nasdaq,,
PHG,KONINKLIJKE PHILIPS NV,NYSE,X-Ray Apparatus & Tubes & Related Irradiation Apparatus,3844,313216,P7,1231,,KONINKLIJKE PHILIPS ELECTRONICS NV; PHILIPS ELECTRONICS N V,"NYSE, OTC",,
PHI,PLDT Inc.,NYSE,Telephone Communications (No Radiotelephone),4813,78150,,1231,,PHILIPPINE LONG DISTANCE TELEPHONE CO,"NYSE, OTC",,
PHIN,PHINIA INC.,NYSE,Motor Vehicle Parts & Accessories,3714,1968915,DE,1231,,,NYSE,,
PHIO,Phio Pharmaceuticals Corp.,NASDAQ,Pharmaceutical Preparations,2834,1533040,DE,1231,,RXi Pharmaceuticals Corp,Nasdaq,,
PHM,PULTEGROUP INC/MI/,NYSE,Operative Builders,1531,822416,MI,1231,,PULTE HOMES INC/MI/; PULTE CORP,NYSE,,
PHOE,Phoenix Asia Holdings Ltd,NASDAQ,Construction - Special Trade Contractors,1700,2035709,E9,0331,,,Nasdaq,,
PHR,"Phreesia, Inc.",NYSE,"Services-Business Services, NEC",7389,1412408,DE,0131,,Phreesia Inc,NYSE,,
PHUN,"Phunware, Inc.",NASDAQ,Services-Computer Processing & Data Preparation,7374,1665300,,1231,,Stellar Acquisition III Inc.,Nasdaq,,
PHVS,Pharvaris N.V.,NASDAQ,Pharmaceutical Preparations,2834,1830487,P7,1231,,"Pharvaris, B.V.",Nasdaq,,
PI,IMPINJ INC,NASDAQ,"Electronic Components, NEC",3679,1114995,DE,1231,,IMPINJ INC,Nasdaq,,
PICS,PicS N.V.,NASDAQ,Personal Credit Institutions,6141,1841644,P7,,,Picpay Holdings Netherlands B.V.; PicS Ltd.,Nasdaq,,
PII,Polaris Inc.,NYSE,Miscellaneous Transportation Equipment,3790,931015,DE,1231,,POLARIS INDUSTRIES INC/MN,NYSE,,
PIII,P3 Health Partners Inc.,NASDAQ,Services-Health Services,8000,1832511,DE,1231,,Foresight Acquisition Corp.,"Nasdaq, Nasdaq",,
PINS,"PINTEREST, INC.",NYSE,"Services-Computer Programming, Data Processing, Etc.",7370,1506293,DE,1231,,Cold Brew Labs Inc.,NYSE,,
PIPR,PIPER SANDLER COMPANIES,NYSE,"Security Brokers, Dealers & Flotation Companies",6211,1230245,DE,1231,,PIPER JAFFRAY COMPANIES,NYSE,,
PJT,PJT Partners Inc.,NYSE,Investment Advice,6282,1626115,DE,1231,,PJT Partners Inc.,NYSE,,
PK,Park Hotels & Resorts Inc.,NYSE,Hotels & Motels,7011,1617406,DE,1231,,"Hilton Worldwide, Inc.",NYSE,,
PKBK,"PARKE BANCORP, INC.",NASDAQ,State Commercial Banks,6022,1315399,NJ,1231,,,Nasdaq,,
PKE,PARK AEROSPACE CORP,NYSE,"Aircraft Parts & Auxiliary Equipment, NEC",3728,76267,NY,0228,,PARK ELECTROCHEMICAL CORP,NYSE,,
PKG,PACKAGING CORP OF AMERICA,NYSE,Paperboard Containers & Boxes,2650,75677,,1231,,,NYSE,,
PKOH,PARK OHIO HOLDINGS CORP,NASDAQ,Metal Forgings & Stampings,3460,76282,OH,1231,,PARK OHIO INDUSTRIES INC,Nasdaq,,
PL,Planet Labs PBC,NYSE,Radio & Tv Broadcasting & Communications Equipment,3663,1836833,DE,0131,,"dMY Technology Group, Inc. IV",NYSE,,
PLAB,PHOTRONICS INC,NASDAQ,Semiconductors & Related Devices,3674,810136,CT,1031,,,Nasdaq,,
PLAG,Planet Green Holdings Corp.,NYSE American,"Canned, Frozen & Preservd Fruit, Veg & Food Specialties",2030,1117057,NV,1231,,American Lorain CORP; MILLENNIUM QUEST INC,NYSE,,
PLAY,"Dave & Buster's Entertainment, Inc.",NASDAQ,Retail-Eating  Places,5812,1525769,DE,0202,,,Nasdaq,,
PLBC,PLUMAS BANCORP,NASDAQ,Short-Term Business Credit Institutions,6153,1168455,CA,1231,,,Nasdaq,,
PLBL,Polibeli Group Ltd,NASDAQ,"Wholesale-Electrical Appliances, Tv & Radio Sets",5064,2035697,,,,,Nasdaq,,
PLBY,"Playboy, Inc.",NASDAQ,Retail-Miscellaneous Retail,5900,1803914,DE,1231,,"PLBY Group, Inc.; Mountain Crest Acquisition Corp.",Nasdaq,,
PLCE,"Childrens Place, Inc.",NASDAQ,Retail-Family Clothing Stores,5651,1041859,,0131,,CHILDRENS PLACE RETAIL STORES INC,Nasdaq,,
PLCI,Pelican Acquisition II Corp,NASDAQ,Blank Checks,6770,2122392,E9,0228,,,"Nasdaq, Nasdaq, Nasdaq",,
PLD,"Prologis, Inc.",NYSE,Real Estate Investment Trusts,6798,1045609,MD,1231,,AMB PROPERTY CORP,"NYSE, OTC",,
PLG,PLATINUM GROUP METALS LTD,NYSE American,Gold and Silver Ores,1040,1095052,A1,0831,,NEW MILLENNIUM METALS CORP,NYSE,,
PLGO,Pelagos Insurance Capital Ltd,NYSE,"Fire, Marine & Casualty Insurance",6331,1636639,D0,1231,,Fidelis Insurance Holdings Ltd,NYSE,,
PLMR,"Palomar Holdings, Inc.",NASDAQ,"Fire, Marine & Casualty Insurance",6331,1761312,DE,1231,,GC Palomar Holdings,Nasdaq,,
PLNT,"Planet Fitness, Inc.",NYSE,Services-Membership Sports & Recreation Clubs,7997,1637207,DE,1231,,,NYSE,,
PLOW,"DOUGLAS DYNAMICS, INC",NYSE,Construction Machinery & Equip,3531,1287213,DE,1231,,DOUGLAS DYNAMICS HOLDINGS INC,NYSE,,
PLPC,PREFORMED LINE PRODUCTS CO,NASDAQ,"Water, Sewer, Pipeline, Comm & Power Line Construction",1623,80035,OH,1231,,,Nasdaq,,
PLRX,"PLIANT THERAPEUTICS, INC.",NASDAQ,Pharmaceutical Preparations,2834,1746473,DE,1231,,,Nasdaq,,
PLRZ,Polyrizon Ltd.,NASDAQ,Surgical & Medical Instruments & Apparatus,3841,1893645,L3,1231,,,Nasdaq,,
PLSE,"PULSE BIOSCIENCES, INC.",NASDAQ,Surgical & Medical Instruments & Apparatus,3841,1625101,DE,1231,,"Electroblate, Inc.",Nasdaq,,
PLSM,Pulsenmore Ltd.,NASDAQ,Surgical & Medical Instruments & Apparatus,3841,2064764,L3,1231,,,Nasdaq,,
PLTK,Playtika Holding Corp.,NASDAQ,Services-Computer Processing & Data Preparation,7374,1828016,,1231,,,Nasdaq,,
PLTR,Palantir Technologies Inc.,NASDAQ,Services-Prepackaged Software,7372,1321655,,1231,,Palantir Technologies Inc,Nasdaq,,
PLTS,Platinum Analytics Cayman Ltd,NASDAQ,Services-Prepackaged Software,7372,2053033,E9,0930,,,Nasdaq,,
PLUG,PLUG POWER INC,NASDAQ,Electrical Industrial Apparatus,3620,1093691,DE,1231,,,Nasdaq,,
PLUR,Pluri Inc.,NASDAQ,"Biological Products, (No Diagnostic Substances)",2836,1158780,NV,0630,,PLURISTEM THERAPEUTICS INC; PLURISTEM LIFE SYSTEMS INC; AI SOFTWARE INC,Nasdaq,,
PLUS,EPLUS INC,NASDAQ,Wholesale-Computers & Peripheral Equipment & Software,5045,1022408,DE,0331,,MLC HOLDINGS INC,Nasdaq,,
PLUT,Plutus Financial Group Ltd,NASDAQ,"Security & Commodity Brokers, Dealers, Exchanges & Services",6200,1933021,E9,1231,,,Nasdaq,,
PLX,"Protalix BioTherapeutics, Inc.",NYSE American,"Biological Products, (No Diagnostic Substances)",2836,1006281,DE,1231,,ORTHODONTIX INC; EMBASSY ACQUISITION CORP,NYSE,,
PLXS,PLEXUS CORP,NASDAQ,Printed Circuit Boards,3672,785786,WI,1003,,,Nasdaq,,
PLYX,"Polaryx Therapeutics, Inc.",NASDAQ,Pharmaceutical Preparations,2834,2075320,WY,1231,,,Nasdaq,,
PM,Philip Morris International Inc.,NYSE,Cigarettes,2111,1413329,VA,1231,,,NYSE,,
PMA,PMA Graphene Technology Group Inc.,NASDAQ,Construction - Special Trade Contractors,1700,1956166,E9,0331,,Ming Shing Group Holdings Ltd,Nasdaq,,
PMAX,Powell Max Ltd,NASDAQ,Services-Miscellaneous Business Services,7380,2012096,D8,,,,Nasdaq,,
PMCB,"PharmaCyte Biotech, Inc.",NASDAQ,"Biological Products, (No Diagnostic Substances)",2836,1157075,NV,0430,,"NUVILEX, INC.; EFOODSAFETY COM INC",Nasdaq,,
PMEC,Primech Holdings Ltd,NASDAQ,Services-To Dwellings & Other Buildings,7340,1891944,,,,,Nasdaq,,
PMI,"Picard Medical, Inc.",NYSE American,Surgical & Medical Instruments & Apparatus,3841,2030617,DE,1231,,,NYSE,,
PMN,ProMIS Neurosciences Inc.,NASDAQ,Pharmaceutical Preparations,2834,1374339,Z4,1231,,AMORFIX LIFE SCIENCES LTD,Nasdaq,,
PMTS,CPI Card Group Inc.,NASDAQ,Commercial Printing,2750,1641614,DE,1231,,"CPI Holdings I, Inc.",Nasdaq,,
PMVP,"PMV Pharmaceuticals, Inc.",NASDAQ,Pharmaceutical Preparations,2834,1699382,DE,1231,,,Nasdaq,,
PN,PN Smart Energy Ltd,NASDAQ,Wholesale-Computers & Peripheral Equipment & Software,5045,2001288,,,,Skycorp Solar Group Ltd,Nasdaq,,
PNBK,PATRIOT NATIONAL BANCORP INC,NASDAQ,National Commercial Banks,6021,1098146,CT,1231,,,Nasdaq,,
PNC,"PNC FINANCIAL SERVICES GROUP, INC.",NYSE,National Commercial Banks,6021,713676,PA,1231,,PNC FINANCIAL SERVICES GROUP INC; PNC BANK CORP,NYSE,,
PNFP,"Pinnacle Financial Partners, Inc.",NYSE,National Commercial Banks,6021,2082866,GA,1231,,Steel Newco Inc.,"NYSE, NYSE, NYSE, NYSE",,
PNNT,PENNANTPARK INVESTMENT CORP,NYSE,,,1383414,,0930,,Pennant Investment CORP,NYSE,,
PNR,PENTAIR plc,NYSE,Special Industry Machinery (No Metalworking Machinery),3550,77360,L2,1231,,PENTAIR LTD; PENTAIR INC,NYSE,,
PNRG,PRIMEENERGY RESOURCES CORP,NASDAQ,Crude Petroleum & Natural Gas,1311,56868,DE,1231,,PRIMEENERGY CORP,Nasdaq,,
PNTG,"Pennant Group, Inc.",NASDAQ,Services-Health Services,8000,1766400,DE,1231,,,Nasdaq,,
PNW,PINNACLE WEST CAPITAL CORP,NYSE,Electric Services,4911,764622,AZ,1231,,,NYSE,,
POAS,PHAOS TECHNOLOGY HOLDINGS (CAYMAN) Ltd,NYSE American,"Industrial Instruments For Measurement, Display, and Control",3823,2024258,U0,0430,,Phaos Technology (Cayman) Holdings Ltd,NYSE,,
POCI,"PRECISION OPTICS CORPORATION, INC.",NASDAQ,Electromedical & Electrotherapeutic Apparatus,3845,867840,MA,0630,,PRECISION OPTICS Corp INC; PRECISION OPTICS CORPORATION INC,Nasdaq,,
PODC,"PodcastOne, Inc.",NASDAQ,"Services-Computer Programming, Data Processing, Etc.",7370,1940177,DE,0331,,"Courtside Group, Inc.",Nasdaq,,
PODD,INSULET CORP,NASDAQ,Surgical & Medical Instruments & Apparatus,3841,1145197,DE,1231,,,Nasdaq,,
POET,POET TECHNOLOGIES INC.,NASDAQ,Semiconductors & Related Devices,3674,1437424,A6,,,OPEL INTERNATIONAL INC,Nasdaq,,
POLA,"Polar Power, Inc.",NASDAQ,"Miscellaneous Electrical Machinery, Equipment & Supplies",3690,1622345,DE,1231,,,Nasdaq,,
PONO,"Pono Capital Four, Inc.",NASDAQ,Blank Checks,6770,2108164,E9,1231,,,"Nasdaq, Nasdaq, Nasdaq",,
POOL,POOL CORP,NASDAQ,Wholesale-Misc Durable Goods,5090,945841,DE,1231,,SCP POOL CORP,Nasdaq,,
POR,PORTLAND GENERAL ELECTRIC CO /OR/,NYSE,Electric Services,4911,784977,OR,1231,,,NYSE,,
POST,"Post Holdings, Inc.",NYSE,Grain Mill Products,2040,1530950,MO,0930,,,NYSE,,
POWI,POWER INTEGRATIONS INC,NASDAQ,Semiconductors & Related Devices,3674,833640,CA,1231,,,Nasdaq,,
POWL,POWELL INDUSTRIES INC,NASDAQ,Switchgear & Switchboard Apparatus,3613,80420,NV,0930,,,Nasdaq,,
POWW,Outdoor Holding Co,NASDAQ,"Services-Business Services, NEC",7389,1015383,DE,0331,,"AMMO, INC.; RETROSPETTIVA INC","Nasdaq, Nasdaq",,
PPC,PILGRIMS PRIDE CORP,NASDAQ,Poultry Slaughtering and Processing,2015,802481,DE,1227,,,Nasdaq,,
PPCB,"Propanc Biopharma, Inc.",NASDAQ,Pharmaceutical Preparations,2834,1517681,DE,0630,,Propanc Health Group Corp,Nasdaq,,
PPG,PPG INDUSTRIES INC,NYSE,"Paints, Varnishes, Lacquers, Enamels & Allied Prods",2851,79879,PA,1231,,,NYSE,,
PPHC,"Public Policy Holding Company, Inc.",NASDAQ,Services-Management Consulting Services,8742,1903508,DE,1231,,,Nasdaq,,
PPIH,"Perma-Pipe International Holdings, Inc.",NASDAQ,Industrial & Commercial Fans & Blowers & Air Purifing Equip,3564,914122,DE,0131,,MFRI INC,Nasdaq,,
PPL,PPL Corp,NYSE,Electric Services,4911,922224,,1231,,PP&L RESOURCES INC,"NYSE, NYSE",,
PPLI,People Inc,NASDAQ,"Services-Computer Programming, Data Processing, Etc.",7370,1800227,DE,1231,,"IAC Inc.; IAC/InterActiveCorp; IAC Holdings, Inc.",Nasdaq,,
PPSI,"PIONEER POWER SOLUTIONS, INC.",NASDAQ,"Miscellaneous Electrical Machinery, Equipment & Supplies",3690,1449792,DE,1231,,"SIERRA CONCEPTS, INC.",Nasdaq,,
PPTA,PERPETUA RESOURCES CORP.,NASDAQ,Gold and Silver Ores,1040,1526243,A1,1231,,MIDAS GOLD CORP.,Nasdaq,,
PR,Permian Resources Corp,NYSE,Crude Petroleum & Natural Gas,1311,1658566,DE,1231,,"Centennial Resource Development, Inc.; Silver Run Acquisition Corp",NYSE,,
PRAA,PRA GROUP INC,NASDAQ,Short-Term Business Credit Institutions,6153,1185348,DE,1231,,PORTFOLIO RECOVERY ASSOCIATES INC,Nasdaq,,
PRAX,"Praxis Precision Medicines, Inc.",NASDAQ,Pharmaceutical Preparations,2834,1689548,DE,1231,,,Nasdaq,,
PRCH,"Porch Group, Inc.",NASDAQ,Services-Prepackaged Software,7372,1784535,,1231,,PropTech Acquisition Corp,Nasdaq,,
PRCT,PROCEPT BioRobotics Corp,NASDAQ,Surgical & Medical Instruments & Apparatus,3841,1588978,DE,1231,,,Nasdaq,,
PRDO,PERDOCEO EDUCATION Corp,NASDAQ,Services-Educational Services,8200,1046568,DE,1231,,CAREER EDUCATION CORP,Nasdaq,,
PRE,Prenetics Global Ltd,NASDAQ,Pharmaceutical Preparations,2834,1876431,E9,1231,,,"Nasdaq, Nasdaq",,
PRFX,PRF Technologies Ltd.,NASDAQ,Pharmaceutical Preparations,2834,1801834,L3,1231,,PAINREFORM LTD.,Nasdaq,,
PRG,"PROG Holdings, Inc.",NYSE,"Services-Equipment Rental & Leasing, NEC",7359,1808834,GA,1231,,"Aaron's Holdings Company, Inc.",NYSE,,
PRGO,PERRIGO Co plc,NYSE,Pharmaceutical Preparations,2834,1585364,L2,1231,,PERRIGO Co Ltd,NYSE,,
PRGS,PROGRESS SOFTWARE CORP /MA,NASDAQ,Services-Prepackaged Software,7372,876167,DE,1130,,,Nasdaq,,
PRHI,"Presurance Holdings, Inc.",NASDAQ,"Fire, Marine & Casualty Insurance",6331,1502292,MI,1231,,"Conifer Holdings, Inc.","Nasdaq, Nasdaq",,
PRI,"Primerica, Inc.",NYSE,Life Insurance,6311,1475922,DE,1231,,,NYSE,,
PRIM,Primoris Services Corp,NYSE,"Water, Sewer, Pipeline, Comm & Power Line Construction",1623,1361538,DE,1231,,Primoris Services CORP; Primoris Services Corp; Rhapsody Acquisition Corp.,NYSE,,
PRK,PARK NATIONAL CORP /OH/,NYSE American,National Commercial Banks,6021,805676,OH,1231,,,NYSE,,
PRKS,United Parks & Resorts Inc.,NYSE,Services-Miscellaneous Amusement & Recreation,7990,1564902,DE,1231,,"United Parks & Resorts Inc.; SeaWorld Entertainment, Inc.",NYSE,,
PRLB,Proto Labs Inc,NYSE,Fabricated Structural Metal Products,3440,1443669,MN,1231,,,NYSE,,
PRLD,Prelude Therapeutics Inc,NASDAQ,Pharmaceutical Preparations,2834,1678660,DE,1231,,Prelude Therapeutics Inc.,Nasdaq,,
PRM,"Perimeter Solutions, Inc.",NYSE,Chemicals & Allied Products,2800,1880319,,1231,,"Perimeter Solutions, SA",NYSE,,
PRMB,Primo Brands Corp,NYSE,Beverages,2080,2042694,DE,1231,,,NYSE,,
PRME,"Prime Medicine, Inc.",NASDAQ,"Biological Products, (No Diagnostic Substances)",2836,1894562,DE,1231,,,Nasdaq,,
PROF,Profound Medical Corp.,NASDAQ,Surgical & Medical Instruments & Apparatus,3841,1628808,A6,1231,,,Nasdaq,,
PROK,PROKIDNEY CORP.,NASDAQ,"Biological Products, (No Diagnostic Substances)",2836,1850270,E9,1231,,Social Capital Suvretta Holdings Corp. III,Nasdaq,,
PROP,Prairie Operating Co.,NASDAQ,Crude Petroleum & Natural Gas,1311,1162896,DE,1231,,"Creek Road Miners, Inc.; WIZARD BRANDS, INC.; WIZARD ENTERTAINMENT, INC.; Wizard World, Inc.; GOENERGY INC",Nasdaq,,
PROV,PROVIDENT FINANCIAL HOLDINGS INC,NASDAQ,"Savings Institution, Federally Chartered",6035,1010470,DE,0630,,,Nasdaq,,
PRPL,"Purple Innovation, Inc.",NASDAQ,Household Furniture,2510,1643953,DE,1231,,"Purple Innovation, Inc.; Global Partner Acquisition Corp.",Nasdaq,,
PRPO,"Precipio, Inc.",NASDAQ,Laboratory Analytical Instruments,3826,1043961,DE,1231,,TRANSGENOMIC INC,Nasdaq,,
PRQR,ProQR Therapeutics N.V.,NASDAQ,Pharmaceutical Preparations,2834,1612940,P7,1231,,ProQR Therapeutics B.V.,Nasdaq,,
PRSO,Peraso Inc.,NASDAQ,Semiconductors & Related Devices,3674,890394,DE,1231,,"MoSys, Inc.; MONOLITHIC SYSTEM TECHNOLOGY INC",Nasdaq,,
PRSU,"Pursuit Attractions & Hospitality, Inc.",NYSE,Services-Miscellaneous Amusement & Recreation,7990,884219,DE,1231,,VIAD CORP; DIAL CORP /DE/,NYSE,,
PRTA,PROTHENA CORP PUBLIC LTD CO,NASDAQ,Pharmaceutical Preparations,2834,1559053,L2,1231,,Prothena Corp plc; Neotope Corp Ltd,Nasdaq,,
PRTH,"Priority Technology Holdings, Inc.",NASDAQ,"Services-Business Services, NEC",7389,1653558,DE,1231,,"M I Acquisitions, Inc.","Nasdaq, OTC",,
PRTS,"CarParts.com, Inc.",NASDAQ,Retail-Auto & Home Supply Stores,5531,1378950,DE,0102,,"U.S. Auto Parts Network, Inc.",Nasdaq,,
PRU,PRUDENTIAL FINANCIAL INC,NYSE,Life Insurance,6311,1137774,NJ,1231,,,"NYSE, NYSE, NYSE, NYSE",,
PRVA,"Privia Health Group, Inc.",NASDAQ,Services-Health Services,8000,1759655,DE,1231,,PH Group Parent Corp.,Nasdaq,,
PRZO,ParaZero Technologies Ltd.,NASDAQ,"Aircraft Parts & Auxiliary Equipment, NEC",3728,1916241,L3,1231,,,Nasdaq,,
PS,PERSHING SQUARE INC.,NYSE,Investment Advice,6282,2026053,NV,1231,,"PERSHING SQUARE HOLDCO, L.P.",NYSE,,
PSA,Public Storage,NYSE,Real Estate Investment Trusts,6798,1393311,MD,1231,,,"NYSE, NYSE, NYSE, NYSE, NYSE, NYSE, NYSE, NYSE, NYSE, NYSE, NYSE, NYSE, NYSE, NYSE, NYSE, NYSE, NYSE",,
PSBD,Palmer Square Capital BDC Inc.,NYSE,,,1794776,MD,1231,,,NYSE,,
PSFE,Paysafe Ltd,NYSE,"Services-Business Services, NEC",7389,1833835,D0,1231,,,NYSE,,
PSHG,Performance Shipping Inc.,NASDAQ,Deep Sea Foreign Transportation of  Freight,4412,1481241,1T,1231,,Diana Containerships Inc.,Nasdaq,,
PSIG,PS International Group Ltd.,NASDAQ,Arrangement of  Transportation of  Freight & Cargo,4731,1997201,E9,1231,,,Nasdaq,,
PSIX,"POWER SOLUTIONS INTERNATIONAL, INC.",NASDAQ,Engines & Turbines,3510,1137091,IL,1231,,FORMAT INC; FORMAT INC /FA/,Nasdaq,,
PSKY,Paramount Skydance Corp,NASDAQ,Television Broadcasting Stations,4833,2041610,DE,1231,,"New Pluto Global, Inc.",Nasdaq,,
PSMT,PRICESMART INC,NASDAQ,Retail-Variety Stores,5331,1041803,DE,0831,,,Nasdaq,,
PSN,PARSONS CORP,NYSE,Services-Computer Integrated Systems Design,7373,275880,DE,1231,,PARSON CORP,NYSE,,
PSNL,"Personalis, Inc.",NASDAQ,Services-Medical Laboratories,8071,1527753,DE,1231,,,Nasdaq,,
PSNY,Polestar Automotive Holding UK PLC,NASDAQ,Motor Vehicles & Passenger Car Bodies,3711,1884082,X0,1231,,Polestar Automotive Holding UK Ltd,"Nasdaq, Nasdaq, OTC",,
PSNYW,Polestar Automotive Holding UK PLC,NASDAQ,Motor Vehicles & Passenger Car Bodies,3711,1884082,X0,1231,,Polestar Automotive Holding UK Ltd,"Nasdaq, Nasdaq, OTC",,
PSO,PEARSON PLC,NYSE,Books: Publishing or  Publishing & Printing,2731,938323,X0,1231,,,"NYSE, OTC",,
PSQH,"PSQ Holdings, Inc.",NYSE,Services-Advertising,7310,1847064,DE,1231,,Colombier Acquisition Corp.,"NYSE, NYSE",,
PSQL,Pasqal Holding SA,NASDAQ,Services-Computer Processing & Data Preparation,7374,2119292,I0,1231,,Bleichroeder Acquisition France Merger Sub 2; Bleichroeder Acquisition 2 France,"Nasdaq, Nasdaq",,
PSUS,"Pershing Square USA, Ltd.",NYSE,,,2002660,DE,1231,,"SPSU, Ltd.",NYSE,,
PSX,Phillips 66,NYSE,Petroleum Refining,2911,1534701,DE,1231,,,NYSE,,
PTC,PTC INC.,NASDAQ,Services-Prepackaged Software,7372,857005,MA,0930,,PARAMETRIC TECHNOLOGY CORP,Nasdaq,,
PTCT,"PTC THERAPEUTICS, INC.",NASDAQ,Pharmaceutical Preparations,2834,1070081,DE,1231,,PTC THERAPEUTICS INC,Nasdaq,,
PTEN,PATTERSON UTI ENERGY INC,NASDAQ,Drilling Oil & Gas Wells,1381,889900,DE,1231,,PATTERSON ENERGY INC,Nasdaq,,
PTGX,"Protagonist Therapeutics, Inc",NASDAQ,Pharmaceutical Preparations,2834,1377121,DE,1231,,Protagonist Therapeutics Inc; Protagonist Inc,Nasdaq,,
PTHS,Pelthos Therapeutics Inc.,NYSE American,"Biological Products, (No Diagnostic Substances)",2836,1919246,NV,1231,,Channel Therapeutics Corp; Chromocell Therapeutics Corp,NYSE,,
PTLE,PTL Ltd,NASDAQ,Wholesale-Petroleum & Petroleum Products (No Bulk Stations),5172,2016337,,,,,Nasdaq,,
PTLO,Portillo's Inc.,NASDAQ,Retail-Eating  Places,5812,1871509,DE,1227,,,Nasdaq,,
PTN,PALATIN TECHNOLOGIES INC,NASDAQ,Pharmaceutical Preparations,2834,911216,NJ,0630,,INTERFILM INC,Nasdaq,,
PTON,"PELOTON INTERACTIVE, INC.",NASDAQ,"Sporting & Athletic Goods, NEC",3949,1639825,,0630,,,Nasdaq,,
PTRN,Pattern Group Inc.,NASDAQ,Retail-Catalog & Mail-Order Houses,5961,1811935,DE,1231,,"Covalent Group, Inc.",Nasdaq,,
PUBM,"PubMatic, Inc.",NASDAQ,"Services-Computer Programming, Data Processing, Etc.",7370,1422930,DE,1231,,Komli Inc,Nasdaq,,
PUK,PRUDENTIAL PLC,NYSE,Life Insurance,6311,1116578,X0,1231,,,"NYSE, OTC",,
PULM,"Pulmatrix, Inc.",NASDAQ,Pharmaceutical Preparations,2834,1574235,DE,1231,,"Ruthigen, Inc.",Nasdaq,,
PUMP,ProPetro Holding Corp.,NYSE,"Oil & Gas Field Services, NEC",1389,1680247,TX,1231,,,NYSE,,
PURR,Hyperliquid Strategies Inc,NASDAQ,Finance Services,6199,2078856,DE,0630,,,Nasdaq,,
PUSA,Aureus Greenway Holdings Inc,NASDAQ,Services-Membership Sports & Recreation Clubs,7997,2009312,NV,1231,,,Nasdaq,,
PVH,PVH CORP. /DE/,NYSE,"Men's & Boys' Furnishgs, Work Clothg, & Allied Garments",2320,78239,DE,0131,,PHILLIPS VAN HEUSEN CORP /DE/,NYSE,,
PVLA,"PALVELLA THERAPEUTICS, INC.",NASDAQ,Pharmaceutical Preparations,2834,1583648,NV,1231,,"PIERIS PHARMACEUTICALS, INC.; Marika Inc.",Nasdaq,,
PW,Power REIT,NYSE American,Real Estate Investment Trusts,6798,1532619,MD,1231,,,"NYSE, NYSE",,
PWCM,"POWERCOMPUTE, INC.",NASDAQ,Finance Services,6199,1640384,DE,1231,,"LM FUNDING AMERICA, INC.",Nasdaq,,
PWP,Perella Weinberg Partners,NASDAQ,Finance Services,6199,1777835,DE,1231,,FinTech Acquisition Corp. IV,Nasdaq,,
PWR,"QUANTA SERVICES, INC.",NYSE,Electrical Work,1731,1050915,DE,1231,,QUANTA SERVICES INC,NYSE,,
PWRL,Powerlaw Corp.,NASDAQ,,,2052053,DE,0930,,"PowerLaw10, LLC",Nasdaq,,
PXED,"Phoenix Education Partners, Inc.",NYSE,Services-Educational Services,8200,1600222,DE,0831,,"AP VIII Queso Holdings, L.P.",NYSE,,
PXLW,"PIXELWORKS, INC",NASDAQ,Services-Prepackaged Software,7372,1040161,OR,1231,,PIXELWORKS INC,Nasdaq,,
PXS,Pyxis Tankers Inc.,NASDAQ,Deep Sea Foreign Transportation of  Freight,4412,1640043,1T,1231,,,Nasdaq,,
PYPD,PolyPid Ltd.,NASDAQ,Surgical & Medical Instruments & Apparatus,3841,1611842,L3,1231,,,Nasdaq,,
PYPL,"PayPal Holdings, Inc.",NASDAQ,"Services-Business Services, NEC",7389,1633917,,1231,,,Nasdaq,,
PYT,PPLUS Trust Series GSC-2,NYSE,Asset-Backed Securities,6189,1294808,DE,1231,,,NYSE,,
PYXS,"Pyxis Oncology, Inc.",NASDAQ,Pharmaceutical Preparations,2834,1782223,DE,1231,,,Nasdaq,,
PZG,Paramount Gold Nevada Corp.,NYSE American,Metal Mining,1000,1629210,NV,0630,,,NYSE,,
PZZA,PAPA JOHNS INTERNATIONAL INC,NASDAQ,Retail-Eating  Places,5812,901491,DE,1227,,PAPA JOHNS INTERNATIONAL INC,Nasdaq,,
Q,"Qnity Electronics, Inc.",NYSE,Semiconductors & Related Devices,3674,2058873,DE,1231,,"Novus SpinCo 1, Inc.",NYSE,,
QBTS,D-Wave Quantum Inc.,NASDAQ,Services-Computer Processing & Data Preparation,7374,1907982,DE,1231,,,Nasdaq,,
QCLS,"Q/C TECHNOLOGIES, INC.",NASDAQ,In Vitro & In Vivo Diagnostic Substances,2835,1321834,DE,1231,,"Q/C TECHNOLOGIES, INC.; TNF Pharmaceuticals, Inc.; MyMD Pharmaceuticals, Inc.; Akers Biosciences, Inc.; Akers Biosciences Inc",Nasdaq,,
QCOM,QUALCOMM INC/DE,NASDAQ,Radio & Tv Broadcasting & Communications Equipment,3663,804328,DE,0927,,,Nasdaq,,
QCRH,QCR HOLDINGS INC,NASDAQ,State Commercial Banks,6022,906465,DE,1231,,QUAD CITY HOLDINGS INC,Nasdaq,,
QDEL,QuidelOrtho Corp,NASDAQ,In Vitro & In Vivo Diagnostic Substances,2835,1906324,,0101,,"Coronado Topco, Inc.",Nasdaq,,
QGEN,QIAGEN N.V.,NYSE,"Biological Products, (No Diagnostic Substances)",2836,1015820,P7,1231,,QIAGEN NV,NYSE,,
QH,QUHUO Ltd,NASDAQ,"Services-Business Services, NEC",7389,1781193,E9,1231,,,Nasdaq,,
QLYS,"QUALYS, INC.",NASDAQ,Services-Prepackaged Software,7372,1107843,DE,1231,,QUALYS INC,Nasdaq,,
QMCO,QUANTUM CORP /DE/,NASDAQ,Computer Storage Devices,3572,709283,DE,0331,,,Nasdaq,,
QMLS,"QumulusAI, Inc.",NASDAQ,Services-Computer Processing & Data Preparation,7374,2084026,GA,1231,,,Nasdaq,,
QNBC,QNB CORP.,NASDAQ,State Commercial Banks,6022,750558,PA,1231,,QNB CORP,Nasdaq,,
QNC,Quantum eMotion Corp,NYSE American,Services-Prepackaged Software,7372,2106613,A8,1231,,,NYSE,,
QNCX,"Quince Therapeutics, Inc.",NASDAQ,"Biological Products, (No Diagnostic Substances)",2836,1662774,CA,1231,,"Cortexyme, Inc.",Nasdaq,,
QNME,"Quanome Technologies, Inc.",NASDAQ,Arrangement of  Transportation of  Freight & Cargo,4731,1996192,NV,0630,,Lakeside Holding Ltd,Nasdaq,,
QNST,"QUINSTREET, INC",NASDAQ,"Services-Business Services, NEC",7389,1117297,,0630,,,Nasdaq,,
QNT,Quantinuum Inc.,NASDAQ,Services-Computer Integrated Systems Design,7373,2110105,DE,1231,,,Nasdaq,,
QNTM,Quantum Biopharma Ltd.,NASDAQ,Pharmaceutical Preparations,2834,1771885,A6,1231,,FSD Pharma Inc.,Nasdaq,,
QRHC,Quest Resource Holding Corp,NASDAQ,Refuse Systems,4953,1442236,NV,1231,,"Infinity Resources Holdings Corp.; YouChange Holdings Corp; BlueStar Financial Group, Inc.",Nasdaq,,
QRVO,"Qorvo, Inc.",NASDAQ,Semiconductors & Related Devices,3674,1604778,DE,0403,,"Rocky Holding, Inc.",Nasdaq,,
QS,QuantumScape Corp,NASDAQ,"Miscellaneous Electrical Machinery, Equipment & Supplies",3690,1811414,DE,1231,,Kensington Capital Acquisition Corp.,Nasdaq,,
QSI,Quantum-Si Inc,NASDAQ,"Measuring & Controlling Devices, NEC",3829,1816431,DE,1231,,HighCape Capital Acquisition Corp.,"Nasdaq, CBOE",,
QSR,Restaurant Brands International Inc.,NYSE,Retail-Eating  Places,5812,1618756,A6,1231,,9060669 Canada Inc.; 1011773 B.C. Unlimited Liability Co,NYSE,,
QTEX,QTREX Quantum Ltd.,NASDAQ,Surgical & Medical Instruments & Apparatus,3841,1837493,L3,1231,,Inspira Technologies OXY B.H.N. Ltd,Nasdaq,,
QTI,"QT IMAGING HOLDINGS, INC.",NASDAQ,Electromedical & Electrotherapeutic Apparatus,3845,1844505,DE,1231,,"GigCapital5, Inc.","Nasdaq, OTC",,
QTRX,Quanterix Corp,NASDAQ,Laboratory Analytical Instruments,3826,1503274,DE,1231,,,Nasdaq,,
QTTB,Q32 Bio Inc.,NASDAQ,Pharmaceutical Preparations,2834,1661998,DE,1231,,"Q32 Bio Inc.; Homology Medicines, Inc.",Nasdaq,,
QTWO,"Q2 Holdings, Inc.",NYSE,Services-Prepackaged Software,7372,1410384,,1231,,"CBG Holdings, Inc.; CBG Holdings Inc",NYSE,,
QUAD,"Quad/Graphics, Inc.",NYSE,Commercial Printing,2750,1481792,WI,1231,,,NYSE,,
QUBT,Quantum Computing Inc.,NASDAQ,Services-Prepackaged Software,7372,1758009,DE,1231,,,Nasdaq,,
QUCY,Quantum Cyber N.V.,NASDAQ,Pharmaceutical Preparations,2834,1874252,P7,1231,,MAINZ BIOMED N.V.; Mainz Biomed B.V.,Nasdaq,,
QUIK,QUICKLOGIC Corp,NASDAQ,Semiconductors & Related Devices,3674,882508,CA,0103,,QUICKLOGIC CORPORATION,Nasdaq,,
QURE,uniQure N.V.,NASDAQ,Pharmaceutical Preparations,2834,1590560,,1231,,uniQure B.V.,Nasdaq,,
QVCG,"QVC Group, Inc.",NASDAQ,Retail-Catalog & Mail-Order Houses,5961,1254699,DE,1231,,QVC INC,Nasdaq,,
QXL,QUANTUM X LABS INC.,NASDAQ,Services-Prepackaged Software,7372,797542,DE,1231,,"Viewbix Inc.; Virtual Crypto Technologies, Inc.; Emerald Medical Applications Corp.; ZAXIS INTERNATIONAL INC",Nasdaq,,
QXO,"QXO, Inc.",NYSE,Wholesale-Lumber & Other Construction Materials,5030,1236275,DE,1231,,"SilverSun Technologies, Inc.; TREY RESOURCES INC; TREY INDUSTRIES INC","NYSE, NYSE",,
R,RYDER SYSTEM INC,NYSE,Services-Auto Rental & Leasing (No Drivers),7510,85961,FL,1231,,,NYSE,,
RACC,Research Alliance Corp III,NASDAQ,Pharmaceutical Preparations,2834,2118032,E9,1231,,,Nasdaq,,
RACD,Research Alliance Corp IV,NASDAQ,Blank Checks,6770,2137777,E9,1231,,,Nasdaq,,
RACE,Ferrari N.V.,NYSE,Motor Vehicles & Passenger Car Bodies,3711,1648416,P7,1231,,NEW BUSINESS NETHERLANDS N.V.,NYSE,,
RAIL,"FreightCar America, Inc.",NASDAQ,Railroad Equipment,3743,1320854,DE,1231,,FCA Acquisition Corp.,Nasdaq,,
RAIN,"Rain Enhancement Technologies Holdco, Inc.",NASDAQ,Misc Industrial & Commercial Machinery & Equipment,3590,2028293,MA,1231,,,"Nasdaq, Nasdaq",,
RAL,Ralliant Corp,NYSE,"Industrial Instruments For Measurement, Display, and Control",3823,2041385,DE,1231,,NPTG Holdings Corp,NYSE,,
RAMP,"LiveRamp Holdings, Inc.",NYSE,Services-Computer Processing & Data Preparation,7374,733269,DE,0331,,"Acxiom Holdings, Inc.; ACXIOM CORP",NYSE,,
RANI,"Rani Therapeutics Holdings, Inc.",NASDAQ,Pharmaceutical Preparations,2834,1856725,CA,1231,,,Nasdaq,,
RAPP,"Rapport Therapeutics, Inc.",NASDAQ,Pharmaceutical Preparations,2834,2012593,DE,1231,,"Rapport Therapeutics, Inc.",Nasdaq,,
RARE,Ultragenyx Pharmaceutical Inc.,NASDAQ,Pharmaceutical Preparations,2834,1515673,DE,1231,,,Nasdaq,,
RAVE,"RAVE RESTAURANT GROUP, INC.",NASDAQ,Wholesale-Groceries & Related Products,5140,718332,MO,0628,,"PIZZA INN HOLDINGS, INC /MO/; PIZZA INN INC /MO/",Nasdaq,,
RAYA,Erayak Power Solution Group Inc.,NASDAQ,Motors & Generators,3621,1825875,E9,,,,Nasdaq,,
RBA,RB GLOBAL INC.,NYSE,"Services-Business Services, NEC",7389,1046102,A6,1231,,RITCHIE BROS AUCTIONEERS INC,NYSE,,
RBB,RBB Bancorp,NASDAQ,State Commercial Banks,6022,1499422,CA,1231,,,Nasdaq,,
RBBN,Ribbon Communications Inc.,NASDAQ,Services-Computer Integrated Systems Design,7373,1708055,DE,1231,,"Sonus Networks, Inc.; Solstice Sapphire Investments, Inc.",Nasdaq,,
RBC,RBC Bearings INC,NYSE,Ball & Roller Bearings,3562,1324948,,0329,,,NYSE,,
RBCAA,REPUBLIC BANCORP INC /KY/,NASDAQ,State Commercial Banks,6022,921557,KY,1231,,,Nasdaq,,
RBKB,"Rhinebeck Bancorp, Inc.",NASDAQ,"Savings Institutions, Not Federally Chartered",6036,1751783,MD,1231,,,Nasdaq,,
RBLX,Roblox Corp,NYSE,Services-Prepackaged Software,7372,1315098,NV,1231,,,NYSE,,
RBNE,Robin Energy Ltd.,NASDAQ,Deep Sea Foreign Transportation of  Freight,4412,2039060,1T,1231,,,Nasdaq,,
RBRK,"Rubrik, Inc.",NYSE,Services-Prepackaged Software,7372,1943896,DE,0131,,"Rubrik, Inc.",NYSE,,
RC,Ready Capital Corp,NYSE,Real Estate Investment Trusts,6798,1527590,MD,1231,,Sutherland Asset Management Corp; ZAIS Financial Corp.,"NYSE, NYSE, NYSE, NYSE",,
RCAT,"Red Cat Holdings, Inc.",NASDAQ,Services-Prepackaged Software,7372,748268,,1231,,TimefireVR Inc.; EnergyTEK Corp.; BROADLEAF CAPITAL PARTNERS INC; BROADLEAF CAPITAL PARTNERS  INC; PEACOCK FINANCIAL CORP,Nasdaq,,
RCBC,River City Bank - Common stock,NASDAQ,,,,,,,,,,
RCEL,"AVITA Medical, Inc.",NASDAQ,Surgical & Medical Instruments & Apparatus,3841,1762303,DE,1231,,"Avita Therapeutics, Inc.; Avita Medical, Ltd.","Nasdaq, OTC",,
RCI,ROGERS COMMUNICATIONS INC,NYSE,Cable & Other Pay Television Services,4841,733099,,1231,,,"NYSE, OTC",,
RCKT,"ROCKET PHARMACEUTICALS, INC.",NASDAQ,Pharmaceutical Preparations,2834,1281895,DE,1231,,INOTEK PHARMACEUTICALS CORP,"Nasdaq, Nasdaq",,
RCKY,"ROCKY BRANDS, INC.",NASDAQ,"Footwear, (No Rubber)",3140,895456,OH,1231,,"ROCKY BRANDS, INC.; ROCKY SHOES & BOOTS INC",Nasdaq,,
RCL,ROYAL CARIBBEAN CRUISES LTD,NYSE,Water Transportation,4400,884887,,1231,,,NYSE,,
RCMT,"RCM TECHNOLOGIES, INC.",NASDAQ,Services-Help Supply Services,7363,700841,NV,0102,,RCM TECHNOLOGIES INC,Nasdaq,,
RCON,"Recon Technology, Ltd",NASDAQ,"Oil & Gas Field Services, NEC",1389,1442620,E9,0630,,,Nasdaq,,
RCT,RedCloud Holdings plc,NASDAQ,"Retail-Retail Stores, NEC",5990,2027360,X0,1231,,,Nasdaq,,
RCUS,"Arcus Biosciences, Inc.",NYSE,Pharmaceutical Preparations,2834,1724521,DE,1231,,,NYSE,,
RDAG,Republic Digital Acquisition Co,NASDAQ,Blank Checks,6770,2055459,E9,1231,,,"Nasdaq, Nasdaq, Nasdaq",,
RDCM,RADCOM LTD,NASDAQ,"Computer Peripheral Equipment, NEC",3577,1016838,L3,1231,,,Nasdaq,,
RDDT,"Reddit, Inc.",NYSE,Services-Computer Processing & Data Preparation,7374,1713445,DE,1231,,"Reddit, Inc.",NYSE,,
RDGT,Ridgetech Inc.,NASDAQ,Retail-Drug Stores and Proprietary Stores,5912,1856084,E9,0331,,"China Jo-Jo Drugstores, Inc.; China Jo-Jo Drugstores Holdings, Inc.",Nasdaq,,
RDI,READING INTERNATIONAL INC,NASDAQ,Services-Motion Picture Theaters,7830,716634,NV,1231,,CITADEL HOLDING CORP; CETADEL HOLDING CORP,"Nasdaq, Nasdaq",,
RDIB,READING INTERNATIONAL INC,NASDAQ,Services-Motion Picture Theaters,7830,716634,NV,1231,,CITADEL HOLDING CORP; CETADEL HOLDING CORP,"Nasdaq, Nasdaq",,
RDN,RADIAN GROUP INC,NYSE,Surety Insurance,6351,890926,DE,1231,,CMAC INVESTMENT CORP,NYSE,,
RDNT,"RadNet, Inc.",NASDAQ,Services-Medical Laboratories,8071,790526,DE,1231,,"RadNet, Inc.; PRIMEDEX HEALTH SYSTEMS INC",Nasdaq,,
RDNW,"RideNow Group, Inc.",NASDAQ,Services-Computer Programming Services,7371,1596961,NV,1231,,"RumbleON, Inc.; RumbleOn, Inc.; Smart Server, Inc",Nasdaq,,
RDVT,"Red Violet, Inc.",NASDAQ,Services-Prepackaged Software,7372,1720116,DE,1231,,,Nasdaq,,
RDW,Redwire Corp,NYSE,Guided Missiles & Space Vehicles & Parts,3760,1819810,,1231,,Genesis Park Acquisition Corp.,NYSE,,
RDWR,RADWARE LTD,NASDAQ,"Services-Business Services, NEC",7389,1094366,,1231,,,Nasdaq,,
RDY,DR REDDYS LABORATORIES LTD,NYSE,Pharmaceutical Preparations,2834,1135951,K7,0331,,,NYSE,,
RDZN,Roadzen Inc.,NASDAQ,"Insurance Agents, Brokers & Service",6411,1868640,D8,0331,,Vahanna Tech Edge Acquisition I Corp.,"Nasdaq, Nasdaq",,
REA,"Rare Earths Americas, Inc.",NYSE American,Metal Mining,1000,2095743,TX,1231,,,NYSE,,
REAL,"TheRealReal, Inc.",NASDAQ,Retail-Miscellaneous Retail,5900,1573221,DE,1231,,,Nasdaq,,
REAX,Real REMAX Group Inc.,NASDAQ,Real Estate Agents & Managers (For Others),6531,2136387,DE,1231,,"Rome Wildlife, Inc.",Nasdaq,,
REBN,"Reborn Coffee, Inc.",NASDAQ,Retail-Eating  Places,5812,1707910,DE,1231,,CAPAX INC.,Nasdaq,,
RECT,Rectitude Holdings Ltd.,NASDAQ,"Cutlery, Handtools & General Hardware",3420,1995116,E9,0331,,,Nasdaq,,
REED,"REED'S, INC.",NYSE American,Bottled & Canned Soft Drinks & Carbonated Waters,2086,1140215,DE,1231,,REED'S INC; REEDS INC; ORIGINAL BEVERAGE CORP /,NYSE,,
REF,Reformation Inc.,NYSE,"Women's, Misses':  and Juniors Outerwear",2330,1787117,DE,1231,,"REF Topco, Inc.",NYSE,,
REFI,"Chicago Atlantic Real Estate Finance, Inc.",NASDAQ,Real Estate Investment Trusts,6798,1867949,MD,1231,,,Nasdaq,,
REFR,RESEARCH FRONTIERS INC,NASDAQ,Patent Owners & Lessors,6794,793524,DE,1231,,,Nasdaq,,
REG,REGENCY CENTERS CORP,NASDAQ,Real Estate Investment Trusts,6798,910606,FL,1231,,REGENCY REALTY CORP,"Nasdaq, Nasdaq, Nasdaq",,
REGN,"REGENERON PHARMACEUTICALS, INC.",NASDAQ,Pharmaceutical Preparations,2834,872589,NY,1231,,REGENERON PHARMACEUTICALS INC,Nasdaq,,
REI,"RING ENERGY, INC.",NYSE American,Crude Petroleum & Natural Gas,1311,1384195,NV,1231,,Transglobal Mining Corp.; Blanca Corp.,NYSE,,
REKR,"Rekor Systems, Inc.",NASDAQ,"Communications Equipment, NEC",3669,1697851,DE,1231,,"Novume Solutions, Inc.",Nasdaq,,
RELL,"RICHARDSON ELECTRONICS, LTD.",NASDAQ,"Wholesale-Electronic Parts & Equipment, NEC",5065,355948,DE,0530,,RICHARDSON ELECTRONICS LTD/DE,Nasdaq,,
RELY,"Remitly Global, Inc.",NASDAQ,"Services-Business Services, NEC",7389,1782170,DE,1231,,,Nasdaq,,
RENT,"Rent the Runway, Inc.",NASDAQ,"Retail-Retail Stores, NEC",5990,1468327,DE,0131,,,Nasdaq,,
RENX,RenX Enterprises Corp.,NASDAQ,Refuse Systems,4953,1959023,DE,1231,,Safe & Green Development Corp,Nasdaq,,
REPL,"Replimune Group, Inc.",NASDAQ,"Biological Products, (No Diagnostic Substances)",2836,1737953,DE,0331,,,Nasdaq,,
REPX,"Riley Exploration Permian, Inc.",NYSE American,Crude Petroleum & Natural Gas,1311,1001614,DE,1231,,TENGASCO INC,NYSE,,
RES,RPC INC,NYSE,"Oil & Gas Field Services, NEC",1389,742278,,1231,,RPC ENERGY SERVICES INC,NYSE,,
RETO,"ReTo Eco-Solutions, Inc.",NASDAQ,"Abrasive, Asbestos & Misc Nonmetallic Mineral Prods",3290,1687277,D8,1231,,,Nasdaq,,
REVB,"REVELATION BIOSCIENCES, INC.",NASDAQ,Pharmaceutical Preparations,2834,1810560,DE,1231,,Petra Acquisition Inc.,"Nasdaq, Nasdaq",,
REX,REX AMERICAN RESOURCES Corp,NYSE,Industrial Organic Chemicals,2860,744187,DE,0131,,REX STORES CORP,NYSE,,
REXR,"Rexford Industrial Realty, Inc.",NYSE,Real Estate Investment Trusts,6798,1571283,MD,1231,,"Rexford Industrial, Inc.","NYSE, NYSE, NYSE",,
REYN,Reynolds Consumer Products Inc.,NASDAQ,"Plastics, Foil & Coated Paper Bags",2673,1786431,DE,1231,,,Nasdaq,,
REZI,"RESIDEO TECHNOLOGIES, INC.",NYSE,Wholesale-Hardware,5072,1740332,DE,1231,,"RESIDEO TECHNOLOGIES, INC.; HH Spinco Inc.",NYSE,,
RF,REGIONS FINANCIAL CORP,NYSE,National Commercial Banks,6021,1281761,DE,1231,,NEW REGIONS FINANCIAL CORP,"NYSE, NYSE, NYSE, NYSE",,
RFIL,R F INDUSTRIES LTD,NASDAQ,Electronic Connectors,3678,740664,NV,1031,,,Nasdaq,,
RFL,"Rafael Holdings, Inc.",NYSE,Pharmaceutical Preparations,2834,1713863,DE,0731,,,NYSE,,
RGA,REINSURANCE GROUP OF AMERICA INC,NYSE,Life Insurance,6311,898174,MO,1231,,,"NYSE, NYSE",,
RGC,Regencell Bioscience Holdings Ltd,NASDAQ,Medicinal Chemicals & Botanical Products,2833,1829667,E9,,,,Nasdaq,,
RGCO,RGC RESOURCES INC,NASDAQ,Natural Gas Transmisison & Distribution,4923,1069533,VA,0930,,,Nasdaq,,
RGEN,REPLIGEN CORP,NASDAQ,"Biological Products, (No Diagnostic Substances)",2836,730272,DE,1231,,,Nasdaq,,
RGLD,ROYAL GOLD INC,NASDAQ,Mineral Royalty Traders,6795,85535,DE,1231,,ROYAL GOLD INC /DE/,Nasdaq,,
RGNT,REGENTIS BIOMATERIALS LTD.,NYSE American,"Orthopedic, Prosthetic & Surgical Appliances & Supplies",3842,1912966,L3,1231,,,NYSE,,
RGNX,REGENXBIO Inc.,NASDAQ,"Biological Products, (No Diagnostic Substances)",2836,1590877,,1231,,"ReGenX Biosciences, LLC",Nasdaq,,
RGP,"RESOURCES CONNECTION, INC.",NASDAQ,"Services-Business Services, NEC",7389,1084765,DE,0531,,RESOURCES CONNECTION INC,Nasdaq,,
RGR,STURM RUGER & CO INC,NYSE,"Ordnance & Accessories, (No Vehicles/Guided Missiles)",3480,95029,DE,1231,,,NYSE,,
RGS,REGIS CORP,NASDAQ,Services-Personal Services,7200,716643,MN,0630,,REGIS CORPORATION,Nasdaq,,
RGTI,"Rigetti Computing, Inc.",NASDAQ,Services-Computer Programming Services,7371,1838359,DE,1231,,"Supernova Partners Acquisition Co II, Ltd.","Nasdaq, Nasdaq",,
RH,RH,NYSE,Retail-Furniture Stores,5712,1528849,DE,0131,,Restoration Hardware Holdings Inc,NYSE,,
RHI,ROBERT HALF INC.,NYSE,Services-Help Supply Services,7363,315213,DE,1231,,ROBERT HALF INTERNATIONAL INC.; HALF ROBERT INTERNATIONAL INC /DE/,NYSE,,
RHLD,"Resolute Holdings Management, Inc.",NYSE,Finance Services,6199,2039497,NV,1231,,,NYSE,,
RHP,"Ryman Hospitality Properties, Inc.",NYSE,Real Estate Investment Trusts,6798,1040829,DE,1231,,GAYLORD ENTERTAINMENT CO /DE; NEW GAYLORD ENTERTAINMENT CO,NYSE,,
RICK,"RCI HOSPITALITY HOLDINGS, INC.",NASDAQ,Retail-Eating  Places,5812,935419,TX,0930,,RICKS CABARET INTERNATIONAL INC,Nasdaq,,
RIG,Transocean Ltd.,NYSE,Drilling Oil & Gas Wells,1381,1451505,V8,1231,,,NYSE,,
RIGL,RIGEL PHARMACEUTICALS INC,NASDAQ,Pharmaceutical Preparations,2834,1034842,DE,1231,,RIGEL PHARMACEUTICALS INC,Nasdaq,,
RILY,"BRC Group Holdings, Inc.",NASDAQ,Investment Advice,6282,1464790,DE,1231,,"BRC Group Holdings, Inc.; B. Riley Financial, Inc.; Great American Group, Inc.","Nasdaq, Nasdaq, Nasdaq, Nasdaq, Nasdaq, Nasdaq, Nasdaq",,
RIME,"Algorhythm Holdings, Inc.",NASDAQ,Services-Computer Integrated Systems Design,7373,923601,DE,1231,,SINGING MACHINE CO INC,Nasdaq,,
RIO,RIO TINTO PLC,NYSE,Metal Mining,1000,863064,X0,1231,,RTZ CORPORATION PLC,"NYSE, OTC",,
RIOT,"Riot Platforms, Inc.",NASDAQ,Finance Services,6199,1167419,NV,1231,,"Riot Blockchain, Inc.; Bioptix, Inc.; Venaxis, Inc.; AspenBio Pharma, Inc.; ASPENBIO INC",Nasdaq,,
RITM,Rithm Capital Corp.,NYSE,Real Estate Investment Trusts,6798,1556593,,1231,,New Residential Investment Corp.; Spinco Inc.,"NYSE, NYSE, NYSE, NYSE, NYSE, NYSE, NYSE",,
RITR,Reitar Logtech Holdings Ltd,NASDAQ,Real Estate Operators (No Developers) & Lessors,6510,1951229,E9,0331,,,Nasdaq,,
RIVN,"Rivian Automotive, Inc. / DE",NASDAQ,Motor Vehicles & Passenger Car Bodies,3711,1874178,DE,1231,,,Nasdaq,,
RJET,REPUBLIC AIRWAYS HOLDINGS INC.,NASDAQ,"Air Transportation, Scheduled",4512,810332,DE,1231,,MESA AIR GROUP INC; MESA AIRLINES INC,Nasdaq,,
RJF,RAYMOND JAMES FINANCIAL INC,NYSE,"Security Brokers, Dealers & Flotation Companies",6211,720005,FL,0930,,,NYSE,,
RKDA,"Arcadia Biosciences, Inc.",NASDAQ,Crude Petroleum & Natural Gas,1311,1469443,DE,1231,,,Nasdaq,,
RKLB,Rocket Lab Corp,NASDAQ,Guided Missiles & Space Vehicles & Parts,3760,1819994,,1231,,"Rocket Lab USA, Inc.; Vector Acquisition Corp",Nasdaq,,
RKT,"Rocket Companies, Inc.",NYSE,Mortgage Bankers & Loan Correspondents,6162,1805284,MI,1231,,,NYSE,,
RKTO,Rocket One Inc.,NASDAQ,Pharmaceutical Preparations,2834,1711786,NV,1231,,"Hoth Therapeutics, Inc.",Nasdaq,,
RL,RALPH LAUREN CORP,NYSE,"Men's & Boys' Furnishgs, Work Clothg, & Allied Garments",2320,1037038,DE,0328,,POLO RALPH LAUREN CORP,NYSE,,
RLAY,"Relay Therapeutics, Inc.",NASDAQ,"Biological Products, (No Diagnostic Substances)",2836,1812364,DE,1231,,,Nasdaq,,
RLGT,"RADIANT LOGISTICS, INC",NYSE American,Arrangement of  Transportation of  Freight & Cargo,4731,1171155,DE,0630,,GOLF TWO INC,NYSE,,
RLI,RLI CORP,NYSE,"Fire, Marine & Casualty Insurance",6331,84246,DE,1231,,,NYSE,,
RLMD,"RELMADA THERAPEUTICS, INC.",NASDAQ,Pharmaceutical Preparations,2834,1553643,NV,1231,,"CAMP NINE, INC.",Nasdaq,,
RLYB,Rallybio Corp,NASDAQ,Pharmaceutical Preparations,2834,1739410,DE,1231,,"Rallybio Holdings, LLC",Nasdaq,,
RM,Regional Management Corp.,NYSE,Personal Credit Institutions,6141,1519401,DE,1231,,Regional Management Corp.,NYSE,,
RMBI,"Richmond Mutual Bancorporation, Inc.",NASDAQ,State Commercial Banks,6022,1767837,,1231,,,Nasdaq,,
RMBS,RAMBUS INC,NASDAQ,Semiconductors & Related Devices,3674,917273,DE,1231,,,Nasdaq,,
RMCF,"Rocky Mountain Chocolate Factory, Inc.",NASDAQ,Sugar & Confectionery Products,2060,1616262,DE,0228,,,Nasdaq,,
RMCO,Royalty Management Holding Corp,NASDAQ,Patent Owners & Lessors,6794,1843656,DE,1231,,American Acquisition Opportunity Inc.,"Nasdaq, Nasdaq",,
RMD,RESMED INC,NYSE,Surgical & Medical Instruments & Apparatus,3841,943819,DE,0630,,,"NYSE, OTC",,
RMIX,"Suncrete, Inc.",NASDAQ,"Concrete Products, Except Block & Brick",3272,2094433,,1231,,,Nasdaq,,
RMNI,"Rimini Street, Inc.",NASDAQ,"Services-Business Services, NEC",7389,1635282,DE,1231,,GP Investments Acquisition Corp.,Nasdaq,,
RMR,RMR GROUP INC.,NASDAQ,Services-Management Consulting Services,8742,1644378,MD,0930,,Reit Management & Research Inc.,Nasdaq,,
RMSG,Real Messenger Corp,NASDAQ,"Services-Computer Programming, Data Processing, Etc.",7370,1983324,E9,,,,"Nasdaq, Nasdaq",,
RMTI,"ROCKWELL MEDICAL, INC.",NASDAQ,Pharmaceutical Preparations,2834,1041024,DE,1231,,ROCKWELL MEDICAL TECHNOLOGIES INC,Nasdaq,,
RNA,"Atrium Therapeutics, Inc.",NASDAQ,Pharmaceutical Preparations,2834,2093101,DE,1231,,,Nasdaq,,
RNAC,"Cartesian Therapeutics, Inc.",NASDAQ,Pharmaceutical Preparations,2834,1453687,DE,1231,,SELECTA BIOSCIENCES INC,Nasdaq,,
RNAZ,"Transcode Therapeutics, Inc.",NASDAQ,Pharmaceutical Preparations,2834,1829635,DE,1231,,,Nasdaq,,
RNG,"RingCentral, Inc.",NYSE,Services-Computer Processing & Data Preparation,7374,1384905,,1231,,RingCentral Inc,NYSE,,
RNGR,"Ranger Energy Services, Inc.",NYSE,"Oil & Gas Field Services, NEC",1389,1699039,TX,1231,,,NYSE,,
RNR,RENAISSANCERE HOLDINGS LTD,NYSE,"Fire, Marine & Casualty Insurance",6331,913144,D0,1231,,,"NYSE, NYSE, NYSE",,
RNST,RENASANT CORP,NYSE,State Commercial Banks,6022,715072,MS,1231,,PEOPLES HOLDING CO,NYSE,,
RNTX,"Rein Therapeutics, Inc.",NASDAQ,Pharmaceutical Preparations,2834,1420565,,1231,,"Aileron Therapeutics, Inc.; AILERON THERAPEUTICS INC",Nasdaq,,
RNW,ReNew Energy Global plc,NASDAQ,Electric Services,4911,1848763,K7,0331,,ReNew Energy Global Ltd,"Nasdaq, Nasdaq",,
RNXT,"RenovoRx, Inc.",NASDAQ,Pharmaceutical Preparations,2834,1574094,DE,1231,,,Nasdaq,,
ROAD,"Construction Partners, Inc.",NASDAQ,Heavy Construction Other Than Bldg Const - Contractors,1600,1718227,DE,0930,,,Nasdaq,,
ROC,Rank One Computing Corp,NASDAQ,Services-Prepackaged Software,7372,2077709,CO,1231,,Rank One Computing Corp dba ROC,Nasdaq,,
ROCK,"GIBRALTAR INDUSTRIES, INC.",NASDAQ,"Steel Works, Blast Furnaces & Rolling & Finishing Mills",3310,912562,DE,1231,,GIBRALTAR STEEL CORP,Nasdaq,,
ROG,ROGERS CORP,NYSE,"Plastic Materials, Synth Resins & Nonvulcan Elastomers",2821,84748,MA,1231,,,NYSE,,
ROIV,Roivant Sciences Ltd.,NASDAQ,Pharmaceutical Preparations,2834,1635088,D0,0331,,,Nasdaq,,
ROK,"ROCKWELL AUTOMATION, INC",NYSE,"Measuring & Controlling Devices, NEC",3829,1024478,DE,0930,,ROCKWELL AUTOMATION INC; ROCKWELL  AUTOMATION INC; ROCKWELL INTERNATIONAL CORP; NEW ROCKWELL INTERNATIONAL CORP,NYSE,,
ROKU,"ROKU, INC",NASDAQ,Cable & Other Pay Television Services,4841,1428439,DE,1231,,ROKU INC,Nasdaq,,
ROL,ROLLINS INC,NYSE,Services-To Dwellings & Other Buildings,7340,84839,DE,1231,,,NYSE,,
ROLR,"High Roller Technologies, Inc.",NYSE American,Services-Amusement & Recreation Services,7900,1947210,DE,1231,,,NYSE,,
ROMA,Roma Green Finance Ltd,NASDAQ,Services-Management Consulting Services,8742,1945240,E9,0331,,,Nasdaq,,
ROOT,"Root, Inc.",NASDAQ,"Fire, Marine & Casualty Insurance",6331,1788882,DE,1231,,"Root Stockholdings, Inc.",Nasdaq,,
ROP,ROPER TECHNOLOGIES INC,NASDAQ,"Industrial Instruments For Measurement, Display, and Control",3823,882835,DE,1231,,ROPER TECHNOLOGIES INC; ROPER INDUSTRIES INC; ROPER INDUSTRIES INC /DE/,Nasdaq,,
ROST,"ROSS STORES, INC.",NASDAQ,Retail-Family Clothing Stores,5651,745732,DE,0201,,ROSS STORES INC,Nasdaq,,
RPAY,Repay Holdings Corp,NASDAQ,"Services-Business Services, NEC",7389,1720592,DE,1231,,Thunder Bridge Acquisition Ltd,Nasdaq,,
RPC,"Ridgepost Capital, Inc.",NYSE,Investment Advice,6282,1841968,DE,1231,,"P10, Inc.",NYSE,,
RPD,"Rapid7, Inc.",NASDAQ,Services-Prepackaged Software,7372,1560327,DE,1231,,Rapid7 Inc,Nasdaq,,
RPGL,Republic Power Group Ltd,NASDAQ,Services-Prepackaged Software,7372,1912884,D8,0630,,,Nasdaq,,
RPID,"RAPID MICRO BIOSYSTEMS, INC.",NASDAQ,Laboratory Analytical Instruments,3826,1380106,DE,1231,,RAPID MICRO BIOSYSTEMS INC,Nasdaq,,
RPM,RPM INTERNATIONAL INC/DE/,NYSE,"Paints, Varnishes, Lacquers, Enamels & Allied Prods",2851,110621,DE,0531,,RPM INC/OH/,NYSE,,
RPRX,Royalty Pharma plc,NASDAQ,Pharmaceutical Preparations,2834,1802768,X0,1231,,,Nasdaq,,
RR,RICHTECH ROBOTICS INC.,NASDAQ,"General Industrial Machinery & Equipment, NEC",3569,1963685,NV,0930,,,Nasdaq,,
RRBI,RED RIVER BANCSHARES INC,NASDAQ,State Commercial Banks,6022,1071236,LA,1231,,,Nasdaq,,
RRC,RANGE RESOURCES CORP,NYSE,Crude Petroleum & Natural Gas,1311,315852,DE,1231,,LOMAK PETROLEUM INC,NYSE,,
RRGB,RED ROBIN GOURMET BURGERS INC,NASDAQ,Retail-Eating  Places,5812,1171759,DE,1228,,,Nasdaq,,
RRR,"Red Rock Resorts, Inc.",NASDAQ,Hotels & Motels,7011,1653653,DE,1231,,"Red Rock Resorts, Inc.; Station Casinos Corp.",Nasdaq,,
RRX,REGAL REXNORD CORP,NYSE,"General Industrial Machinery & Equipment, NEC",3569,82811,WI,1231,,REGAL BELOIT CORP,NYSE,,
RS,"RELIANCE, INC.",NYSE,Wholesale-Metals Service Centers & of fices,5051,861884,DE,1231,,RELIANCE STEEL & ALUMINUM CO,NYSE,,
RSG,"REPUBLIC SERVICES, INC.",NYSE,Refuse Systems,4953,1060391,DE,1231,,REPUBLIC SERVICES INC,NYSE,,
RSI,"Rush Street Interactive, Inc.",NYSE,Services-Miscellaneous Amusement & Recreation,7990,1793659,DE,1231,,"dMY Technology Group, Inc.",NYSE,,
RSKD,RISKIFIED LTD.,NYSE,"Services-Business Services, NEC",7389,1851112,L3,1231,,,NYSE,,
RSSS,"Research Solutions, Inc.",NASDAQ,"Services-Business Services, NEC",7389,1386301,NV,0630,,Derycz Scientific Inc,Nasdaq,,
RSVR,"Reservoir Media, Inc.",NASDAQ,Services-Amusement & Recreation Services,7900,1824403,,0331,,Roth CH Acquisition II Co,"Nasdaq, Nasdaq",,
RTB,"RTB Digital, Inc.",NASDAQ,Services-Management Consulting Services,8742,1419275,NV,1231,,"RYVYL Inc.; GreenBox POS; GreenBox POS, LLC; ASAP Expo, Inc.",Nasdaq,,
RTX,RTX Corp,NYSE,Aircraft Engines & Engine Parts,3724,101829,DE,1231,,RAYTHEON TECHNOLOGIES CORP; UNITED TECHNOLOGIES CORP /DE/,NYSE,,
RUBI,Rubico Inc.,NASDAQ,Water Transportation,4400,1943421,1T,1231,,Central Tactical Acquisitions Inc.,Nasdaq,,
RUM,RUM Group Inc.,NASDAQ,"Services-Computer Programming, Data Processing, Etc.",7370,1830081,,1231,,Rumble Inc.; CF Acquisition Corp. VI,"Nasdaq, Nasdaq",,
RUN,Sunrun Inc.,NASDAQ,Construction - Special Trade Contractors,1700,1469367,DE,1231,,,Nasdaq,,
RUSHA,RUSH ENTERPRISES INC \TX\,NASDAQ,Retail-Auto Dealers & Gasoline Stations,5500,1012019,TX,1231,,,"Nasdaq, Nasdaq",,
RUSHB,RUSH ENTERPRISES INC \TX\,NASDAQ,Retail-Auto Dealers & Gasoline Stations,5500,1012019,TX,1231,,,"Nasdaq, Nasdaq",,
RVLV,"Revolve Group, Inc.",NYSE,Retail-Catalog & Mail-Order Houses,5961,1746618,DE,1231,,"Revolve Group, LLC; Advance Holdings, LLC",NYSE,,
RVMD,"Revolution Medicines, Inc.",NASDAQ,"Biological Products, (No Diagnostic Substances)",2836,1628171,DE,1231,,,"Nasdaq, Nasdaq",,
RVP,RETRACTABLE TECHNOLOGIES INC,NYSE American,Surgical & Medical Instruments & Apparatus,3841,946563,TX,1231,,,NYSE,,
RVSB,RIVERVIEW BANCORP INC,NASDAQ,"Savings Institution, Federally Chartered",6035,1041368,WA,0331,,,Nasdaq,,
RVSN,Rail Vision Ltd.,NASDAQ,Railroad Equipment,3743,1743905,L3,1231,,,"Nasdaq, Nasdaq",,
RVTY,"REVVITY, INC.",NYSE,Laboratory Analytical Instruments,3826,31791,MA,1229,,PERKINELMER INC; EG&G INC,NYSE,,
RWAY,Runway Growth Finance Corp.,NASDAQ,,,1653384,MD,1231,,Runway Growth Credit Fund Inc.; GSV Growth Credit Fund Inc.,"Nasdaq, Nasdaq, Nasdaq",,
RXO,"RXO, Inc.",NYSE,Transportation Services,4700,1929561,DE,1231,,"RXO, LLC; NAT Holdings, LLC",NYSE,,
RXRX,"RECURSION PHARMACEUTICALS, INC.",NASDAQ,"Biological Products, (No Diagnostic Substances)",2836,1601830,DE,1231,,"Recursion Pharmaceuticals, LLC",Nasdaq,,
RXST,"RxSight, Inc.",NASDAQ,Ophthalmic Goods,3851,1111485,DE,1231,,CALHOUN VISION INC,Nasdaq,,
RXT,"Rackspace Technology, Inc.",NASDAQ,"Services-Computer Programming, Data Processing, Etc.",7370,1810019,DE,1231,,Rackspace Corp.,Nasdaq,,
RY,ROYAL BANK OF CANADA,NYSE,"Commercial Banks, NEC",6029,1000275,A6,1031,,ROYAL BANK OF CANADA; ROYAL BANK OF CANADA \,"NYSE, OTC",,
RYAM,RAYONIER ADVANCED MATERIALS INC.,NYSE,Pulp Mills,2611,1597672,DE,1231,,Rayonier Holding Co,NYSE,,
RYAN,"RYAN SPECIALTY HOLDINGS, INC.",NYSE,"Insurance Agents, Brokers & Service",6411,1849253,DE,1231,,"RYAN SPECIALTY GROUP HOLDINGS, INC.; MAVERICK SPECIALTY, INC.",NYSE,,
RYDE,Ryde Group Ltd,NYSE American,"Services-Business Services, NEC",7389,1971115,E9,1231,,,NYSE,,
RYET,Ruanyun Edai Technology Inc.,NASDAQ,Services-Prepackaged Software,7372,1873454,E9,0331,,Ruanyun Edal Technology Inc.,Nasdaq,,
RYM,"RYTHM, Inc.",NASDAQ,Agricultural Services,0700,1800637,NV,1231,,Agrify Corp,Nasdaq,,
RYN,RAYONIER INC,NYSE,Real Estate Investment Trusts,6798,52827,NC,1231,,ITT RAYONIER INC,NYSE,,
RYOJ,"rYojbaba Co., Ltd.",NASDAQ,Services-Management Consulting Services,8742,2012600,M0,1231,,,Nasdaq,,
RYTM,"RHYTHM PHARMACEUTICALS, INC.",NASDAQ,Pharmaceutical Preparations,2834,1649904,DE,1231,,"RHYTHM METABOLIC, INC.",Nasdaq,,
RYZ,Ryerson Holding Corp,NYSE,Wholesale-Metals Service Centers & of fices,5051,1481582,DE,1231,,,NYSE,,
RZC,REINSURANCE GROUP OF AMERICA INC,NYSE,Life Insurance,6311,898174,MO,1231,,,"NYSE, NYSE",,
RZLT,"Rezolute, Inc.",NASDAQ,Pharmaceutical Preparations,2834,1509261,NV,0630,,"AntriaBio, Inc.; FITS MY STYLE INC",Nasdaq,,
RZLV,REZOLVE AI PLC,NASDAQ,"Services-Computer Programming, Data Processing, Etc.",7370,1920294,X0,1231,,REZOLVE AI PLC; REZOLVE AI Ltd; REZOLVE GROUP Ltd,"Nasdaq, Nasdaq",,
S,"SentinelOne, Inc.",NYSE,Services-Prepackaged Software,7372,1583708,DE,0131,,"Sentinel Labs, Inc.",NYSE,,
SA,SEABRIDGE GOLD INC,NYSE,Gold and Silver Ores,1040,1231346,A6,1231,,,NYSE,,
SABR,Sabre Corp,NASDAQ,"Services-Computer Programming, Data Processing, Etc.",7370,1597033,DE,1231,,,Nasdaq,,
SABS,"SAB Biotherapeutics, Inc.",NASDAQ,"Biological Products, (No Diagnostic Substances)",2836,1833214,DE,1231,,Big Cypress Acquisition Corp.,"Nasdaq, Nasdaq",,
SACH,Sachem Capital Corp.,NYSE American,Real Estate Investment Trusts,6798,1682220,NY,1231,,,"NYSE, NYSE, NYSE, NYSE, NYSE, NYSE",,
SAFE,Safehold Inc.,NYSE,Real Estate Investment Trusts,6798,1095651,MD,1231,,ISTAR INC.; ISTAR FINANCIAL INC; STARWOOD FINANCIAL INC,NYSE,,
SAFT,SAFETY INSURANCE GROUP INC,NASDAQ,"Fire, Marine & Casualty Insurance",6331,1172052,DE,1231,,SAFETY HOLDINGS INC,Nasdaq,,
SAFX,"XCF Global, Inc.",NASDAQ,Industrial Organic Chemicals,2860,2019793,DE,1231,,"Focus Impact BH3 NewCo, Inc.",Nasdaq,,
SAGT,SAGTEC GLOBAL Ltd,NASDAQ,Services-Prepackaged Software,7372,2029138,N8,1231,,,Nasdaq,,
SAGU,Shreya Acquisition Group,NYSE,Blank Checks,6770,2083452,E9,0630,,,"NYSE, NYSE, NYSE, NYSE",,
SAH,SONIC AUTOMOTIVE INC,NYSE,Retail-Auto Dealers & Gasoline Stations,5500,1043509,DE,1231,,,NYSE,,
SAIA,SAIA INC,NASDAQ,Trucking (No Local),4213,1177702,DE,1231,,SCS TRANSPORTATION INC,Nasdaq,,
SAIC,Science Applications International Corp,NASDAQ,Services-Computer Integrated Systems Design,7373,1571123,DE,0129,,"SAIC Gemini, Inc.",Nasdaq,,
SAIH,SAIHEAT Ltd,NASDAQ,Finance Services,6199,1847075,,1231,,SAI.TECH Global Corp; TradeUP Global Corp,"Nasdaq, Nasdaq",,
SAIL,"SailPoint, Inc.",NASDAQ,Services-Prepackaged Software,7372,2030781,DE,0131,,"SailPoint Parent, LP",Nasdaq,,
SAM,BOSTON BEER CO INC,NYSE,Malt Beverages,2082,949870,MA,1227,,,NYSE,,
SAMG,Silvercrest Asset Management Group Inc.,NASDAQ,Investment Advice,6282,1549966,DE,1231,,,Nasdaq,,
SAN,"Banco Santander, S.A.",NYSE,"Commercial Banks, NEC",6029,891478,U3,1231,,BANCO SANTANDER SA; BANCO SANTANDER CENTRAL HISPANO SA; BANCO SANTANDER S A,"NYSE, OTC",,
SANA,"Sana Biotechnology, Inc.",NASDAQ,"Biological Products, (No Diagnostic Substances)",2836,1770121,DE,1231,,,Nasdaq,,
SANG,Sangoma Technologies Corp,NASDAQ,"Services-Computer Programming, Data Processing, Etc.",7370,1753368,A6,0630,,,Nasdaq,,
SANM,SANMINA CORP,NASDAQ,Printed Circuit Boards,3672,897723,DE,1003,,SANMINA-SCI CORP; SANMINA CORP/DE,Nasdaq,,
SAP,SAP SE,NYSE,Services-Prepackaged Software,7372,1000184,2M,1231,,SAP AG; SAP AKTIENGESELLSCHAFT SYSTEMS APPLICATIONS PRODUCTS IN DATA,"NYSE, OTC",,
SAR,SARATOGA INVESTMENT CORP.,NYSE,,,1377936,MD,0228,,GSC INVESTMENT CORP.; GSC Investment LLC,"NYSE, NYSE, NYSE, NYSE, NYSE, NYSE, NYSE",,
SARO,"StandardAero, Inc.",NYSE,Aircraft Engines & Engine Parts,3724,2025410,DE,1231,,"Dynasty Parent Co., Inc.",NYSE,,
SATL,Satellogic Inc.,NASDAQ,Radio & Tv Broadcasting & Communications Equipment,3663,1874315,D8,1231,,,"Nasdaq, Nasdaq",,
SB,"SAFE BULKERS, INC.",NYSE,Deep Sea Foreign Transportation of  Freight,4412,1434754,,,,,"NYSE, NYSE, NYSE",,
SBAC,SBA COMMUNICATIONS CORP,NASDAQ,Real Estate Investment Trusts,6798,1034054,FL,1231,,,Nasdaq,,
SBC,SBC Medical Group Holdings Inc,NASDAQ,Services-Offices & Clinics of  Doctors of  Medicine,8011,1930313,DE,1231,,"Pono Capital Two, Inc.","Nasdaq, Nasdaq",,
SBCF,SEACOAST BANKING CORP OF FLORIDA,NASDAQ,State Commercial Banks,6022,730708,FL,1231,,,Nasdaq,,
SBET,"Sharplink, Inc.",NASDAQ,Finance Services,6199,1981535,DE,1231,,"SharpLink Gaming, Inc.",Nasdaq,,
SBFG,"SB FINANCIAL GROUP, INC.",NASDAQ,State Commercial Banks,6022,767405,OH,1231,,RURBAN FINANCIAL CORP,Nasdaq,,
SBFM,Sunshine Biopharma Inc.,NASDAQ,Pharmaceutical Preparations,2834,1402328,CO,1231,,"Sunshine Biopharma, Inc; Mountain West Business Solutions, Inc; mountain west business solutions,inc; mountain state business solutions,inc","Nasdaq, Nasdaq",,
SBGI,"Sinclair, Inc.",NASDAQ,Television Broadcasting Stations,4833,1971213,MD,1231,,,Nasdaq,,
SBH,"Sally Beauty Holdings, Inc.",NYSE,"Retail-Retail Stores, NEC",5990,1368458,,0930,,"Sally Beauty Holdings, Inc.; New Sally Holdings, Inc.",NYSE,,
SBLK,Star Bulk Carriers Corp.,NASDAQ,Deep Sea Foreign Transportation of  Freight,4412,1386716,1T,1231,,,Nasdaq,,
SBMT,SILVER BOW MINING CORP.,NYSE American,Gold and Silver Ores,1040,2067674,A1,1231,,,NYSE,,
SBRA,"Sabra Health Care REIT, Inc.",NASDAQ,Real Estate Investment Trusts,6798,1492298,MD,1231,,,Nasdaq,,
SBSI,SOUTHSIDE BANCSHARES INC,NYSE,State Commercial Banks,6022,705432,TX,1231,,,NYSE,,
SBSW,Sibanye Stillwater Ltd,NYSE,Gold and Silver Ores,1040,1786909,T3,1231,,,"NYSE, OTC",,
SBUX,STARBUCKS CORP,NASDAQ,Retail-Eating & Drinking Places,5810,829224,WA,0928,,,Nasdaq,,
SBXD,SilverBox Corp IV,NYSE,Blank Checks,6770,2015947,,1231,,,"NYSE, NYSE, NYSE",,
SBXE,SilverBox Corp V,NYSE,Blank Checks,6770,2081909,E9,1231,,,"NYSE, NYSE, NYSE",,
SCCO,SOUTHERN COPPER CORP/,NYSE,Metal Mining,1000,1001838,DE,1231,,SOUTHERN PERU COPPER CORP/; SOUTHERN PERU COPPER HOLDING CO,NYSE,,
SCHL,SCHOLASTIC CORP,NASDAQ,Books: Publishing or  Publishing & Printing,2731,866729,DE,0531,,,Nasdaq,,
SCHW,SCHWAB CHARLES CORP,NYSE,"Security Brokers, Dealers & Flotation Companies",6211,316709,DE,1231,,,"NYSE, NYSE, NYSE",,
SCI,SERVICE CORP INTERNATIONAL,NYSE,Services-Personal Services,7200,89089,TX,1231,,SERVICE CORPORATION INTERNATIONAL,NYSE,,
SCKT,"SOCKET MOBILE, INC.",NASDAQ,Electronic Computers,3571,944075,DE,1231,,SOCKET COMMUNICATIONS INC,Nasdaq,,
SCL,STEPAN CO,NYSE,"Soap, Detergents, Cleang Preparations, Perfumes, Cosmetics",2840,94049,DE,1231,,,NYSE,,
SCLX,Scilex Holding Co,NASDAQ,"Biological Products, (No Diagnostic Substances)",2836,1820190,DE,1231,,Scilex Holding Company/DE; Vickers Vantage Corp. I,"Nasdaq, Nasdaq",,
SCM,Stellus Capital Investment Corp,NYSE,,,1551901,MD,1231,,,NYSE,,
SCNX,"Scienture Holdings, Inc.",NASDAQ,Pharmaceutical Preparations,2834,1382574,DE,1231,,"TRxADE HEALTH, INC; TRXADE GROUP, INC.; XCELLINK INTERNATIONAL INC.; Bluebird Exploration Co.",Nasdaq,,
SCOR,"COMSCORE, INC.",NASDAQ,"Services-Business Services, NEC",7389,1158172,DE,1231,,COMSCORE NETWORKS INC,Nasdaq,,
SCPQ,Social Commerce Partners Corp,NASDAQ,Blank Checks,6770,2083143,E9,1231,,,"Nasdaq, Nasdaq, Nasdaq",,
SCSC,"SCANSOURCE, INC.",NASDAQ,Wholesale-Computers & Peripheral Equipment & Software,5045,918965,,0630,,SCANSOURCE INC,Nasdaq,,
SCTX,"Scribe Therapeutics, Inc.",NASDAQ,"Biological Products, (No Diagnostic Substances)",2836,1853921,DE,1231,,,Nasdaq,,
SCWO,374Water Inc.,NASDAQ,Motors & Generators,3621,933972,DE,1231,,"POWERVERDE, INC.; VYREX CORP",Nasdaq,,
SCYX,SCYNEXIS INC,NASDAQ,Pharmaceutical Preparations,2834,1178253,,1231,,,Nasdaq,,
SCZM,Santacruz Silver Mining Ltd.,NASDAQ,Gold and Silver Ores,1040,1548536,A1,1231,,,Nasdaq,,
SD,SANDRIDGE ENERGY INC,NYSE,Crude Petroleum & Natural Gas,1311,1349436,DE,1231,,RIATA ENERGY INC,NYSE,,
SDA,SunCar Technology Group Inc.,NASDAQ,"Services-Automotive Repair, Services & Parking",7500,1936804,E9,1231,,,"Nasdaq, Nasdaq",,
SDEV,Stablecoin Development Corp,NYSE American,Finance Services,6199,1389545,DE,1231,,"NovaBay Pharmaceuticals, Inc.",NYSE,,
SDGR,"Schrodinger, Inc.",NASDAQ,Pharmaceutical Preparations,2834,1490978,DE,1231,,,Nasdaq,,
SDHC,Smith Douglas Homes Corp.,NYSE,Operative Builders,1531,1982518,DE,1231,,,NYSE,,
SDOT,Sadot Group Inc.,NASDAQ,Retail-Eating & Drinking Places,5810,1701756,NV,1231,,"Muscle Maker, Inc.",Nasdaq,,
SDRL,Seadrill Ltd,NYSE,Drilling Oil & Gas Wells,1381,1737706,,1231,,NEW SDRL LTD.,NYSE,,
SDST,Stardust Power Inc.,NASDAQ,Primary Smelting & Refining of  Nonferrous Metals,3330,1831979,DE,1231,,Stardust Power Inc.; Global Partner Acquisition Corp II,"Nasdaq, Nasdaq",,
SEAT,Vivid Seats Inc.,NASDAQ,Services-Miscellaneous Amusement & Recreation,7990,1856031,DE,1231,,,"Nasdaq, Nasdaq",,
SEB,SEABOARD CORP /DE/,NYSE American,Wholesale-Farm Product Raw Materials,5150,88121,DE,1231,,,NYSE,,
SECZ,Securitize Corp.,NYSE,Finance Services,6199,2094496,DE,1231,,"Securitize Holdings, Inc.",NYSE,,
SEDG,"SOLAREDGE TECHNOLOGIES, INC.",NASDAQ,Semiconductors & Related Devices,3674,1419612,DE,1231,,SolarEdge Technologies Inc,Nasdaq,,
SEED,Origin Agritech LTD,NASDAQ,Agricultural Production-Crops,0100,1321851,D6,0930,,,Nasdaq,,
SEER,"Seer, Inc.",NASDAQ,Laboratory Analytical Instruments,3826,1726445,DE,1231,,"Seer Biosciences, Inc.",Nasdaq,,
SEG,Seaport Entertainment Group Inc.,NYSE,Services-Miscellaneous Amusement & Recreation,7990,2009684,DE,1231,,,NYSE,,
SEGG,Sports Entertainment Gaming Global Corp,NASDAQ,Services-Prepackaged Software,7372,1673481,DE,1231,,Lottery.com Inc.; Trident Acquisitions Corp.,"Nasdaq, Nasdaq",,
SEI,"Solaris Energy Infrastructure, Inc.",NYSE,Oil & Gas Field Machinery & Equipment,3533,1697500,DE,1231,,"Solaris Oilfield Infrastructure, Inc.",NYSE,,
SEIC,SEI INVESTMENTS CO,NASDAQ,"Security Brokers, Dealers & Flotation Companies",6211,350894,PA,1231,,SEI CORP,Nasdaq,,
SELF,"Global Self Storage, Inc.",NASDAQ,Real Estate Investment Trusts,6798,1031235,MD,1231,,"Self Storage Group, Inc.; GLOBAL INCOME FUND, INC.; GLOBAL INCOME FUND INC; BULL & BEAR GLOBAL INCOME FUND INC/",Nasdaq,,
SENEA,Seneca Foods Corp,NASDAQ,"Canned, Fruits, Veg, Preserves, Jams & Jellies",2033,88948,NY,0331,,SENECA FOODS CORP /NY/,"Nasdaq, Nasdaq, OTC, OTC",,
SENEB,Seneca Foods Corp,NASDAQ,"Canned, Fruits, Veg, Preserves, Jams & Jellies",2033,88948,NY,0331,,SENECA FOODS CORP /NY/,"Nasdaq, Nasdaq, OTC, OTC",,
SENS,"Senseonics Holdings, Inc.",NASDAQ,"Industrial Instruments For Measurement, Display, and Control",3823,1616543,DE,1231,,"Senseonics Holdings, Inc.; ASN Technologies, Inc.",Nasdaq,,
SEPN,"Septerna, Inc.",NASDAQ,Pharmaceutical Preparations,2834,1984086,DE,1231,,,Nasdaq,,
SER,"Serina Therapeutics, Inc.",NYSE American,Pharmaceutical Preparations,2834,1708599,AL,1231,,"AgeX Therapeutics, Inc.",NYSE,,
SERA,"SERA PROGNOSTICS, INC.",NASDAQ,Services-Medical Laboratories,8071,1534969,DE,1231,,"SERA PROGNOSTICS, INC.",Nasdaq,,
SERV,Serve Robotics Inc. /DE/,NASDAQ,"General Industrial Machinery & Equipment, NEC",3569,1832483,DE,1231,,Patricia Acquisition Corp.,Nasdaq,,
SES,SES AI Corp,NYSE,"Miscellaneous Electrical Machinery, Equipment & Supplies",3690,1819142,,1231,,SES AI Corp; Ivanhoe Capital Acquisition Corp.,"NYSE, OTC",,
SEV,Aptera Motors Corp,NASDAQ,Motor Vehicles & Passenger Car Bodies,3711,1786471,DE,1231,,,Nasdaq,,
SEZL,Sezzle Inc.,NASDAQ,"Services-Business Services, NEC",7389,1662991,DE,1231,,Sezzle Inc.,Nasdaq,,
SF,STIFEL FINANCIAL CORP,NYSE,"Security Brokers, Dealers & Flotation Companies",6211,720672,DE,1231,,,"NYSE, NYSE, NYSE, NYSE, NYSE",,
SFBC,"Sound Financial Bancorp, Inc.",NASDAQ,"Savings Institution, Federally Chartered",6035,1541119,MD,1231,,,Nasdaq,,
SFBS,"ServisFirst Bancshares, Inc.",NYSE,State Commercial Banks,6022,1430723,DE,1231,,,NYSE,,
SFD,SMITHFIELD FOODS INC,NASDAQ,Meat Packing Plants,2011,91388,VA,0103,,,Nasdaq,,
SFHG,SAMFINE CREATION HOLDINGS GROUP Ltd,NASDAQ,Commercial Printing,2750,1926792,E9,1231,,,Nasdaq,,
SFIX,"Stitch Fix, Inc.",NASDAQ,Retail-Catalog & Mail-Order Houses,5961,1576942,DE,0731,,,Nasdaq,,
SFL,SFL Corp Ltd.,NYSE,Deep Sea Foreign Transportation of  Freight,4412,1289877,,,,Ship Finance International LTD,NYSE,,
SFM,"Sprouts Farmers Market, Inc.",NASDAQ,Retail-Grocery Stores,5411,1575515,DE,1228,,"Sprouts Farmers Markets, LLC",Nasdaq,,
SFNC,SIMMONS FIRST NATIONAL CORP,NASDAQ,National Commercial Banks,6021,90498,AR,1231,,,Nasdaq,,
SFST,SOUTHERN FIRST BANCSHARES INC,NASDAQ,National Commercial Banks,6021,1090009,SC,1231,,GREENVILLE FIRST BANCSHARES INC,Nasdaq,,
SFWL,SHENGFENG DEVELOPMENT Ltd,NASDAQ,Trucking & Courier Services (No Air),4210,1863218,E9,1231,,,Nasdaq,,
SG,"Sweetgreen, Inc.",NYSE,Retail-Eating  Places,5812,1477815,DE,1231,,,NYSE,,
SGA,SAGA COMMUNICATIONS INC,NASDAQ,Radio Broadcasting Stations,4832,886136,FL,1231,,SAGA COMMUNICATIONS INC /DE/,Nasdaq,,
SGC,"SUPERIOR GROUP OF COMPANIES, INC.",NASDAQ,Apparel & Other Finishd Prods of  Fabrics & Similar Matl,2300,95574,FL,1231,,SUPERIOR UNIFORM GROUP INC; SUPERIOR SURGICAL MANUFACTURING CO INC,Nasdaq,,
SGHC,Super Group (SGHC) Ltd,NYSE,Services-Miscellaneous Amusement & Recreation,7990,1878057,Y7,1231,,,NYSE,,
SGHT,"Sight Sciences, Inc.",NASDAQ,Surgical & Medical Instruments & Apparatus,3841,1531177,DE,1231,,,Nasdaq,,
SGI,SOMNIGROUP INTERNATIONAL INC.,NYSE,Household Furniture,2510,1206264,DE,1231,,"TEMPUR SEALY INTERNATIONAL, INC.; TEMPUR PEDIC INTERNATIONAL INC; TWI HOLDINGS INC",NYSE,,
SGLD,Scorpio Gold Corporation - Common Stock,NASDAQ,,,,,,,,,,
SGLY,Singularity Future Technology Ltd.,NASDAQ,Arrangement of  Transportation of  Freight & Cargo,4731,1422892,,0630,,"Sino-Global Shipping America, Ltd.",Nasdaq,,
SGML,Sigma Lithium Corp,NASDAQ,Metal Mining,1000,1848309,Z4,1231,,Sigma Lithium Resources Corp,Nasdaq,,
SGMT,Sagimet Biosciences Inc.,NASDAQ,Pharmaceutical Preparations,2834,1400118,DE,1231,,"3-V Biosciences, Inc.",Nasdaq,,
SGP,"SpyGlass Pharma, Inc.",NASDAQ,Surgical & Medical Instruments & Apparatus,3841,1778922,DE,1231,,"SpyGlassPharma, Inc.; SpyGlass Ophthalmics, Inc.",Nasdaq,,
SGRX,SANGRIX INC.,NASDAQ,Finance Services,6199,1735556,E9,0630,,"BIT ORIGIN Ltd; China Xiangtai Food Co., Ltd.","Nasdaq, Nasdaq",,
SGRY,"Surgery Partners, Inc.",NASDAQ,"Services-General Medical & Surgical Hospitals, NEC",8062,1638833,DE,1231,,,Nasdaq,,
SGU,"STAR GROUP, L.P.",NYSE,"Retail-Retail Stores, NEC",5990,1002590,DE,0930,,STAR GROUP LP; STAR GAS PARTNERS LP,NYSE,,
SHAK,Shake Shack Inc.,NYSE,Retail-Eating & Drinking Places,5810,1620533,,1231,,,NYSE,,
SHAZ,SharonAI Holdings Inc.,NASDAQ,Services-Computer Processing & Data Preparation,7374,2068385,DE,1231,,"SharonAI Holdings, Inc.; Roth CH Holdings, Inc.","Nasdaq, OTC",,
SHBI,SHORE BANCSHARES INC,NASDAQ,National Commercial Banks,6021,1035092,MD,1231,,,Nasdaq,,
SHC,Sotera Health Co,NASDAQ,"Services-Misc Health & Allied Services, NEC",8090,1822479,DE,1231,,"Sotera Health Topco, Inc.",Nasdaq,,
SHEN,SHENANDOAH TELECOMMUNICATIONS CO/VA/,NASDAQ,Telephone Communications (No Radiotelephone),4813,354963,VA,1231,,,Nasdaq,,
SHFS,"SHF Holdings, Inc.",NASDAQ,Finance Services,6199,1854963,DE,1231,,Northern Lights Acquisition Corp.,"Nasdaq, Nasdaq",,
SHIM,Shimmick Corp,NASDAQ,Heavy Construction Other Than Bldg Const - Contractors,1600,1887944,DE,1231,,"SCCI National Holdings, Inc.",Nasdaq,,
SHIP,Seanergy Maritime Holdings Corp.,NASDAQ,Deep Sea Foreign Transportation of  Freight,4412,1448397,1T,1231,,,Nasdaq,,
SHLS,"Shoals Technologies Group, Inc.",NASDAQ,Semiconductors & Related Devices,3674,1831651,DE,1231,,,Nasdaq,,
SHMD,SCHMID Group N.V.,NASDAQ,Misc Industrial & Commercial Machinery & Equipment,3590,1987240,P7,1231,,Pegasus TopCo B.V.,"Nasdaq, Nasdaq",,
SHO,"Sunstone Hotel Investors, Inc.",NYSE,Hotels & Motels,7011,1295810,MD,1231,,,"NYSE, NYSE, NYSE",,
SHOE,SHOE STATION GROUP INC,NASDAQ,Retail-Shoe Stores,5661,895447,IN,0130,,SHOE CARNIVAL INC,Nasdaq,,
SHOO,"STEVEN MADDEN, LTD.",NASDAQ,"Footwear, (No Rubber)",3140,913241,DE,1231,,MADDEN STEVEN LTD,Nasdaq,,
SHOP,SHOPIFY INC.,NASDAQ,Services-Prepackaged Software,7372,1594805,Z4,1231,,,Nasdaq,,
SHOT,RMG ML Sports Holdings,NASDAQ,Blank Checks,6770,2104879,E9,1231,,,"Nasdaq, Nasdaq, Nasdaq",,
SHPH,"Shuttle Pharmaceuticals Holdings, Inc.",NASDAQ,Pharmaceutical Preparations,2834,1757499,DE,1231,,"Shuttle Pharmaceuticals Holdings, Inc.",Nasdaq,,
SHW,SHERWIN WILLIAMS CO,NYSE,"Retail-Building Materials, Hardware, Garden Supply",5200,89800,OH,1231,,,NYSE,,
SI,"SHOULDER INNOVATIONS, INC.",NYSE,Surgical & Medical Instruments & Apparatus,3841,1699350,DE,1231,,,NYSE,,
SIBN,"SI-BONE, Inc.",NASDAQ,Surgical & Medical Instruments & Apparatus,3841,1459839,DE,1231,,SI-Bone Inc.,Nasdaq,,
SID,NATIONAL STEEL CO,NYSE,"Steel Works, Blast Furnaces & Rolling & Finishing Mills",3310,1049659,D5,1231,,,NYSE,,
SIEB,SIEBERT FINANCIAL CORP,NASDAQ,"Security Brokers, Dealers & Flotation Companies",6211,65596,NY,1231,,MICHAELS J INC,Nasdaq,,
SIF,SIFCO INDUSTRIES INC,NYSE American,Aircraft Engines & Engine Parts,3724,90168,OH,0930,,,NYSE,,
SIFY,SIFY TECHNOLOGIES LTD,NASDAQ,"Services-Computer Programming, Data Processing, Etc.",7370,1094324,,0331,,SIFY LTD; SATYAM INFOWAY LTD,Nasdaq,,
SIG,SIGNET JEWELERS LTD,NYSE,Retail-Jewelry Stores,5944,832988,,0201,,SIGNET GROUP PLC,NYSE,,
SIGA,SIGA TECHNOLOGIES INC,NASDAQ,Pharmaceutical Preparations,2834,1010086,DE,1231,,SIGA PHARMACEUTICALS INC,Nasdaq,,
SIGI,SELECTIVE INSURANCE GROUP INC,NASDAQ,"Fire, Marine & Casualty Insurance",6331,230557,NJ,1231,,,"Nasdaq, Nasdaq",,
SII,SPROTT INC.,NYSE,Finance Services,6199,1512920,A6,,,,NYSE,,
SILC,SILICOM LTD.,NASDAQ,Computer Communications Equipment,3576,916793,,1231,,SILICOM LTD,Nasdaq,,
SILO,"Silo Pharma, Inc.",NASDAQ,Pharmaceutical Preparations,2834,1514183,NV,1231,,"Uppercut Brands, Inc.; Point Capital, Inc.; Gold Swap Inc",Nasdaq,,
SIND,Sinda Ltd.,NYSE,Gold and Silver Ores,1040,2096861,E9,1231,,,NYSE,,
SINT,"Sintx Technologies, Inc.",NASDAQ,Surgical & Medical Instruments & Apparatus,3841,1269026,DE,1231,,AMEDICA CORP; AMEDICA Corp,Nasdaq,,
SION,"Sionna Therapeutics, Inc.",NASDAQ,Pharmaceutical Preparations,2834,2036042,DE,1231,,,Nasdaq,,
SIRI,SIRIUS XM HOLDINGS INC.,NASDAQ,Radio Broadcasting Stations,4832,908937,,1231,,SIRIUS XM HOLDINGS INC.; SIRIUS XM RADIO INC.; SIRIUS SATELLITE RADIO INC; CD RADIO INC,Nasdaq,,
SITC,SITE Centers Corp.,NYSE,Real Estate Investment Trusts,6798,894315,OH,1231,,DDR CORP; DEVELOPERS DIVERSIFIED REALTY CORP; DEVELOPERS DIVERSIFIED REALTY,NYSE,,
SITE,"SiteOne Landscape Supply, Inc.",NYSE,Wholesale-Professional & Commercial Equipment & Supplies,5040,1650729,DE,0103,,,NYSE,,
SITM,SITIME Corp,NASDAQ,Semiconductors & Related Devices,3674,1451809,,1231,,,Nasdaq,,
SJ,Scienjoy Holding Corp,NASDAQ,Services-Computer Processing & Data Preparation,7374,1753673,D8,1231,,Wealthbridge Acquisition Ltd,Nasdaq,,
SJM,J M SMUCKER Co,NYSE,"Canned, Fruits, Veg, Preserves, Jams & Jellies",2033,91419,OH,0430,,SMUCKER J M CO,NYSE,,
SKE,Skeena Resources Ltd,NYSE,Gold and Silver Ores,1040,1713748,A1,1231,,,NYSE,,
SKIL,Skillsoft Corp.,NYSE,Services-Prepackaged Software,7372,1774675,DE,0131,,Churchill Capital Corp II,NYSE,,
SKIN,SkinHealth Systems Inc.,NASDAQ,Surgical & Medical Instruments & Apparatus,3841,1818093,DE,1231,,Beauty Health Co; Vesper Healthcare Acquisition Corp.,Nasdaq,,
SKK,SKK Holdings Ltd,NASDAQ,"Water, Sewer, Pipeline, Comm & Power Line Construction",1623,1991261,E9,1231,,,Nasdaq,,
SKM,SK TELECOM CO LTD,NYSE,Radiotelephone Communications,4812,1015650,,1231,,,NYSE,,
SKT,TANGER INC.,NYSE,Real Estate Investment Trusts,6798,899715,NC,1231,,"TANGER INC.; TANGER FACTORY OUTLET CENTERS, INC; TANGER FACTORY OUTLET CENTERS INC",NYSE,,
SKWD,"Skyward Specialty Insurance Group, Inc.",NASDAQ,"Fire, Marine & Casualty Insurance",6331,1519449,DE,1231,,Houston International Insurance Group LTD; Houston International Insurance Group,Nasdaq,,
SKY,"Champion Homes, Inc.",NYSE,Mobile Homes,2451,90896,IN,0329,,"Champion Homes, Inc.; Skyline Champion Corp; SKYLINE CORP",NYSE,,
SKYA,"SkyAI, Inc.",NASDAQ,Finance Services,6199,1737995,NV,1231,,Sharps Technology Inc.,"Nasdaq, Nasdaq",,
SKYE,"Skye Bioscience, Inc.",NASDAQ,Pharmaceutical Preparations,2834,1516551,NV,1231,,"Emerald Bioscience, Inc.; Nemus Bioscience, Inc.; LOAD GUARD LOGISTICS, INC.; LOAD GUARD TRANSPORTATION, INC.",Nasdaq,,
SKYH,Sky Harbour Group Corp,NYSE,Real Estate,6500,1823587,DE,1231,,Yellowstone Acquisition Co,"NYSE, NYSE",,
SKYQ,Sky Quarry Inc.,NASDAQ,Hazardous Waste Management,4955,1812447,DE,1231,,,Nasdaq,,
SKYW,SKYWEST INC,NASDAQ,"Air Transportation, Scheduled",4512,793733,UT,1231,,,Nasdaq,,
SKYX,SKYX Platforms Corp.,NASDAQ,Electric Lighting & Wiring Equipment,3640,1598981,FL,1231,,SQL Technologies Corp.; Safety Quick Lighting & Fans Corp.,Nasdaq,,
SLAB,SILICON LABORATORIES INC.,NASDAQ,Semiconductors & Related Devices,3674,1038074,DE,0102,,SILICON LABORATORIES INC,Nasdaq,,
SLB,SLB LIMITED/NV,NYSE,"Oil & Gas Field Services, NEC",1389,87347,P8,1231,,SCHLUMBERGER LIMITED/NV; SCHLUMBERGER LTD /NV/; SCHLUMBERGER LTD /NY/,NYSE,,
SLBT,SL Science Holding Ltd,NASDAQ,"Biological Products, (No Diagnostic Substances)",2836,2070534,E9,1231,,,Nasdaq,,
SLDB,Solid Biosciences Inc.,NASDAQ,"Biological Products, (No Diagnostic Substances)",2836,1707502,DE,1231,,"Solid Biosciences, LLC",Nasdaq,,
SLDE,"Slide Insurance Holdings, Inc.",NASDAQ,"Fire, Marine & Casualty Insurance",6331,1886428,DE,1231,,,Nasdaq,,
SLDP,"Solid Power, Inc.",NASDAQ,"Miscellaneous Electrical Machinery, Equipment & Supplies",3690,1844862,DE,1231,,Decarbonization Plus Acquisition Corp III,"Nasdaq, Nasdaq",,
SLE,"Super League Enterprise, Inc.",NASDAQ,Services-Computer Integrated Systems Design,7373,1621672,DE,1231,,"Super League Gaming, Inc.; Nth Games, Inc.",Nasdaq,,
SLF,SUN LIFE FINANCIAL INC,NYSE,Life Insurance,6311,1097362,Z4,1231,,SUN LIFE FINANCIAL SERVICES INC; SUN LIFE FINANCIAL SERVICES OF CANADA INC,"NYSE, OTC, OTC, OTC",,
SLG,SL GREEN REALTY CORP,NYSE,Real Estate Investment Trusts,6798,1040971,MD,1231,,,"NYSE, NYSE",,
SLGB,Smart Logistics Global Ltd,NASDAQ,Arrangement of  Transportation of  Freight & Cargo,4731,1987189,,,,,Nasdaq,,
SLGL,Sol-Gel Technologies Ltd.,NASDAQ,Pharmaceutical Preparations,2834,1684693,L3,1231,,,Nasdaq,,
SLGN,SILGAN HOLDINGS INC,NYSE,Metal Cans,3411,849869,DE,1231,,,NYSE,,
SLI,STANDARD LITHIUM LTD.,NYSE American,Chemicals & Allied Products,2800,1537137,A1,1231,,Patriot Petroleum Corp.,NYSE,,
SLM,SLM Corp,NASDAQ,Personal Credit Institutions,6141,1032033,DE,1231,,USA EDUCATION INC; SLM HOLDING CORP,"Nasdaq, Nasdaq",,
SLMT,Brera Holdings PLC,NASDAQ,Finance Services,6199,1939965,L2,1231,,Brera Holdings PLC; Brera Holdings Ltd,Nasdaq,,
SLN,Silence Therapeutics plc,NASDAQ,Pharmaceutical Preparations,2834,1479615,X0,,,,"Nasdaq, OTC",,
SLND,"Southland Holdings, Inc.",NYSE American,Heavy Construction Other Than Bldg Const - Contractors,1600,1883814,DE,1231,,LEGATO MERGER CORP. II,"NYSE, NYSE",,
SLNG,"Stabilis Solutions, Inc.",NASDAQ,Natural Gas Distribution,4924,1043186,FL,1231,,"Stabilis Energy, Inc.; American Electric Technologies Inc; AMERICAN ACCESS TECHNOLOGIES INC",Nasdaq,,
SLNH,"Soluna Holdings, Inc",NASDAQ,Finance Services,6199,64463,NV,1231,,MECHANICAL TECHNOLOGY INC,"Nasdaq, Nasdaq",,
SLP,"Simulations Plus, Inc.",NASDAQ,Services-Computer Integrated Systems Design,7373,1023459,,0831,,SIMULATIONS PLUS INC,Nasdaq,,
SLQT,"SelectQuote, Inc.",NYSE,"Insurance Agents, Brokers & Service",6411,1794783,DE,0630,,,NYSE,,
SLS,"SELLAS Life Sciences Group, Inc.",NASDAQ,Pharmaceutical Preparations,2834,1390478,DE,1231,,"GALENA BIOPHARMA, INC.; Galena Biopharma, Inc.; RXI PHARMACEUTICALS CORP",Nasdaq,,
SLSN,"SOLESENCE, INC.",NASDAQ,"Perfumes, Cosmetics & Other Toilet Preparations",2844,883107,DE,1231,,NANOPHASE TECHNOLOGIES Corp; NANOPHASE TECHNOLOGIES CORPORATION,Nasdaq,,
SLSR,Solaris Resources Inc.,NYSE American,Gold and Silver Ores,1040,2019103,,1231,,,NYSE,,
SLVM,Sylvamo Corp,NYSE,Paper Mills,2621,1856485,DE,1231,,,NYSE,,
SLXN,Silexion Therapeutics Corp,NASDAQ,"Biological Products, (No Diagnostic Substances)",2836,2022416,E9,1231,,Biomotion Sciences,"Nasdaq, Nasdaq",,
SM,SM Energy Co,NYSE,Crude Petroleum & Natural Gas,1311,893538,DE,1231,,ST MARY LAND & EXPLORATION CO,NYSE,,
SMA,"SmartStop Self Storage REIT, Inc.",NYSE,Real Estate Investment Trusts,6798,1585389,MD,1231,,"Strategic Storage Trust II, Inc.",NYSE,,
SMBC,"SOUTHERN MISSOURI BANCORP, INC.",NASDAQ,"Savings Institutions, Not Federally Chartered",6036,916907,MO,0630,,SOUTHERN MISSOURI BANCORP INC,Nasdaq,,
SMBK,SMARTFINANCIAL INC.,NYSE,National Commercial Banks,6021,1038773,TN,1231,,CORNERSTONE BANCSHARES INC; EAST RIDGE BANCSHARES INC,NYSE,,
SMC,Summit Midstream Corp,NYSE,Natural Gas Transmission,4922,2024218,DE,1231,,,NYSE,,
SMCI,"Super Micro Computer, Inc.",NASDAQ,Electronic Computers,3571,1375365,CA,0630,,,"Nasdaq, Nasdaq",,
SMG,SCOTTS MIRACLE-GRO CO,NYSE,Agricultural Chemicals,2870,825542,OH,0930,,SCOTTS COMPANY,NYSE,,
SMHI,SEACOR Marine Holdings Inc.,NYSE,Deep Sea Foreign Transportation of  Freight,4412,1690334,DE,1231,,,NYSE,,
SMID,SMITH MIDLAND CORP,NASDAQ,"Concrete Products, Except Block & Brick",3272,924719,DE,1231,,,Nasdaq,,
SMJF,SMJ International Holdings Inc.,NYSE American,Wholesale-Lumber & Other Construction Materials,5030,2070954,E9,0331,,,NYSE,,
SMMT,Summit Therapeutics Inc.,NASDAQ,Pharmaceutical Preparations,2834,1599298,,1231,,Summit Therapeutics plc; Summit Corp plc,Nasdaq,,
SMP,"STANDARD MOTOR PRODUCTS, INC.",NYSE,Motor Vehicle Parts & Accessories,3714,93389,NY,1231,,STANDARD MOTOR PRODUCTS INC,NYSE,,
SMPL,Simply Good Foods Co,NASDAQ,Food and Kindred Products,2000,1702744,,0826,,,Nasdaq,,
SMR,NUSCALE POWER Corp,NYSE,Fabricated Plate Work (Boiler Shops),3443,1822966,,1231,,SPRING VALLEY ACQUISITION CORP.,NYSE,,
SMRT,"SmartRent, Inc.",NYSE,Services-Computer Integrated Systems Design,7373,1837014,DE,1231,,Fifth Wall Acquisition Corp. I,NYSE,,
SMSI,"SMITH MICRO SOFTWARE, INC.",NASDAQ,Services-Prepackaged Software,7372,948708,DE,1231,,"SMITH MICRO SOFTWARE, INC.; SMITH MICRO SOFTWARE, INC; SMITH MICRO SOFTWARE INC",Nasdaq,,
SMTC,SEMTECH CORP,NASDAQ,Semiconductors & Related Devices,3674,88941,DE,0131,,,Nasdaq,,
SMTI,Sanara MedTech Inc.,NASDAQ,"Orthopedic, Prosthetic & Surgical Appliances & Supplies",3842,714256,TX,1231,,"WOUND MANAGEMENT TECHNOLOGIES, INC.; MB SOFTWARE CORP; INAV TRAVEL CORPORATION",Nasdaq,,
SMTK,"SmartKem, Inc.",NASDAQ,Semiconductors & Related Devices,3674,1817760,DE,1231,,Parasol Investments Corp,Nasdaq,,
SMWB,SIMILARWEB LTD.,NYSE,"Services-Computer Programming, Data Processing, Etc.",7370,1842731,L3,1231,,,NYSE,,
SMX,SMX (Security Matters) Public Ltd Co,NASDAQ,Misc Industrial & Commercial Machinery & Equipment,3590,1940674,L2,1231,,Empatan Public Ltd Co,"Nasdaq, Nasdaq",,
SMXT,"SolarMax Technology, Inc.",NASDAQ,Construction - Special Trade Contractors,1700,1519472,NV,1231,,,Nasdaq,,
SN,"SharkNinja, Inc.",NYSE,Household Appliances,3630,1957132,E9,1231,,"SharkNinja Global SPV, Ltd.",NYSE,,
SNA,Snap-on Inc,NYSE,"Cutlery, Handtools & General Hardware",3420,91440,DE,0102,,SNAP ON INC; SNAP ON TOOLS CORP,NYSE,,
SNAL,"Snail, Inc.",NASDAQ,Services-Prepackaged Software,7372,1886894,DE,1231,,"Snail, Inc.",Nasdaq,,
SNAP,Snap Inc,NYSE,"Services-Computer Programming, Data Processing, Etc.",7370,1564408,DE,1231,,Snap Inc; Snapchat Inc,NYSE,,
SND,"Smart Sand, Inc.",NASDAQ,Mining & Quarrying of  Nonmetallic Minerals (No Fuels),1400,1529628,DE,1231,,,Nasdaq,,
SNDA,"SONIDA SENIOR LIVING, INC.",NYSE,Services-Nursing & Personal Care Facilities,8050,1043000,DE,1231,,CAPITAL SENIOR LIVING CORP,NYSE,,
SNDK,Sandisk Corp,NASDAQ,Computer Storage Devices,3572,2023554,DE,0628,,,Nasdaq,,
SNDL,SNDL Inc.,NASDAQ,Medicinal Chemicals & Botanical Products,2833,1766600,A0,1231,,Sundial Growers Inc.,Nasdaq,,
SNDR,"Schneider National, Inc.",NYSE,Trucking (No Local),4213,1692063,WI,1231,,,NYSE,,
SNDX,Syndax Pharmaceuticals Inc,NASDAQ,Pharmaceutical Preparations,2834,1395937,DE,1231,,,Nasdaq,,
SNES,"SenesTech, Inc.",NASDAQ,Agricultural Chemicals,2870,1680378,DE,1231,,,Nasdaq,,
SNEX,StoneX Group Inc.,NASDAQ,"Security & Commodity Brokers, Dealers, Exchanges & Services",6200,913760,DE,0930,,INTL FCSTONE INC.; INTERNATIONAL ASSETS HOLDING CORP,Nasdaq,,
SNFCA,SECURITY NATIONAL FINANCIAL CORP,NASDAQ,Finance Services,6199,318673,UT,1231,,,Nasdaq,,
SNGX,"SOLIGENIX, INC.",NASDAQ,Pharmaceutical Preparations,2834,812796,DE,1231,,"SOLIGENIX, INC.; DOR BIOPHARMA INC; ENDOREX CORP; IMMUNOTHERAPEUTICS INC",Nasdaq,,
SNN,SMITH & NEPHEW PLC,NYSE,"Orthopedic, Prosthetic & Surgical Appliances & Supplies",3842,845982,,1231,,,"NYSE, OTC",,
SNOA,"Sonoma Pharmaceuticals, Inc.",NASDAQ,Surgical & Medical Instruments & Apparatus,3841,1367083,DE,0331,,"Oculus Innovative Sciences, Inc.",Nasdaq,,
SNOW,Snowflake Inc.,NYSE,Services-Prepackaged Software,7372,1640147,DE,0131,,"Snowflake Computing, Inc.",NYSE,,
SNPS,SYNOPSYS INC,NASDAQ,Services-Prepackaged Software,7372,883241,DE,1031,,,Nasdaq,,
SNSC,SunScout Holding Ltd,NYSE American,Semiconductors & Related Devices,3674,2101240,E9,0630,,,NYSE,,
SNT,Senstar Technologies Corp,NASDAQ,"Communications Equipment, NEC",3669,1993727,A6,1231,,,Nasdaq,,
SNTG,Sentage Holdings Inc.,NASDAQ,Finance Services,6199,1810467,E9,1231,,,Nasdaq,,
SNTI,"Senti Biosciences Holdings, Inc.",NASDAQ,"Biological Products, (No Diagnostic Substances)",2836,1854270,DE,1231,,"Senti Biosciences, Inc.; Senti Biosciences, Inc.\; Dynamics Special Purpose Corp.",Nasdaq,,
SNWV,"SANUWAVE Health, Inc.",NASDAQ,Surgical & Medical Instruments & Apparatus,3841,1417663,NV,1231,,"RUB MUSIC ENTERPRISES, INC.",Nasdaq,,
SNX,TD SYNNEX CORP,NYSE,Wholesale-Computers & Peripheral Equipment & Software,5045,1177394,DE,1130,,SYNNEX CORP; SYNNEX INFORMATION TECHNOLOGIES INC,NYSE,,
SNYR,Synergy CHC Corp.,NASDAQ,Medicinal Chemicals & Botanical Products,2833,1562733,NV,1231,,"Synergy Strips Corp.; Oro Capital Corporation, Inc.",Nasdaq,,
SO,SOUTHERN CO,NYSE,Electric Services,4911,92122,DE,1231,,SOUTHERN CO,"NYSE, NYSE, NYSE, NYSE, NYSE, NYSE",,
SOAR,"Volato Group, Inc.",NYSE American,"Air Transportation, Nonscheduled",4522,1853070,DE,1231,,PROOF Acquisition Corp I,"NYSE, OTC",,
SOBO,South Bow Corp,NYSE,Pipe Lines (No Natural Gas),4610,2019061,Z4,1231,,,NYSE,,
SOBR,"SOBR Safe, Inc.",NASDAQ,Periodicals: Publishing or  Publishing & Printing,2721,1425627,DE,1231,,"TransBiotec, Inc.; IMAGINE MEDIA LTD",Nasdaq,,
SOC,Sable Offshore Corp.,NYSE,Crude Petroleum & Natural Gas,1311,1831481,DE,1231,,Flame Acquisition Corp.,NYSE,,
SOFI,"SoFi Technologies, Inc.",NASDAQ,Finance Services,6199,1818874,DE,1231,,Social Capital Hedosophia Holdings Corp. V,Nasdaq,,
SOLS,Solstice Advanced Materials Inc.,NASDAQ,Chemicals & Allied Products,2800,2064953,DE,1231,,"Solstice Advanced Materials, LLC",Nasdaq,,
SOLV,Solventum Corp,NYSE,Surgical & Medical Instruments & Apparatus,3841,1964738,DE,1231,,3M Health Care Co,NYSE,,
SON,SONOCO PRODUCTS CO,NYSE,Paperboard Containers & Boxes,2650,91767,SC,1231,,,NYSE,,
SONM,"DNA X, Inc.",NASDAQ,Telephone & Telegraph Apparatus,3661,1178697,DE,1231,,SONIM TECHNOLOGIES INC,Nasdaq,,
SONO,Sonos Inc,NASDAQ,Household Audio & Video Equipment,3651,1314727,DE,1003,,,Nasdaq,,
SOPH,SOPHiA GENETICS SA,NASDAQ,Services-Computer Processing & Data Preparation,7374,1840706,V8,1231,,,Nasdaq,,
SOR,SOURCE CAPITAL /DE/,NYSE,,,91847,DE,1231,,SOURCE CAPITAL INC /DE/,NYSE,,
SORA,AsiaStrategy,NASDAQ,"Wholesale-Jewelry, Watches, Precious Stones & Metals",5094,2033515,E9,,,Top Win International Ltd,Nasdaq,,
SOS,SOS Ltd,NYSE,"Security & Commodity Brokers, Dealers, Exchanges & Services",6200,1346610,E9,1231,,China Rapid Finance Ltd; China Risk Finance LLC,NYSE,,
SOTK,SONO TEK CORP,NASDAQ,"Special Industry Machinery, NEC",3559,806172,NY,0228,,,Nasdaq,,
SOUN,"SOUNDHOUND AI, INC.",NASDAQ,Services-Prepackaged Software,7372,1840856,DE,1231,,Archimedes Tech Spac Partners Co,"Nasdaq, Nasdaq",,
SOWG,Sow Good Inc.,NASDAQ,Food and Kindred Products,2000,1490161,DE,1231,,"Black Ridge Oil & Gas, Inc.; ante5, Inc.",Nasdaq,,
SPAI,Safe Pro Group Inc.,NASDAQ,"Orthopedic, Prosthetic & Surgical Appliances & Supplies",3842,2011208,DE,1231,,,Nasdaq,,
SPB,"Spectrum Brands Holdings, Inc.",NYSE,"Miscellaneous Electrical Machinery, Equipment & Supplies",3690,109177,DE,0930,,"HRG GROUP, INC.; HARBINGER GROUP INC.; ZAPATA CORP",NYSE,,
SPCB,SuperCom Ltd,NASDAQ,Semiconductors & Related Devices,3674,1291855,L3,1231,,Vuance Ltd; Vuance; SuperCom Ltd.,Nasdaq,,
SPCE,"Virgin Galactic Holdings, Inc",NYSE,Transportation Services,4700,1706946,,1231,,Social Capital Hedosophia Holdings Corp.,NYSE,,
SPFI,"SOUTH PLAINS FINANCIAL, INC.",NASDAQ,State Commercial Banks,6022,1163668,TX,1231,,SOUTH PLAINS FINANCIAL INC,Nasdaq,,
SPG,SIMON PROPERTY GROUP INC.,NYSE,Real Estate Investment Trusts,6798,1063761,IN,1231,,SIMON PROPERTY GROUP INC /DE/; CORPORATE PROPERTY INVESTORS INC,"NYSE, NYSE",,
SPGI,S&P Global Inc.,NYSE,"Services-Consumer Credit Reporting, Collection Agencies",7320,64040,NY,1231,,MCGRAW HILL FINANCIAL INC; MCGRAW-HILL COMPANIES INC; MCGRAW HILL INC,NYSE,,
SPH,SUBURBAN PROPANE PARTNERS LP,NYSE,Retail-Miscellaneous Retail,5900,1005210,DE,0926,,,NYSE,,
SPHL,SPRINGVIEW HOLDINGS LTD,NASDAQ,General Bldg Contractors - Residential Bldgs,1520,2002236,E9,1231,,,Nasdaq,,
SPHR,Sphere Entertainment Co.,NYSE,Services-Amusement & Recreation Services,7900,1795250,NV,1231,,"Madison Square Garden Entertainment Corp.; MSG ENTERTAINMENT SPINCO, INC.",NYSE,,
SPIR,"Spire Global, Inc.",NYSE,"Communications Services, NEC",4899,1816017,DE,1231,,"NavSight Holdings, Inc.",NYSE,,
SPMC,"Sound Point Meridian Capital, Inc.",NYSE,,,1930147,DE,1231,,"Sound Point Meridian Capital, LLC","NYSE, NYSE, NYSE",,
SPNT,SiriusPoint Ltd,NYSE,"Fire, Marine & Casualty Insurance",6331,1576018,D0,1231,,Third Point Reinsurance Ltd.,NYSE,,
SPOK,"Spok Holdings, Inc",NASDAQ,Radiotelephone Communications,4812,1289945,DE,1231,,"USA Mobility, Inc; Wizards-Patriots Holdings, Inc.",Nasdaq,,
SPOT,Spotify Technology S.A.,NYSE,Radio Broadcasting Stations,4832,1639920,N4,1231,,,NYSE,,
SPPL,SIMPPLE LTD.,NASDAQ,Services-Facilities Support Management Services,8744,1948697,,,,,Nasdaq,,
SPRB,"SPRUCE BIOSCIENCES, INC.",NASDAQ,Pharmaceutical Preparations,2834,1683553,DE,1231,,,Nasdaq,,
SPRC,SciSparc Ltd.,NASDAQ,Pharmaceutical Preparations,2834,1611746,L3,1231,,SciSparc Ltd./ADR; Therapix Biosciences Ltd.,Nasdaq,,
SPRO,"Spero Therapeutics, Inc.",NASDAQ,Pharmaceutical Preparations,2834,1701108,DE,1231,,"Spero Therapeutics, LLC",Nasdaq,,
SPRU,SPRUCE POWER HOLDING CORP,NYSE,Electric Services,4911,1772720,DE,1231,,XL Fleet Corp.; Pivotal Investment Corp II,NYSE,,
SPRY,"ARS Pharmaceuticals, Inc.",NASDAQ,Pharmaceutical Preparations,2834,1671858,DE,1231,,"Silverback Therapeutics, Inc.",Nasdaq,,
SPSC,SPS COMMERCE INC,NASDAQ,Services-Prepackaged Software,7372,1092699,,1231,,,Nasdaq,,
SPT,"Sprout Social, Inc.",NASDAQ,Services-Prepackaged Software,7372,1517375,DE,1231,,,Nasdaq,,
SPTX,"Seaport Therapeutics, Inc.",NASDAQ,Pharmaceutical Preparations,2834,2042347,DE,1231,,,Nasdaq,,
SPWH,"SPORTSMAN'S WAREHOUSE HOLDINGS, INC.",NASDAQ,Retail-Miscellaneous Shopping Goods Stores,5940,1132105,DE,0201,,SPORTSMANS WAREHOUSE HOLDINGS INC,Nasdaq,,
SPWR,SunPower Inc.,NASDAQ,Construction - Special Trade Contractors,1700,1838987,DE,1229,,"Complete Solaria, Inc.; Freedom Acquisition I Corp.","Nasdaq, Nasdaq",,
SPXC,"SPX Technologies, Inc.",NYSE,Metalworkg Machinery & Equipment,3540,88205,DE,1231,,SPX CORP,NYSE,,
SQM,CHEMICAL & MINING CO OF CHILE INC,NYSE,Mining & Quarrying of  Nonmetallic Minerals (No Fuels),1400,909037,F3,1231,,,NYSE,,
SR,SPIRE INC,NYSE,Natural Gas Distribution,4924,1126956,MO,0930,,LACLEDE GROUP INC,"NYSE, NYSE",,
SRAD,Sportradar Group AG,NASDAQ,"Services-Computer Programming, Data Processing, Etc.",7370,1836470,V8,1231,,Sportradar Holding AG; Sportrader Holding AG,Nasdaq,,
SRBK,"SR Bancorp, Inc.",NASDAQ,"Savings Institutions, Not Federally Chartered",6036,1951276,MD,0630,,,Nasdaq,,
SRCE,1ST SOURCE CORP,NASDAQ,State Commercial Banks,6022,34782,IN,1231,,,Nasdaq,,
SRE,SEMPRA,NYSE,Gas & Other Services Combined,4932,1032208,CA,1231,,SEMPRA ENERGY; MINERAL ENERGY CO,"NYSE, NYSE",,
SRFM,SURF AIR MOBILITY INC.,NYSE,"Air Transportation, Nonscheduled",4522,1936224,DE,1231,,,NYSE,,
SRG,Seritage Growth Properties,NYSE,Real Estate,6500,1628063,MD,1231,,,"NYSE, NYSE",,
SRI,STONERIDGE INC,NYSE,Motor Vehicle Parts & Accessories,3714,1043337,OH,1231,,,NYSE,,
SRL,Scully Royalty Ltd.,NYSE,Mineral Royalty Traders,6795,16859,E9,1231,,MFC BANCORP LTD.; MFC Industrial Ltd.; TERRA NOVA ROYALTY Corp; KHD HUMBOLDT WEDAG INTERNATIONAL LTD.; MFC BANCORP LTD; ARBATAX INTERNATIONAL INC,NYSE,,
SRPT,"Sarepta Therapeutics, Inc.",NASDAQ,Pharmaceutical Preparations,2834,873303,DE,1231,,"Sarepta Therapeutics, Inc.; AVI BIOPHARMA INC; ANTIVIRALS INC",Nasdaq,,
SRRK,Scholar Rock Holding Corp,NASDAQ,"Biological Products, (No Diagnostic Substances)",2836,1727196,DE,1231,,,Nasdaq,,
SRTA,"Strata Critical Medical, Inc.",NASDAQ,Services-Health Services,8000,1779128,DE,1231,,"Blade Air Mobility, Inc.; Experience Investment Corp.",Nasdaq,,
SRTS,"Sensus Healthcare, Inc.",NASDAQ,Surgical & Medical Instruments & Apparatus,3841,1494891,DE,1231,,"Sensus Healthcare, LLC",Nasdaq,,
SRXH,SRX Global Inc.,NYSE American,Beverages,2080,1471727,DE,0930,,"SRx Health Solutions, Inc.; Better Choice Co Inc.; Sport Endurance, Inc.",NYSE,,
SRZN,"Surrozen, Inc./DE",NASDAQ,"Biological Products, (No Diagnostic Substances)",2836,1824893,DE,1231,,Consonance-HFW Acquisition Corp.,"Nasdaq, Nasdaq",,
SSB,SouthState Bank Corp,NYSE,State Commercial Banks,6022,764038,FL,1231,,"SouthState Corp; SOUTH STATE Corp; FIRST FINANCIAL HOLDINGS, INC.; SCBT FINANCIAL CORP; FIRST NATIONAL CORP /SC/",NYSE,,
SSBI,Summit State Bank - Common Stock,NASDAQ,,,,,,,,,,
SSD,"Simpson Manufacturing Co., Inc.",NYSE,"Cutlery, Handtools & General Hardware",3420,920371,DE,1231,,SIMPSON MANUFACTURING CO INC /CA/,NYSE,,
SSII,"SS Innovations International, Inc.",NASDAQ,Surgical & Medical Instruments & Apparatus,3841,1676163,FL,1231,,"SS Innovations International, Inc.; AVRA Medical Robotics, Inc.",Nasdaq,,
SSM,Sono Group N.V.,NASDAQ,Finance Services,6199,1840416,P7,1231,,,Nasdaq,,
SSMR,Sunshine Silver Mining & Refining Co,NYSE,Gold and Silver Ores,1040,2091017,DE,1231,,,NYSE,,
SSNC,SS&C Technologies Holdings Inc,NASDAQ,Services-Prepackaged Software,7372,1402436,DE,1231,,,Nasdaq,,
SSP,E.W. SCRIPPS Co,NASDAQ,Television Broadcasting Stations,4833,832428,OH,1231,,SCRIPPS E W CO /DE,Nasdaq,,
SSRM,SSR MINING INC.,NASDAQ,Mineral Royalty Traders,6795,921638,A1,1231,,SILVER STANDARD RESOURCES INC,"Nasdaq, OTC",,
SST,"System1, Inc.",NYSE,"Services-Computer Programming, Data Processing, Etc.",7370,1805833,,1231,,Trebia Acquisition Corp.,"NYSE, OTC",,
SSTI,"SOUNDTHINKING, INC.",NASDAQ,Services-Prepackaged Software,7372,1351636,DE,1231,,"SHOTSPOTTER, INC; Shotspotter Inc; SHOTSPOTTER INC",Nasdaq,,
SSTK,"Shutterstock, Inc.",NYSE,Services-Computer Processing & Data Preparation,7374,1549346,DE,1231,,,NYSE,,
SSYS,STRATASYS LTD.,NASDAQ,"Computer Peripheral Equipment, NEC",3577,1517396,L3,1231,,OBJET LTD,Nasdaq,,
ST,Sensata Technologies Holding plc,NYSE,"Industrial Instruments For Measurement, Display, and Control",3823,1477294,,1231,,Sensata Technologies Holding N.V.; Sensata Technologies Holding B.V.,NYSE,,
STAA,STAAR SURGICAL CO,NASDAQ,Ophthalmic Goods,3851,718937,DE,0102,,STAAR SURGICAL COMPANY,Nasdaq,,
STAG,"STAG Industrial, Inc.",NYSE,Real Estate Investment Trusts,6798,1479094,,1231,,,NYSE,,
STAK,STAK Inc.,NASDAQ,Oil & Gas Field Machinery & Equipment,3533,2002453,E9,,,,Nasdaq,,
STBA,S&T BANCORP INC,NASDAQ,State Commercial Banks,6022,719220,PA,1231,,,Nasdaq,,
STC,STEWART INFORMATION SERVICES CORP,NYSE,Title Insurance,6361,94344,DE,1231,,,NYSE,,
STDN,"Standard Nuclear, Inc.",NYSE,Industrial Inorganic Chemicals,2810,2086716,DE,1231,,,NYSE,,
STE,STERIS plc,NYSE,"Orthopedic, Prosthetic & Surgical Appliances & Supplies",3842,1757898,L2,0331,,STERIS Ltd,NYSE,,
STEM,"STEM, INC.",NYSE,Services-Computer Integrated Systems Design,7373,1758766,,1231,,Star Peak Energy Transition Corp.; Star Peak Energy Acquisition Corp.,NYSE,,
STEP,StepStone Group Inc.,NASDAQ,Investment Advice,6282,1796022,,0331,,,Nasdaq,,
STEX,Streamex Corp.,NASDAQ,Electromedical & Electrotherapeutic Apparatus,3845,1530766,DE,1231,,"BioSig Technologies, Inc.",Nasdaq,,
STFS,Star Fashion Culture Holdings Ltd,NASDAQ,Services-Advertising,7310,2003061,,,,,Nasdaq,,
STGW,Stagwell Inc,NASDAQ,Services-Advertising Agencies,7311,876883,DE,1231,,MDC Stagwell Holdings Inc; MDC PARTNERS INC; MDC CORP INC; MDC COMMUNICATIONS CORP,Nasdaq,,
STHO,Star Holdings,NASDAQ,"Lessors of  Real Property, NEC",6519,1953366,MD,1231,,,Nasdaq,,
STI,Solidion Technology Inc.,NASDAQ,"Miscellaneous Electrical Machinery, Equipment & Supplies",3690,1881551,DE,1231,,Nubia Brand International Corp.,Nasdaq,,
STIM,"Neuronetics, Inc.",NASDAQ,Surgical & Medical Instruments & Apparatus,3841,1227636,DE,1231,,"Neuronetics, Inc.; NEURONETICS INC",Nasdaq,,
STKE,SOL Strategies Inc.,NASDAQ,Finance Services,6199,1846839,A6,0930,,Cypherpunk Holdings Inc.,Nasdaq,,
STKS,"ONE Group Hospitality, Inc.",NASDAQ,Retail-Eating  Places,5812,1399520,DE,1227,,COMMITTED CAPITAL ACQUISITION Corp; PLASTRON ACQUISITION CORP II,Nasdaq,,
STLA,Stellantis N.V.,NYSE,Motor Vehicles & Passenger Car Bodies,3711,1605484,P7,1231,,Fiat Chrysler Automobiles N.V.; Fiat Investments N.V.,NYSE,,
STLD,STEEL DYNAMICS INC,NASDAQ,"Steel Works, Blast Furnaces & Rolling Mills (Coke Ovens)",3312,1022671,IN,1231,,STEEL DYNAMICS INC,Nasdaq,,
STLN,"Starling Oncology, Inc.",NASDAQ,Services-Offices & Clinics of  Doctors of  Medicine,8011,1799191,DE,1231,,"Oncology Institute, Inc.; DFP HEALTHCARE ACQUISITIONS CORP.","Nasdaq, OTC, Nasdaq",,
STM,STMicroelectronics N.V.,NYSE,Semiconductors & Related Devices,3674,932787,P7,1231,,STMICROELECTRONICS NV; SGS THOMSON MICROELECTRONICS NV,"NYSE, OTC",,
STN,STANTEC INC,NYSE,Services-Engineering Services,8711,1131383,,,,,NYSE,,
STNE,StoneCo Ltd.,NASDAQ,Services-Computer Processing & Data Preparation,7374,1745431,E9,1231,,DLP Payments Holdings Ltd.,Nasdaq,,
STNG,Scorpio Tankers Inc.,NYSE,Deep Sea Foreign Transportation of  Freight,4412,1483934,,,,,NYSE,,
STOK,"Stoke Therapeutics, Inc.",NASDAQ,Pharmaceutical Preparations,2834,1623526,DE,1231,,"ASOthera Pharmaceuticals, Inc.",Nasdaq,,
STRA,"Strategic Education, Inc.",NASDAQ,Services-Educational Services,8200,1013934,MD,1231,,"Strategic Education, Inc.; STRAYER EDUCATION INC",Nasdaq,,
STRL,"STERLING INFRASTRUCTURE, INC.",NASDAQ,Heavy Construction Other Than Bldg Const - Contractors,1600,874238,DE,1231,,STERLING CONSTRUCTION CO INC; OAKHURST CO INC; OAKHURST CAPITAL INC,Nasdaq,,
STRO,"SUTRO BIOPHARMA, INC.",NASDAQ,"Biological Products, (No Diagnostic Substances)",2836,1382101,,1231,,SUTRO BIOPHARMA INC; Fundamental Applied Biology Inc,Nasdaq,,
STRR,"Star Equity Holdings, Inc.",NASDAQ,Services-Help Supply Services,7363,1210708,DE,1231,,"Hudson Global, Inc.; HUDSON HIGHLAND GROUP INC; HUDSON HIGHLAND  INC; TMP WORLDWIDE SEARCH INC","Nasdaq, Nasdaq",,
STRT,STRATTEC SECURITY CORP,NASDAQ,Motor Vehicle Parts & Accessories,3714,933034,WI,0628,,,Nasdaq,,
STRW,"Strawberry Fields REIT, Inc.",NYSE American,Real Estate Investment Trusts,6798,1782430,MD,1231,,,NYSE,,
STRZ,STARZ ENTERTAINMENT CORP /CN/,NASDAQ,Services-Motion Picture & Video Tape Production,7812,929351,A1,1231,,LIONS GATE ENTERTAINMENT CORP /CN/,Nasdaq,,
STT,STATE STREET CORP,NYSE,State Commercial Banks,6022,93751,MA,1231,,STATE STREET CORP; STATE STREET Corp; STATE STREET BOSTON CORP,"NYSE, NYSE",,
STTK,"Shattuck Labs, Inc.",NASDAQ,Pharmaceutical Preparations,2834,1680367,DE,1231,,"Shattuck Labs, Inc.",Nasdaq,,
STUB,"StubHub Holdings, Inc.",NYSE,Services-Miscellaneous Amusement & Recreation,7990,1337634,DE,1231,,Pugnacious Endeavors Inc,NYSE,,
STVN,Stevanato Group S.p.A.,NYSE,Surgical & Medical Instruments & Apparatus,3841,1849853,,,,,NYSE,,
STX,Seagate Technology Holdings plc,NASDAQ,Computer Storage Devices,3572,1137789,,0627,,Seagate Technology plc; SEAGATE TECHNOLOGY; Seagate Technology; SEAGATE TECHNOLOGY HOLDINGS,Nasdaq,,
STXS,"Stereotaxis, Inc.",NYSE American,Electromedical & Electrotherapeutic Apparatus,3845,1289340,DE,1231,,,NYSE,,
STZ,"CONSTELLATION BRANDS, INC.",NYSE,Beverages,2080,16918,DE,0228,,CONSTELLATION BRANDS INC; CANANDAIGUA BRANDS INC; CANANDAIGUA WINE CO INC,NYSE,,
SU,SUNCOR ENERGY INC,NYSE,Petroleum Refining,2911,311337,A0,1231,,SUNCOR ENERGY INC.,NYSE,,
SUGP,SU Group Holdings Ltd,NASDAQ,"Services-Detective, Guard & Armored Car Services",7381,1969863,E9,0930,,,Nasdaq,,
SUI,SUN COMMUNITIES INC,NYSE,Real Estate Investment Trusts,6798,912593,MD,0513,,,NYSE,,
SUIG,SUI Group Holdings Ltd.,NASDAQ,Finance Services,6199,1425355,MN,1231,,"Mill City Ventures III, Ltd; POKER MAGIC INC",Nasdaq,,
SUJA,"SUJA LIFE, INC.",NASDAQ,Beverages,2080,1934114,,1227,,,Nasdaq,,
SUNB,"Sunbelt Rentals Holdings, Inc.",NYSE,"Services-Equipment Rental & Leasing, NEC",7359,2083785,DE,0430,,,NYSE,,
SUNE,"SUNation Energy, Inc.",NASDAQ,Construction - Special Trade Contractors,1700,22701,DE,1231,,"Pineapple Energy Inc.; Pineapple Holdings, Inc.; COMMUNICATIONS SYSTEMS INC; COMMUNICATIONS SYSTEMS INC/MN",Nasdaq,,
SUPN,"SUPERNUS PHARMACEUTICALS, INC.",NASDAQ,Pharmaceutical Preparations,2834,1356576,DE,1231,,SUPERNUS PHARMACEUTICALS INC,Nasdaq,,
SUPX,SuperX AI Technology Ltd,NASDAQ,Services-Management Consulting Services,8742,1897087,D8,0630,,Super X AI Technology Ltd; Junee Ltd,Nasdaq,,
SURG,"SurgePays, Inc.",NASDAQ,Telephone Communications (No Radiotelephone),4813,1392694,NV,1231,,"Surge Holdings, Inc.; KSIX Media Holdings, Inc.; NORTH AMERICAN ENERGY RESOURCES, INC.; North American Energy Resources, Inc.; Mar Ked Mineral Exploration, Inc.",Nasdaq,,
SVA,SINOVAC BIOTECH LTD,NASDAQ,Pharmaceutical Preparations,2834,1084201,B9,1231,,NET FORCE SYSTEMS INC,Nasdaq,,
SVCC,Stellar V Capital Corp. (Cayman Islands),NASDAQ,Blank Checks,6770,2033593,E9,1231,,,"Nasdaq, Nasdaq, Nasdaq",,
SVCO,"Silvaco Group, Inc.",NASDAQ,Services-Prepackaged Software,7372,1943289,DE,1231,,,Nasdaq,,
SVM,SILVERCORP METALS INC,NYSE American,Gold and Silver Ores,1040,1340677,A1,0331,,,NYSE,,
SVRA,Savara Inc,NASDAQ,Pharmaceutical Preparations,2834,1160308,DE,1231,,"Mast Therapeutics, Inc.; ADVENTRX PHARMACEUTICALS INC; BIOKEYS PHARMACEUTICALS INC",Nasdaq,,
SVRN,OceanPal Inc.,NASDAQ,Deep Sea Foreign Transportation of  Freight,4412,1869467,1T,1231,,,Nasdaq,,
SVV,"Savers Value Village, Inc.",NYSE,Retail-Miscellaneous Retail,5900,1883313,WA,0103,,S-Evergreen Holding LLC,NYSE,,
SW,Smurfit Westrock plc,NYSE,Paperboard Containers & Boxes,2650,2005951,L2,1231,,Smurfit WestRock Ltd,NYSE,,
SWAG,"Stran & Company, Inc.",NASDAQ,Services-Advertising Agencies,7311,1872525,NV,1231,,,"Nasdaq, Nasdaq",,
SWBI,"SMITH & WESSON BRANDS, INC.",NASDAQ,"Ordnance & Accessories, (No Vehicles/Guided Missiles)",3480,1092796,NV,0430,,AMERICAN OUTDOOR BRANDS CORP; AMERICAN OUTDOOR BRANDS CORPORATON; SMITH & WESSON HOLDING CORP; SAF T HAMMER CORP/NV; LOST COAST VENTURES INC,Nasdaq,,
SWIM,"Latham Group, Inc.",NASDAQ,"Plastics Products, NEC",3089,1833197,NY,1231,,"Latham Topco, Inc.",Nasdaq,,
SWK,"STANLEY BLACK & DECKER, INC.",NYSE,"Cutlery, Handtools & General Hardware",3420,93556,CT,0102,,STANLEY WORKS,NYSE,,
SWKS,"SKYWORKS SOLUTIONS, INC.",NASDAQ,Semiconductors & Related Devices,3674,4127,DE,1002,,SKYWORKS SOLUTIONS INC; ALPHA INDUSTRIES INC,Nasdaq,,
SWMR,"Swarmer, Inc",NASDAQ,Services-Prepackaged Software,7372,2092574,DE,1231,,,Nasdaq,,
SWRD,"Stewards, Inc.",NASDAQ,Short-Term Business Credit Institutions,6153,1795851,NV,1231,,"Favo Capital, Inc.; Favo Realty, Inc",Nasdaq,,
SWVL,Swvl Holdings Corp,NASDAQ,"Services-Business Services, NEC",7389,1875609,D8,1231,,Pivotal Holdings Corp,"Nasdaq, Nasdaq",,
SWX,"Southwest Gas Holdings, Inc.",NYSE,Natural Gas Transmisison & Distribution,4923,1692115,DE,1231,,,NYSE,,
SXC,"SunCoke Energy, Inc.",NYSE,"Steel Works, Blast Furnaces & Rolling Mills (Coke Ovens)",3312,1514705,,1231,,,NYSE,,
SXI,STANDEX INTERNATIONAL CORP/DE/,NYSE,Refrigeration & Service Industry Machinery,3580,310354,DE,0630,,,NYSE,,
SXT,SENSIENT TECHNOLOGIES CORP,NYSE,Industrial Organic Chemicals,2860,310142,WI,1231,,UNIVERSAL FOODS CORP,NYSE,,
SXTC,"China SXT Pharmaceuticals, Inc.",NASDAQ,Pharmaceutical Preparations,2834,1723980,D8,0331,,,Nasdaq,,
SXTP,"60 DEGREES PHARMACEUTICALS, INC.",NASDAQ,Pharmaceutical Preparations,2834,1946563,DE,1231,,,"Nasdaq, Nasdaq",,
SY,So-Young International Inc.,NASDAQ,Services-Computer Processing & Data Preparation,7374,1758530,E9,1231,,,Nasdaq,,
SYBT,"Stock Yards Bancorp, Inc.",NASDAQ,State Commercial Banks,6022,835324,KY,1231,,S Y BANCORP INC,Nasdaq,,
SYF,Synchrony Financial,NYSE,Finance Services,6199,1601712,NY,1231,,Synchrony Financial,"NYSE, NYSE, NYSE",,
SYK,STRYKER CORP,NYSE,Surgical & Medical Instruments & Apparatus,3841,310764,MI,1231,,,NYSE,,
SYM,Symbotic Inc.,NASDAQ,"General Industrial Machinery & Equipment, NEC",3569,1837240,DE,0926,,SVF Investment Corp. 3; SVF Investment III Corp.,Nasdaq,,
SYNA,SYNAPTICS Inc,NASDAQ,Semiconductors & Related Devices,3674,817720,DE,0626,,,Nasdaq,,
SYNX,Silynxcom Ltd.,NYSE American,Household Audio & Video Equipment,3651,1976443,L3,,,,NYSE,,
SYPR,SYPRIS SOLUTIONS INC,NASDAQ,"Industrial Instruments For Measurement, Display, and Control",3823,864240,DE,1231,,GROUP TECHNOLOGIES CORP,Nasdaq,,
SYRE,"Spyre Therapeutics, Inc.",NASDAQ,Pharmaceutical Preparations,2834,1636282,DE,1231,,"Aeglea BioTherapeutics, Inc.",Nasdaq,,
SYY,SYSCO CORP,NYSE,Wholesale-Groceries & Related Products,5140,96021,DE,0627,,,NYSE,,
T,AT&T INC.,NYSE,Telephone Communications (No Radiotelephone),4813,732717,DE,1231,,SBC COMMUNICATIONS INC; SOUTHWESTERN BELL CORP,"NYSE, NYSE, NYSE, NYSE",,
TAC,TRANSALTA CORP,NYSE,Electric Services,4911,1144800,,1231,,,"NYSE, OTC, OTC, OTC",,
TACT,TRANSACT TECHNOLOGIES INC,NASDAQ,"Computer Peripheral Equipment, NEC",3577,1017303,DE,1231,,,Nasdaq,,
TALO,TALOS ENERGY INC.,NYSE,Crude Petroleum & Natural Gas,1311,1724965,DE,1231,,SAILFISH ENERGY HOLDINGS Corp,NYSE,,
TANH,TANTECH HOLDINGS LTD,NASDAQ,Industrial Organic Chemicals,2860,1588084,D8,1231,,,Nasdaq,,
TAOP,Taoping Inc.,NASDAQ,Services-Prepackaged Software,7372,1552670,D8,1231,,"China Information Technology, Inc.",Nasdaq,,
TAOX,TAO Synergies Inc.,NASDAQ,Finance Services,6199,1571934,DE,1231,,"Synaptogenix, Inc.; NEUROTROPE BIOSCIENCE, INC.",Nasdaq,,
TAP,MOLSON COORS BEVERAGE CO,NYSE,Malt Beverages,2082,24545,DE,1231,,MOLSON COORS BREWING CO; COORS ADOLPH CO,"NYSE, NYSE",,
TAP.A,Molson Coors Beverage Company Class A Common Stock,NYSE,,,,,,,,,,
TARA,"Protara Therapeutics, Inc.",NASDAQ,"Biological Products, (No Diagnostic Substances)",2836,1359931,,1231,,"Protara Therapeutics, Inc.; ArTara Therapeutics, Inc.; PROTEON THERAPEUTICS INC",Nasdaq,,
TARS,"Tarsus Pharmaceuticals, Inc.",NASDAQ,"Biological Products, (No Diagnostic Substances)",2836,1819790,DE,1231,,,Nasdaq,,
TASK,"TaskUs, Inc.",NASDAQ,Services-Computer Processing & Data Preparation,7374,1829864,DE,1231,,"TU TopCo, Inc.",Nasdaq,,
TATT,TAT TECHNOLOGIES LTD,NASDAQ,Aircraft Engines & Engine Parts,3724,808439,,1231,,,Nasdaq,,
TAYD,"TAYLOR DEVICES, INC.",NASDAQ,"General Industrial Machinery & Equipment, NEC",3569,96536,NY,0531,,TAYLOR DEVICES INC,Nasdaq,,
TBBB,BBB FOODS INC,NYSE,Retail-Grocery Stores,5411,1978954,D8,1231,,,NYSE,,
TBBK,"Bancorp, Inc.",NASDAQ,National Commercial Banks,6021,1295401,DE,1231,,,Nasdaq,,
TBCH,Turtle Beach Corp,NASDAQ,"Communications Equipment, NEC",3669,1493761,NV,1231,,Parametric Sound Corp,Nasdaq,,
TBI,"TrueBlue, Inc.",NYSE,Services-Help Supply Services,7363,768899,WA,1227,,LABOR READY INC,NYSE,,
TBLA,Taboola.com Ltd.,NASDAQ,"Services-Computer Programming, Data Processing, Etc.",7370,1840502,L3,1231,,,Nasdaq,,
TBN,Tamboran Resources Corp,NYSE,Crude Petroleum & Natural Gas,1311,1997652,DE,0630,,,"NYSE, OTC",,
TBPH,"Theravance Biopharma, Inc.",NASDAQ,Pharmaceutical Preparations,2834,1583107,CA,1231,,,Nasdaq,,
TCBI,TEXAS CAPITAL BANCSHARES INC/TX,NASDAQ,State Commercial Banks,6022,1077428,,1231,,,"Nasdaq, Nasdaq",,
TCBK,TRICO BANCSHARES /,NASDAQ,State Commercial Banks,6022,356171,CA,1231,,TRICO BANCSHARES,Nasdaq,,
TCBS,"Texas Community Bancshares, Inc.",NASDAQ,"Savings Institutions, Not Federally Chartered",6036,1849466,,1231,,,Nasdaq,,
TCBX,"Third Coast Bancshares, Inc.",NYSE,"Savings Institutions, Not Federally Chartered",6036,1781730,TX,1231,,,NYSE,,
TCI,TRANSCONTINENTAL REALTY INVESTORS INC,NYSE,Real Estate Investment Trusts,6798,733590,NV,1231,,,NYSE,,
TCMD,TACTILE SYSTEMS TECHNOLOGY INC,NASDAQ,Surgical & Medical Instruments & Apparatus,3841,1027838,MN,1231,,,Nasdaq,,
TCRT,"Alaunos Therapeutics, Inc.",NASDAQ,Pharmaceutical Preparations,2834,1107421,DE,1231,,ZIOPHARM ONCOLOGY INC; EASYWEB INC,Nasdaq,,
TCRX,"TScan Therapeutics, Inc.",NASDAQ,"Biological Products, (No Diagnostic Substances)",2836,1783328,DE,1231,,,Nasdaq,,
TCX,TUCOWS INC /PA/,NASDAQ,Services-Computer Processing & Data Preparation,7374,909494,PA,1231,,INFONAUTICS INC,Nasdaq,,
TD,TORONTO DOMINION BANK,NYSE,"Commercial Banks, NEC",6029,947263,A6,1031,,,"NYSE, OTC",,
TDAY,"USA TODAY Co., Inc.",NYSE,Newspapers: Publishing or  Publishing & Printing,2711,1579684,DE,1231,,"Gannett Co., Inc.; New Media Investment Group Inc.",NYSE,,
TDC,TERADATA CORP /DE/,NYSE,Services-Prepackaged Software,7372,816761,,1231,,TERADATA CORP /DE/,NYSE,,
TDG,TransDigm Group INC,NYSE,"Aircraft Parts & Auxiliary Equipment, NEC",3728,1260221,DE,0930,,TD HOLDING CORP,NYSE,,
TDIC,Dreamland Ltd,NASDAQ,Services-Management Services,8741,2041338,E9,0331,,,Nasdaq,,
TDOC,"Teladoc Health, Inc.",NYSE,Services-Offices & Clinics of  Doctors of  Medicine,8011,1477449,DE,1231,,"Teladoc, Inc.",NYSE,,
TDS,TELEPHONE & DATA SYSTEMS INC /DE/,NYSE,Telephone Communications (No Radiotelephone),4813,1051512,DE,1231,,,"NYSE, NYSE, NYSE",,
TDTH,Trident Digital Tech Holdings Ltd,NASDAQ,"Services-Business Services, NEC",7389,1983550,,,,Trident Digital Tech Holdings Ltd.,Nasdaq,,
TDUP,ThredUp Inc.,NASDAQ,Retail-Catalog & Mail-Order Houses,5961,1484778,DE,1231,,thredUP,Nasdaq,,
TDW,TIDEWATER INC,NYSE,Water Transportation,4400,98222,DE,1231,,,"NYSE, OTC, OTC",,
TDY,TELEDYNE TECHNOLOGIES INC,NYSE,"Search, Detection, Navigation, Guidance, Aeronautical Sys",3812,1094285,DE,0103,,,NYSE,,
TE,T1 Energy Inc.,NYSE,Semiconductors & Related Devices,3674,1992243,DE,1231,,"FREYR Battery, Inc. /DE/",NYSE,,
TEAD,Teads Holding Co.,NASDAQ,"Services-Computer Programming, Data Processing, Etc.",7370,1454938,DE,1231,,Outbrain Inc.,Nasdaq,,
TEAM,Atlassian Corp,NASDAQ,Services-Prepackaged Software,7372,1650372,,0630,,Atlassian Corp Plc,Nasdaq,,
TECH,BIO-TECHNE Corp,NASDAQ,"Biological Products, (No Diagnostic Substances)",2836,842023,MN,0630,,TECHNE CORP /MN/,Nasdaq,,
TECK,TECK RESOURCES LTD,NYSE,Mining & Quarrying of  Nonmetallic Minerals (No Fuels),1400,886986,A1,1231,,TECK COMINCO LTD; TECK CORP,"NYSE, OTC",,
TECX,"Tectonic Therapeutic, Inc.",NASDAQ,"Biological Products, (No Diagnostic Substances)",2836,1681087,NY,1231,,"AvroBio, Inc.; AVROBIO, Inc.",Nasdaq,,
TEL,TE Connectivity plc,NYSE,"Wholesale-Electronic Parts & Equipment, NEC",5065,1385157,,0925,,TE Connectivity Ltd.; Tyco Electronics Ltd.,NYSE,,
TELA,"TELA Bio, Inc.",NASDAQ,Surgical & Medical Instruments & Apparatus,3841,1561921,DE,1231,,,Nasdaq,,
TELO,"Telomir Pharmaceuticals, Inc.",NASDAQ,Pharmaceutical Preparations,2834,1971532,FL,1231,,,Nasdaq,,
TEM,"Tempus AI, Inc.",NASDAQ,"Services-Computer Programming, Data Processing, Etc.",7370,1717115,NV,1231,,"Tempus Labs, Inc.",Nasdaq,,
TEN,TSAKOS ENERGY NAVIGATION LTD,NYSE,Deep Sea Foreign Transportation of  Freight,4412,1166663,J3,,,,"NYSE, NYSE, NYSE",,
TENB,"Tenable Holdings, Inc.",NASDAQ,Services-Prepackaged Software,7372,1660280,DE,1231,,,Nasdaq,,
TENX,"TENAX THERAPEUTICS, INC.",NASDAQ,Pharmaceutical Preparations,2834,34956,DE,1231,,"OXYGEN BIOTHERAPEUTICS, INC.; SYNTHETIC BLOOD INTERNATIONAL INC",Nasdaq,,
TEO,TELECOM ARGENTINA SA,NYSE,Telephone Communications (No Radiotelephone),4813,932470,,1231,,TELECOM ARGENTINA STET FRANCE TELECOM SA,"NYSE, OTC",,
TER,"TERADYNE, INC",NASDAQ,Instruments For Meas & Testing of  Electricity & Elec Signals,3825,97210,MA,1231,,TERADYNE INC,Nasdaq,,
TEVA,TEVA PHARMACEUTICAL INDUSTRIES LTD,NYSE,Pharmaceutical Preparations,2834,818686,L3,1231,,TEVA PHARMACEUTICAL INDUSTRIES LIMITED,"NYSE, OTC",,
TEX,TEREX CORP,NYSE,"Industrial Trucks, Tractors, Trailors & Stackers",3537,97216,DE,1231,,,NYSE,,
TFC,TRUIST FINANCIAL CORP,NYSE,National Commercial Banks,6021,92230,NC,1231,,BB&T CORP; SOUTHERN NATIONAL CORP /NC/,"NYSE, NYSE, NYSE, NYSE",,
TFII,TFI International Inc.,NYSE,Trucking & Courier Services (No Air),4210,1588823,A8,1231,,TransForce Inc. \ Quebec Canada,NYSE,,
TFIN,"Triumph Financial, Inc.",NYSE,State Commercial Banks,6022,1539638,TX,1231,,"Triumph Bancorp, Inc.","NYSE, NYSE",,
TFPM,Triple Flag Precious Metals Corp.,NYSE,Mineral Royalty Traders,6795,1829726,Z4,1231,,,NYSE,,
TFSL,TFS Financial CORP,NASDAQ,"Savings Institution, Federally Chartered",6035,1381668,DE,0930,,,Nasdaq,,
TFX,TELEFLEX INC,NYSE,Surgical & Medical Instruments & Apparatus,3841,96943,DE,1231,,,NYSE,,
TG,TREDEGAR CORP,NYSE,Rolling Drawing & Extruding of  Nonferrous Metals,3350,850429,VA,1231,,TREDEGAR INDUSTRIES INC,NYSE,,
TGB,Trekor Metals Ltd,NYSE American,Gold and Silver Ores,1040,878518,A1,1231,,TASEKO MINES LTD,NYSE,,
TGE,Generation Essentials Group,NYSE,Periodicals: Publishing or  Publishing & Printing,2721,2053456,E9,1231,,World Media & Entertainment Universal Inc.,"NYSE, NYSE",,
TGEN,TECOGEN INC.,NYSE American,Air-Cond & Warm Air Heatg Equip & Comm & Indl Refrig Equip,3585,1537435,DE,1231,,TECOGEN INC,NYSE,,
TGHL,GrowHub Ltd,NASDAQ,Services-Computer Processing & Data Preparation,7374,2024114,,,,,Nasdaq,,
TGL,TREASURE GLOBAL INC,NASDAQ,"Services-Business Services, NEC",7389,1905956,DE,0630,,,Nasdaq,,
TGLS,Tecnoglass Holdings Inc.,NYSE,Flat Glass,3211,1534675,E9,1231,,Tecnoglass Inc.; Andina Acquisition Corp,NYSE,,
TGS,GAS TRANSPORTER OF THE SOUTH INC,NYSE,Natural Gas Transmission,4922,931427,,1231,,GAS TRANSPORTER OF THE SOUTH INC,NYSE,,
TGT,TARGET CORP,NYSE,Retail-Variety Stores,5331,27419,MN,0201,,DAYTON HUDSON CORP,NYSE,,
TGTX,"TG THERAPEUTICS, INC.",NASDAQ,Pharmaceutical Preparations,2834,1001316,DE,1231,,MANHATTAN PHARMACEUTICALS INC; ATLANTIC TECHNOLOGY VENTURES INC; ATLANTIC PHARMACEUTICALS INC,Nasdaq,,
TH,Target Hospitality Corp.,NASDAQ,"Hotels, Rooming Houses, Camps & Other Lodging Places",7000,1712189,DE,1231,,Platinum Eagle Acquisition Corp.,Nasdaq,,
THC,TENET HEALTHCARE CORP,NYSE,"Services-General Medical & Surgical Hospitals, NEC",8062,70318,NV,1231,,NATIONAL MEDICAL ENTERPRISES INC /NV/,NYSE,,
THCH,TH International Ltd,NASDAQ,Retail-Eating  Places,5812,1877333,E9,1231,,,Nasdaq,,
THFF,FIRST FINANCIAL CORP /IN/,NASDAQ,State Commercial Banks,6022,714562,IN,1231,,,Nasdaq,,
THG,"HANOVER INSURANCE GROUP, INC.",NYSE,"Fire, Marine & Casualty Insurance",6331,944695,DE,1231,,ALLMERICA FINANCIAL CORP,NYSE,,
THH,TryHard Holdings Ltd,NASDAQ,Services-Miscellaneous Amusement & Recreation,7990,2044241,E9,0630,,,Nasdaq,,
THM,INTERNATIONAL TOWER HILL MINES LTD,NYSE American,Metal Mining,1000,1134115,A1,1231,,,NYSE,,
THO,THOR INDUSTRIES INC,NYSE,Motor Homes,3716,730263,DE,0731,,,NYSE,,
THRM,Gentherm Inc,NASDAQ,Motor Vehicle Parts & Accessories,3714,903129,MI,1231,,AMERIGON INC,Nasdaq,,
THRY,"Thryv Holdings, Inc.",NASDAQ,Services-Advertising,7310,1556739,DE,1231,,"DEX MEDIA, INC.; NEWDEX, INC.",Nasdaq,,
TIC,"TIC Solutions, Inc.",NYSE,"Services-Business Services, NEC",7389,2032966,DE,1231,,ACUREN CORP,"NYSE, OTC",,
TIGO,MILLICOM INTERNATIONAL CELLULAR SA,NASDAQ,Radiotelephone Communications,4812,912958,,1231,,,"Nasdaq, OTC",,
TII,Titan Mining Corp,NYSE American,Gold and Silver Ores,1040,1791703,A1,1231,,,NYSE,,
TIL,"Instil Bio, Inc.",NASDAQ,"Biological Products, (No Diagnostic Substances)",2836,1789769,NY,1231,,,Nasdaq,,
TILE,INTERFACE INC,NASDAQ,Carpets & Rugs,2273,715787,GA,0103,,,Nasdaq,,
TIPT,TIPTREE INC.,NASDAQ,"Fire, Marine & Casualty Insurance",6331,1393726,MD,1231,,TIPTREE FINANCIAL INC.; Care Investment Trust Inc.,Nasdaq,,
TISI,TEAM INC,NYSE,Services-Miscellaneous Repair Services,7600,318833,DE,1231,,,NYSE,,
TITN,Titan Machinery Inc.,NASDAQ,"Retail-Retail Stores, NEC",5990,1409171,DE,0131,,,Nasdaq,,
TJGC,TJGC GROUP Ltd,NASDAQ,Services-Advertising Agencies,7311,1969928,,,,CTRL GROUP Ltd,Nasdaq,,
TJX,TJX COMPANIES INC /DE/,NYSE,Retail-Family Clothing Stores,5651,109198,DE,0201,,TJX COMPANIES INC /DE/,NYSE,,
TK,TEEKAY CORP LTD,NYSE,Deep Sea Foreign Transportation of  Freight,4412,911971,D0,1231,,TEEKAY CORP; TEEKAY SHIPPING CORP,NYSE,,
TKC,TURKCELL ILETISIM HIZMETLERI A S,NYSE,Telephone Communications (No Radiotelephone),4813,1071321,W8,1231,,,NYSE,,
TKNO,"Alpha Teknova, Inc.",NASDAQ,In Vitro & In Vivo Diagnostic Substances,2835,1850902,DE,1231,,,Nasdaq,,
TKO,"TKO Group Holdings, Inc.",NYSE,Services-Amusement & Recreation Services,7900,1973266,DE,1231,,New Whale Inc.,NYSE,,
TKR,TIMKEN CO,NYSE,Ball & Roller Bearings,3562,98362,OH,1231,,,NYSE,,
TLF,TANDY LEATHER FACTORY INC,NASDAQ,Leather & Leather Products,3100,909724,DE,1231,,LEATHER FACTORY INC,Nasdaq,,
TLIH,Ten-League International Holdings Ltd,NASDAQ,"Wholesale-Machinery, Equipment & Supplies",5080,1982012,E9,1231,,,Nasdaq,,
TLK,PERUSAHAAN PERSEROAN PERSERO PT TELEKOMUNIKASI INDONESIA TBK,NYSE,Telephone Communications (No Radiotelephone),4813,1001807,,1231,,TELECOMMUNICATIONS INDONESIA,NYSE,,
TLN,Talen Energy Corp,NASDAQ,Electric Services,4911,1622536,DE,1231,,,Nasdaq,,
TLNC,Talon Capital Corp.,NASDAQ,Blank Checks,6770,2073340,E9,1231,,,"Nasdaq, Nasdaq, Nasdaq",,
TLPH,"TALPHERA, INC.",NASDAQ,Pharmaceutical Preparations,2834,1427925,DE,1231,,ACELRX PHARMACEUTICALS INC,Nasdaq,,
TLRY,"Tilray Brands, Inc.",NASDAQ,Medicinal Chemicals & Botanical Products,2833,1731348,,0531,,"Tilray, Inc.",Nasdaq,,
TLS,TELOS CORP,NASDAQ,Services-Computer Integrated Systems Design,7373,320121,MD,1231,,C3 INC,Nasdaq,,
TLSA,Tiziana Life Sciences Ltd,NASDAQ,Pharmaceutical Preparations,2834,1723069,D0,1231,,Tiziana Life Sciences plc,Nasdaq,,
TLSI,"TriSalus Life Sciences, Inc.",NASDAQ,Surgical & Medical Instruments & Apparatus,3841,1826667,DE,1231,,MedTech Acquisition Corp; MedTech Acquisition Corporation,"Nasdaq, Nasdaq",,
TLYS,"TILLY'S, INC.",NYSE,Retail-Apparel & Accessory Stores,5600,1524025,DE,0128,,,NYSE,,
TM,TOYOTA MOTOR CORP/,NYSE,Motor Vehicles & Passenger Car Bodies,3711,1094517,M0,0331,,,"NYSE, OTC",,
TMC,TMC the metals Co Inc.,NASDAQ,Metal Mining,1000,1798562,A1,1231,,Sustainable Opportunities Acquisition Corp.,"Nasdaq, Nasdaq",,
TMCI,"TREACE MEDICAL CONCEPTS, INC.",NASDAQ,Surgical & Medical Instruments & Apparatus,3841,1630627,FL,1231,,,Nasdaq,,
TMCR,Metals Royalty Co Inc.,NASDAQ,Gold and Silver Ores,1040,2087398,A1,1231,,,Nasdaq,,
TMDE,TMD Energy Ltd,NYSE American,Wholesale-Petroleum & Petroleum Products (No Bulk Stations),5172,2009714,E9,0630,,,NYSE,,
TMDX,"TransMedics Group, Inc.",NASDAQ,Electromedical & Electrotherapeutic Apparatus,3845,1756262,MA,1231,,,Nasdaq,,
TMO,THERMO FISHER SCIENTIFIC INC.,NYSE,"Measuring & Controlling Devices, NEC",3829,97745,DE,1231,,THERMO ELECTRON CORP,NYSE,,
TMP,TOMPKINS FINANCIAL CORP,NYSE American,State Commercial Banks,6022,1005817,NY,1231,,TOMPKINS TRUSTCO INC; TOMPKINS COUNTY TRUSTCO INC,NYSE,,
TMQ,Trilogy Metals Inc.,NYSE American,Gold and Silver Ores,1040,1543418,A1,1130,,NovaCopper Inc.,NYSE,,
TMS,Teamshares Inc,NASDAQ,Retail-Miscellaneous Retail,5900,2048951,DE,1231,,Live Oak Acquisition Corp. V,"Nasdaq, Nasdaq",,
TMUS,"T-Mobile US, Inc.",NASDAQ,Radiotelephone Communications,4812,1283699,DE,1231,,METROPCS COMMUNICATIONS INC,"Nasdaq, Nasdaq, Nasdaq, Nasdaq",,
TNC,TENNANT CO,NYSE,Refrigeration & Service Industry Machinery,3580,97134,MN,1231,,,NYSE,,
TNDM,TANDEM DIABETES CARE INC,NASDAQ,Surgical & Medical Instruments & Apparatus,3841,1438133,DE,1231,,,Nasdaq,,
TNET,"TRINET GROUP, INC.",NYSE,"Services-Business Services, NEC",7389,937098,DE,1231,,TRINET GROUP INC; TRINET EMPLOYER GROUP INC,NYSE,,
TNGX,"Tango Therapeutics, Inc.",NASDAQ,Pharmaceutical Preparations,2834,1819133,DE,1231,,BCTG Acquisition Corp.,Nasdaq,,
TNK,TEEKAY TANKERS LTD.,NYSE,Water Transportation,4400,1419945,D0,1231,,,NYSE,,
TNL,Travel & Leisure Co.,NYSE,Hotels & Motels,7011,1361658,DE,1231,,"Travel & Leisure Co.; Wyndham Destinations, Inc.; WYNDHAM WORLDWIDE CORP",NYSE,,
TNMG,TNL Mediagene,NASDAQ,Services-Advertising,7310,2013186,E9,1231,,,"Nasdaq, OTC",,
TNON,"Tenon Medical, Inc.",NASDAQ,Surgical & Medical Instruments & Apparatus,3841,1560293,DE,1231,,,"Nasdaq, Nasdaq",,
TNXP,Tonix Pharmaceuticals Holding Corp.,NASDAQ,Pharmaceutical Preparations,2834,1430306,NV,1231,,TAMANDARE EXPLORATIONS INC.,Nasdaq,,
TNYA,"Tenaya Therapeutics, Inc.",NASDAQ,"Biological Products, (No Diagnostic Substances)",2836,1858848,DE,1231,,,Nasdaq,,
TOL,"Toll Brothers, Inc.",NYSE,Operative Builders,1531,794170,DE,1031,,TOLL BROTHERS INC,NYSE,,
TOMZ,"TOMI Environmental Solutions, Inc.",NASDAQ,Industrial Organic Chemicals,2860,314227,FL,1231,,"Ozone Man, Inc.; RPS GROUP INC",Nasdaq,,
TONT,Graf Global Corp.,NYSE American,Blank Checks,6770,1897463,E9,1231,,,"NYSE, NYSE, NYSE",,
TONX,TON Strategy Co,NASDAQ,Finance Services,6199,1566610,NV,1231,,"Verb Technology Company, Inc.; nFusz, Inc.; BBOOTH, INC.; Global System Designs, Inc.",Nasdaq,,
TOON,"Kartoon Studios, Inc.",NYSE American,Services-Motion Picture & Video Tape Production,7812,1355848,NV,1231,,"Genius Brands International, Inc.; PACIFIC ENTERTAINMENT CORP",NYSE,,
TOP,TOP Financial Group Ltd,NASDAQ,"Security & Commodity Brokers, Dealers, Exchanges & Services",6200,1848275,E9,0331,,Zhong Yang Financial Group Ltd,Nasdaq,,
TOPP,Toppoint Holdings Inc.,NYSE American,Trucking & Courier Services (No Air),4210,1960847,NV,1231,,,NYSE,,
TOPS,TOP SHIPS INC.,NYSE American,Deep Sea Foreign Transportation of  Freight,4412,1296484,1T,1231,,TOP TANKERS INC.,NYSE,,
TORO,TORO CORP.,NASDAQ,Deep Sea Foreign Transportation of  Freight,4412,1941131,1T,1231,,TANKCO SHIPPING INC.,Nasdaq,,
TOST,"Toast, Inc.",NYSE,Services-Computer Processing & Data Preparation,7374,1650164,,1231,,,NYSE,,
TOVX,"Theriva Biologics, Inc.",NYSE American,Pharmaceutical Preparations,2834,894158,NV,1231,,"Synthetic Biologics, Inc.; ADEONA PHARMACEUTICALS, INC.; PIPEX PHARMACEUTICALS, INC.; SHEFFIELD PHARMACEUTICALS INC; SHEFFIELD MEDICAL TECHNOLOGIES INC",NYSE,,
TOWN,Towne Bank - Common Stock,NASDAQ,,,,,,,,,,
TOYO,"TOYO Co., Ltd",NASDAQ,Semiconductors & Related Devices,3674,1985273,E9,1231,,,"Nasdaq, OTC",,
TP,Ticketplus Ltd.,NYSE American,Services-Miscellaneous Amusement & Recreation,7990,2104296,E9,1231,,,NYSE,,
TPB,"Turning Point Brands, Inc.",NYSE,Tobacco Products,2100,1290677,DE,1231,,"North Atlantic Holding Company, Inc.",NYSE,,
TPC,TUTOR PERINI CORP,NYSE,General Bldg Contractors - Nonresidential Bldgs,1540,77543,MA,1231,,PERINI CORP,NYSE,,
TPCS,TECHPRECISION CORP,NASDAQ,Fabricated Structural Metal Products,3440,1328792,DE,0331,,LOUNSBERRY HOLDINGS II INC,Nasdaq,,
TPET,Trio Petroleum Corp,NYSE American,Crude Petroleum & Natural Gas,1311,1898766,DE,1031,,Trio Petroleum Corp.,NYSE,,
TPG,TPG Inc.,NASDAQ,Investment Advice,6282,1880661,DE,1231,,"TPG Partners, LLC","Nasdaq, Nasdaq",,
TPL,Texas Pacific Land Corp,NYSE,Oil Royalty Traders,6792,1811074,DE,1231,,,NYSE,,
TPR,"TAPESTRY, INC.",NYSE,Leather & Leather Products,3100,1116132,MD,0627,,COACH INC,NYSE,,
TPST,"Tempest Therapeutics, Inc.",NASDAQ,Pharmaceutical Preparations,2834,1544227,DE,1231,,"Millendo Therapeutics, Inc.; OvaScience, Inc.",Nasdaq,,
TPVG,TriplePoint Venture Growth BDC Corp.,NYSE,,,1580345,MD,1231,,,NYSE,,
TR,TOOTSIE ROLL INDUSTRIES INC,NYSE,Sugar & Confectionery Products,2060,98677,VA,1231,,,"NYSE, OTC",,
TRAD,APEX Tech Acquisition Inc.,NYSE,Blank Checks,6770,2085485,E9,0831,,,"NYSE, NYSE, NYSE",,
TRAK,"ReposiTrak, Inc.",NYSE,Services-Computer Processing & Data Preparation,7374,50471,NV,0630,,PARK CITY GROUP INC; FIELDS TECHNOLOGIES INC; AMERINET GROUP COM INC; EQUITY GROWTH SYSTEMS INC /DE/,NYSE,,
TRAW,"Traws Pharma, Inc.",NASDAQ,Pharmaceutical Preparations,2834,1130598,DE,1231,,"Onconova Therapeutics, Inc.; ONCONOVA THERAPEUTICS INC",Nasdaq,,
TRAX,"First Tracks Biotherapeutics, Inc.",NASDAQ,Pharmaceutical Preparations,2834,2091349,DE,1231,,"Biopharma Company, Inc.",Nasdaq,,
TRBG,Turbogen Ltd.,NASDAQ,Electric & Other Services Combined,4931,2088375,L3,1231,,,Nasdaq,,
TRC,TEJON RANCH CO,NYSE,Real Estate,6500,96869,DE,1231,,,NYSE,,
TRDA,"Entrada Therapeutics, Inc.",NASDAQ,Pharmaceutical Preparations,2834,1689375,DE,1231,,"CycloPorters, Inc.",Nasdaq,,
TREE,"LendingTree, Inc.",NASDAQ,Loan Brokers,6163,1434621,DE,1231,,"Tree.com, Inc.",Nasdaq,,
TREO,Tactical Resources Corp.,NASDAQ,Metal Mining,1000,2041208,A1,0731,,Plum III Merger Corp.,Nasdaq,,
TREX,TREX CO INC,NYSE,Lumber & Wood Products (No Furniture),2400,1069878,DE,1231,,,NYSE,,
TRGP,Targa Resources Corp.,NYSE,Natural Gas Transmission,4922,1389170,,1231,,Targa Resources Corp.; Targa Resources Investments Inc.,NYSE,,
TRGS,TRG Latin America Acquisitions Corp.,NASDAQ,Blank Checks,6770,2098780,E9,1231,,,"Nasdaq, Nasdaq, Nasdaq",,
TRI,THOMSON REUTERS CORP /CAN/,NASDAQ,Miscellaneous Publishing,2741,1075124,A6,1231,,THOMSON CORP /CAN/,"Nasdaq, OTC",,
TRIN,Trinity Capital Inc.,NYSE,,,1786108,MD,1231,,Trinity Capital Inc.,"NYSE, NYSE, NYSE",,
TRIP,"TripAdvisor, Inc.",NASDAQ,"Services-Computer Programming, Data Processing, Etc.",7370,1526520,DE,1231,,,Nasdaq,,
TRLV,Trulieve Cannabis Corp.,NYSE,Medicinal Chemicals & Botanical Products,2833,1754195,A1,1231,,,NYSE,,
TRMB,TRIMBLE INC.,NASDAQ,"Measuring & Controlling Devices, NEC",3829,864749,DE,0102,,TRIMBLE NAVIGATION LTD /CA/,Nasdaq,,
TRMD,TORM plc,NASDAQ,Deep Sea Foreign Transportation of  Freight,4412,1655891,X0,1231,,,Nasdaq,,
TRN,TRINITY INDUSTRIES INC,NYSE,Railroad Equipment,3743,99780,DE,1231,,,NYSE,,
TRNO,Terreno Realty Corp,NYSE,Real Estate,6500,1476150,,1231,,,NYSE,,
TRNR,"Interactive Strength, Inc.",NASDAQ,Electronic & Other Electrical Equipment (No Computer Equip),3600,1785056,DE,1231,,,Nasdaq,,
TRNS,TRANSCAT INC,NASDAQ,Instruments For Meas & Testing of  Electricity & Elec Signals,3825,99302,OH,0327,,TRANSMATION INC,Nasdaq,,
TRON,Tron Inc.,NASDAQ,Finance Services,6199,1956744,NV,1231,,"SRM Entertainment, Inc.",Nasdaq,,
TROO,"Troops, Inc. /Cayman Islands/",NASDAQ,Miscellaneous Business Credit Institution,6159,1412095,E9,1231,,"SGOCO Group, Ltd.; SGOCO Technology, Ltd.; Hambrecht Asia Acquisition Corp.",Nasdaq,,
TROW,PRICE T ROWE GROUP INC,NASDAQ,Investment Advice,6282,1113169,MD,1231,,,Nasdaq,,
TROX,Tronox Holdings plc,NYSE,Industrial Inorganic Chemicals,2810,1530804,X0,1231,,Tronox Ltd,NYSE,,
TRP,TC ENERGY CORP,NYSE,Natural Gas Transmission,4922,1232384,A0,1231,,TRANSCANADA CORP,"NYSE, OTC, OTC, OTC, OTC, OTC, OTC, OTC, OTC",,
TRS,TRIMAS CORP,NASDAQ,Metal Forgings & Stampings,3460,842633,DE,1231,,,Nasdaq,,
TRSG,Tungray Technologies Inc,NASDAQ,"Construction, Mining & Materials Handling Machinery & Equip",3530,1943444,E9,1231,,,Nasdaq,,
TRT,TRIO-TECH INTERNATIONAL,NYSE American,"Special Industry Machinery, NEC",3559,732026,CA,0630,,TRIO TECH INTERNATIONAL,NYSE,,
TRTN$A,Triton International Limited 8.50% Series A Cumulative Redeemable Perpetual  Preference Shares,NYSE,,,,,,,,,,
TRTN$B,Triton International Limited 8.00% Series B Cumulative Redeemable Perpetual Preference Shares,NYSE,,,,,,,,,,
TRTN$C,Triton International Limited 7.375% Series C Cumulative Redeemable Perpetual Preference Shares,NYSE,,,,,,,,,,
TRTN$D,Triton International Limited 6.875% Series D Cumulative Redeemable Perpetual Preference Shares,NYSE,,,,,,,,,,
TRTN$E,Triton International Limited 5.75% Series E Cumulative Redeemable Perpetual Preference Shares,NYSE,,,,,,,,,,
TRTN$F,Triton International Limited 7.625% Series F Cumulative Redeemable Perpetual Preference Shares,NYSE,,,,,,,,,,
TRTN$G,Triton International Limited 7.500% Series G Cumulative Redeemable Perpetual Preference Shares,NYSE,,,,,,,,,,
TRU,TransUnion,NYSE,"Services-Consumer Credit Reporting, Collection Agencies",7320,1552033,DE,1231,,"TransUnion Holding Company, Inc.",NYSE,,
TRUG,"TruGolf Holdings, Inc.",NASDAQ,"Sporting & Athletic Goods, NEC",3949,1857086,DE,1231,,Deep Medicine Acquisition Corp.,Nasdaq,,
TRUP,"TRUPANION, INC.",NASDAQ,Hospital & Medical Service Plans,6324,1371285,DE,1231,,TRUPANION INC.; VETINSURANCE INTERNATIONAL INC,Nasdaq,,
TRV,"TRAVELERS COMPANIES, INC.",NYSE,"Fire, Marine & Casualty Insurance",6331,86312,MN,1231,,ST PAUL TRAVELERS COMPANIES INC; ST PAUL COMPANIES INC /MN/; ST PAUL FIRE & MARINE INSURANCE CO/MD,NYSE,,
TRVI,"Trevi Therapeutics, Inc.",NASDAQ,Pharmaceutical Preparations,2834,1563880,DE,1231,,,Nasdaq,,
TRX,TRX GOLD Corp,NYSE American,Gold and Silver Ores,1040,1173643,A0,0831,,Tanzanian Gold Corp; TANZANIAN ROYALTY EXPLORATION CORP; TAN RANGE EXPLORATION CORP,NYSE,,
TSAT,Telesat Corp,NASDAQ,"Communications Services, NEC",4899,1845840,A1,1231,,Telesat Corp,Nasdaq,,
TSBK,TIMBERLAND BANCORP INC,NASDAQ,"Savings Institutions, Not Federally Chartered",6036,1046050,WA,0930,,,Nasdaq,,
TSCO,TRACTOR SUPPLY CO /DE/,NASDAQ,"Retail-Building Materials, Hardware, Garden Supply",5200,916365,DE,1228,,,Nasdaq,,
TSEM,TOWER SEMICONDUCTOR LTD,NASDAQ,Semiconductors & Related Devices,3674,928876,L3,1231,,,Nasdaq,,
TSHA,"Taysha Gene Therapies, Inc.",NASDAQ,"Biological Products, (No Diagnostic Substances)",2836,1806310,DE,1231,,,Nasdaq,,
TSLA,"Tesla, Inc.",NASDAQ,Motor Vehicles & Passenger Car Bodies,3711,1318605,TX,1231,,TESLA MOTORS INC,Nasdaq,,
TSLX,"Sixth Street Specialty Lending, Inc.",NYSE,,,1508655,DE,1231,,"TPG Specialty Lending, Inc.",NYSE,,
TSM,TAIWAN SEMICONDUCTOR MANUFACTURING CO LTD,NYSE,Semiconductors & Related Devices,3674,1046179,,1231,,,"NYSE, OTC",,
TSN,"TYSON FOODS, INC.",NYSE,Poultry Slaughtering and Processing,2015,100493,DE,1003,,TYSON FOODS INC,NYSE,,
TSQ,"Townsquare Media, Inc.",NYSE,Radio Broadcasting Stations,4832,1499832,DE,1231,,"Townsquare Media, LLC",NYSE,,
TSSI,"TSS, Inc.",NASDAQ,Services-Management Consulting Services,8742,1320760,DE,1231,,"Fortress International Group, Inc.; Fortress America Acquisition CORP",Nasdaq,,
TT,Trane Technologies plc,NYSE,Auto Controls For Regulating Residential & Comml Environments,3822,1466258,L2,1231,,Ingersoll-Rand plc,NYSE,,
TTAM,Titan America SA,NYSE,Mining & Quarrying of  Nonmetallic Minerals (No Fuels),1400,2035304,C9,1231,,,NYSE,,
TTAN,"ServiceTitan, Inc.",NASDAQ,Services-Prepackaged Software,7372,1638826,DE,0131,,,Nasdaq,,
TTC,TORO CO,NYSE,Lawn & Garden Tractors & Home Lawn & Gardens Equip,3524,737758,MN,1031,,,NYSE,,
TTD,"Trade Desk, Inc.",NASDAQ,"Services-Computer Programming, Data Processing, Etc.",7370,1671933,NV,1231,,,Nasdaq,,
TTE,TotalEnergies SE,NYSE,Crude Petroleum & Natural Gas,1311,879764,I0,1231,,TOTAL SE; TOTAL S.A.; TOTAL SA; TOTAL FINA ELF SA; TOTAL FINA SA; TOTAL,NYSE,,
TTEC,"TTEC Holdings, Inc.",NASDAQ,Services-Help Supply Services,7363,1013880,TX,1231,,TELETECH HOLDINGS INC,Nasdaq,,
TTEK,TETRA TECH INC,NASDAQ,Services-Engineering Services,8711,831641,DE,0927,,,Nasdaq,,
TTGT,"TechTarget, Inc.",NASDAQ,Telegraph & Other Message Communications,4822,2018064,DE,1231,,"Toro CombineCo, Inc.",Nasdaq,,
TTI,TETRA TECHNOLOGIES INC,NYSE,Crude Petroleum & Natural Gas,1311,844965,DE,1231,,,NYSE,,
TTMI,TTM TECHNOLOGIES INC,NASDAQ,Printed Circuit Boards,3672,1116942,DE,1228,,,Nasdaq,,
TTRX,Turn Therapeutics Inc.,NASDAQ,Pharmaceutical Preparations,2834,2023016,DE,1231,,"Global Health Solutions, Inc",Nasdaq,,
TTWO,TAKE TWO INTERACTIVE SOFTWARE INC,NASDAQ,Services-Prepackaged Software,7372,946581,DE,0331,,,Nasdaq,,
TU,TELUS CORP,NYSE,Radiotelephone Communications,4812,868675,A1,1231,,TELUS CORPORATION,NYSE,,
TULP,"BLOOMIA HOLDINGS, INC.",NASDAQ,Agricultural Production-Crops,0100,875355,DE,0630,,"LENDWAY, INC.; INSIGNIA SYSTEMS INC/MN",Nasdaq,,
TUSK,"MAMMOTH ENERGY SERVICES, INC.",NASDAQ,"Oil & Gas Field Services, NEC",1389,1679268,DE,1231,,,Nasdaq,,
TV,"GRUPO TELEVISA, S.A.B.",NYSE,Television Broadcasting Stations,4833,912892,,1231,,GRUPO TELEVISA S A,"NYSE, OTC",,
TVA,Texas Ventures Acquisition III Corp,NASDAQ,Blank Checks,6770,2033991,E9,1231,,,"Nasdaq, Nasdaq, Nasdaq",,
TVC,Tennessee Valley Authority,NYSE,Electric Services,4911,1376986,,0930,,,"NYSE, NYSE",,
TVE,Tennessee Valley Authority,NYSE,Electric Services,4911,1376986,,0930,,,"NYSE, NYSE",,
TVGN,Tevogen Inc.,NASDAQ,"Biological Products, (No Diagnostic Substances)",2836,1860871,DE,1231,,Tevogen Bio Holdings Inc.; Semper Paratus Acquisition Corp,"Nasdaq, Nasdaq",,
TVIV,Texas Ventures Acquisition IV Corp,NASDAQ,Blank Checks,6770,2096755,E9,1231,,,"Nasdaq, Nasdaq, Nasdaq",,
TVRD,"Tvardi Therapeutics, Inc.",NASDAQ,Pharmaceutical Preparations,2834,1346830,DE,1231,,"Cara Therapeutics, Inc.; Cara Therapeutics Inc",Nasdaq,,
TVTX,"Travere Therapeutics, Inc.",NASDAQ,Pharmaceutical Preparations,2834,1438533,CA,1231,,"Retrophin, Inc.; Desert Gateway, Inc.",Nasdaq,,
TW,Tradeweb Markets Inc.,NASDAQ,"Security & Commodity Brokers, Dealers, Exchanges & Services",6200,1758730,DE,1231,,,Nasdaq,,
TWAV,"TaoWeave, Inc.",NASDAQ,"Services-Computer Programming, Data Processing, Etc.",7370,746210,DE,1231,,"Oblong, Inc.; GLOWPOINT, INC.; GLOWPOINT INC; WIRE ONE TECHNOLOGIES INC; WIRE ONE TECHNOLOGY INC; VIEW TECH INC",Nasdaq,,
TWFG,"TWFG, Inc.",NASDAQ,"Insurance Agents, Brokers & Service",6411,2007596,DE,1231,,,Nasdaq,,
TWG,Top Wealth Group Holding Ltd,NASDAQ,Miscellaneous Food Preparations & Kindred Products,2090,1978057,E9,1231,,,Nasdaq,,
TWI,TITAN INTERNATIONAL INC,NYSE,"Steel Works, Blast Furnaces & Rolling Mills (Coke Ovens)",3312,899751,IL,1231,,TITAN WHEEL INTERNATIONAL INC,NYSE,,
TWIN,TWIN DISC INC,NASDAQ,General Industrial Machinery & Equipment,3560,100378,WI,0630,,,Nasdaq,,
TWLO,TWILIO INC,NYSE,Services-Prepackaged Software,7372,1447669,DE,1231,,,NYSE,,
TWLV,Twelve Seas Investment Co III/Cayman,NASDAQ,Blank Checks,6770,2052243,E9,1231,,,"Nasdaq, Nasdaq, Nasdaq",,
TWST,Twist Bioscience Corp,NASDAQ,"Biological Products, (No Diagnostic Substances)",2836,1581280,DE,0930,,,Nasdaq,,
TXG,"10x Genomics, Inc.",NASDAQ,Laboratory Analytical Instruments,3826,1770787,DE,1231,,,Nasdaq,,
TXMD,"TherapeuticsMD, Inc.",NASDAQ,Pharmaceutical Preparations,2834,25743,NV,1231,,"AMHN, Inc.; CROFF ENTERPRISES INC; CROFF OIL CO",Nasdaq,,
TXN,TEXAS INSTRUMENTS INC,NASDAQ,Semiconductors & Related Devices,3674,97476,DE,1231,,,Nasdaq,,
TXNM,TXNM ENERGY INC,NYSE,Electric Services,4911,1108426,NM,1231,,PNM RESOURCES INC; PNM RESOURCES; MANZANO CORP,NYSE,,
TXRH,"Texas Roadhouse, Inc.",NASDAQ,Retail-Eating  Places,5812,1289460,DE,1229,,,Nasdaq,,
TXT,TEXTRON INC,NYSE,Aircraft & Parts,3720,217346,DE,0102,,,NYSE,,
TY,TRI-CONTINENTAL Corp,NYSE,,,99614,MD,1231,,TRI CONTINENTAL CORP,"NYSE, NYSE",,
TYG,TORTOISE ENERGY INFRASTRUCTURE CORP,NYSE,,,1268533,MD,1130,,,NYSE,,
TYGO,"TIGO ENERGY, INC.",NASDAQ,Semiconductors & Related Devices,3674,1855447,DE,1231,,Roth CH Acquisition IV Co.,Nasdaq,,
TYL,TYLER TECHNOLOGIES INC,NYSE,Services-Prepackaged Software,7372,860731,DE,1231,,TYLER CORP /NEW/,NYSE,,
TYRA,"Tyra Biosciences, Inc.",NASDAQ,Pharmaceutical Preparations,2834,1863127,DE,1231,,,Nasdaq,,
TZOO,TRAVELZOO,NASDAQ,Services-Advertising,7310,1133311,DE,1231,,TRAVELZOO INC,Nasdaq,,
U,Unity Software Inc.,NYSE,Services-Prepackaged Software,7372,1810806,DE,1231,,,NYSE,,
UA,"Under Armour, Inc.",NYSE,Apparel & Other Finishd Prods of  Fabrics & Similar Matl,2300,1336917,MD,0331,,,"NYSE, NYSE",,
UAA,"Under Armour, Inc.",NYSE,Apparel & Other Finishd Prods of  Fabrics & Similar Matl,2300,1336917,MD,0331,,,"NYSE, NYSE",,
UAL,"United Airlines Holdings, Inc.",NASDAQ,"Air Transportation, Scheduled",4512,100517,DE,1231,,"United Continental Holdings, Inc.; UAL CORP /DE/",Nasdaq,,
UAMY,UNITED STATES ANTIMONY CORP,NYSE,Primary Smelting & Refining of  Nonferrous Metals,3330,101538,MT,1231,,,NYSE,,
UAVS,AgEagle Aerial Systems Inc.,NYSE American,Aircraft,3721,8504,NV,1231,,"EnerJex Resources, Inc.; MILLENNIUM PLASTICS CORP; MILLENIUM PLASTICS CORP; AURORA CORP",NYSE,,
UBCP,UNITED BANCORP INC /OH/,NASDAQ,State Commercial Banks,6022,731653,OH,1231,,,Nasdaq,,
UBER,"Uber Technologies, Inc",NYSE,"Services-Business Services, NEC",7389,1543151,DE,1231,,,NYSE,,
UBS,UBS Group AG,NYSE,National Commercial Banks,6021,1610520,V8,1231,,,NYSE,,
UBSI,UNITED BANKSHARES INC/WV,NASDAQ,State Commercial Banks,6022,729986,WV,1231,,UNITED BANKSHARES INC/WV,Nasdaq,,
UCAR,U Power Ltd,NASDAQ,"Miscellaneous Electrical Machinery, Equipment & Supplies",3690,1939780,E9,1231,,,Nasdaq,,
UCB,UNITED COMMUNITY BANKS INC,NYSE,State Commercial Banks,6022,857855,GA,1231,,,NYSE,,
UCFI,CN Healthy Food Tech Group Corp.,NASDAQ,Food and Kindred Products,2000,1901203,DE,1231,,Iron Horse Acquisitions Corp.,"Nasdaq, Nasdaq",,
UCTT,"Ultra Clean Holdings, Inc.",NASDAQ,Semiconductors & Related Devices,3674,1275014,DE,1230,,ULTRA CLEAN HOLDINGS INC,Nasdaq,,
UDR,"UDR, Inc.",NYSE,Real Estate Investment Trusts,6798,74208,MD,1231,,UNITED DOMINION REALTY TRUST INC,NYSE,,
UE,Urban Edge Properties,NYSE,Real Estate,6500,1611547,MD,1231,,Vornado SpinCo,NYSE,,
UEC,URANIUM ENERGY CORP,NYSE American,Miscellaneous Metal Ores,1090,1334933,NV,0731,,,NYSE,,
UEIC,UNIVERSAL ELECTRONICS INC,NASDAQ,Household Audio & Video Equipment,3651,101984,DE,1231,,,Nasdaq,,
UFCS,UNITED FIRE GROUP INC,NASDAQ,"Fire, Marine & Casualty Insurance",6331,101199,,1231,,UNITED FIRE & CASUALTY CO,Nasdaq,,
UFG,Uni-Fuels Holdings Ltd,NASDAQ,Wholesale-Petroleum & Petroleum Products (No Bulk Stations),5172,2021688,,,,,Nasdaq,,
UFI,UNIFI INC,NYSE,Textile Mill Products,2200,100726,NY,0703,,,NYSE,,
UFPI,UFP INDUSTRIES INC,NASDAQ,"Sawmills & Planting Mills, General",2421,912767,MI,1226,,UNIVERSAL FOREST PRODUCTS INC,Nasdaq,,
UFPT,UFP TECHNOLOGIES INC,NASDAQ,Surgical & Medical Instruments & Apparatus,3841,914156,DE,1231,,,Nasdaq,,
UG,UNITED GUARDIAN INC,NASDAQ,"Perfumes, Cosmetics & Other Toilet Preparations",2844,101295,DE,1231,,,Nasdaq,,
UGI,UGI CORP /PA/,NYSE,Gas & Other Services Combined,4932,884614,PA,0930,,UGI CORP /NEW/,NYSE,,
UHAL,U-Haul Holding Co /NV/,NYSE,Services-Auto Rental & Leasing (No Drivers),7510,4457,NV,0331,,AMERCO /NV/,"NYSE, NYSE",,
UHAL.B,U-Haul Holding Company Series N Non-Voting Common Stock,NYSE,,,,,,,,,,
UHS,UNIVERSAL HEALTH SERVICES INC,NYSE,"Services-General Medical & Surgical Hospitals, NEC",8062,352915,DE,1231,,,NYSE,,
UI,Ubiquiti Inc.,NYSE,Radio & Tv Broadcasting & Communications Equipment,3663,1511737,DE,0630,,"Ubiquiti Networks, Inc.",NYSE,,
UIS,UNISYS CORP,NYSE,Services-Computer Integrated Systems Design,7373,746838,DE,1231,,,NYSE,,
UK,Ucommune International Ltd,NASDAQ,"Services-Business Services, NEC",7389,1821424,E9,1231,,,Nasdaq,,
ULBI,ULTRALIFE CORP,NASDAQ,"Miscellaneous Electrical Machinery, Equipment & Supplies",3690,875657,DE,1231,,ULTRALIFE BATTERIES INC,Nasdaq,,
ULCC,"Frontier Group Holdings, Inc.",NASDAQ,"Air Transportation, Scheduled",4512,1670076,DE,1231,,,Nasdaq,,
ULH,"UNIVERSAL LOGISTICS HOLDINGS, INC.",NASDAQ,Trucking (No Local),4213,1308208,NV,1231,,"Universal Truckload Services, Inc.",Nasdaq,,
ULS,UL Solutions Inc.,NYSE,Services-Testing Laboratories,8734,1901440,DE,1231,,UL Solutions Inc.; UL Inc.,NYSE,,
ULTA,"Ulta Beauty, Inc.",NASDAQ,"Retail-Retail Stores, NEC",5990,1403568,,0130,,"Ulta Salon, Cosmetics & Fragrance, Inc.",Nasdaq,,
UMAC,"Unusual Machines, Inc.",NYSE American,Radio & Tv Broadcasting & Communications Equipment,3663,1956955,NV,1231,,,NYSE,,
UMBF,UMB FINANCIAL CORP,NASDAQ,National Commercial Banks,6021,101382,MO,1231,,UNITED MISSOURI BANCSHARES INC,"Nasdaq, Nasdaq",,
UMC,UNITED MICROELECTRONICS CORP,NYSE,Semiconductors & Related Devices,3674,1033767,F5,1231,,,NYSE,,
UMH,"UMH PROPERTIES, INC.",NYSE,Real Estate Investment Trusts,6798,752642,MD,1231,,UNITED MOBILE HOMES INC,"NYSE, NYSE",,
UNB,UNION BANKSHARES INC,NASDAQ,State Commercial Banks,6022,706863,VT,1231,,,Nasdaq,,
UNCY,"Unicycive Therapeutics, Inc.",NASDAQ,Pharmaceutical Preparations,2834,1766140,DE,1231,,"Unicycive Therapeutics, Inc.",Nasdaq,,
UNF,UNIFIRST CORP,NYSE,Services-Personal Services,7200,717954,MA,0829,,,NYSE,,
UNFI,UNITED NATURAL FOODS INC,NYSE,"Wholesale-Groceries, General Line",5141,1020859,DE,0731,,,NYSE,,
UNH,UNITEDHEALTH GROUP INC,NYSE,Hospital & Medical Service Plans,6324,731766,DE,1231,,UNITED HEALTHCARE CORP,NYSE,,
UNIT,Uniti Group Inc.,NASDAQ,Telephone Communications (No Radiotelephone),4813,2020795,DE,1231,,"Windstream Parent, Inc.",Nasdaq,,
UNM,Unum Group,NYSE,Accident & Health Insurance,6321,5513,DE,1231,,UNUMPROVIDENT CORP; PROVIDENT COMPANIES INC /DE/; PROVIDENT COMPANIES INC /TN/; PROVIDENT LIFE & ACCIDENT INSURANCE CO OF AMERICA,"NYSE, NYSE",,
UNP,UNION PACIFIC CORP,NYSE,"Railroads, Line-Haul Operating",4011,100885,UT,1231,,,NYSE,,
UNTY,UNITY BANCORP INC /NJ/,NASDAQ,State Commercial Banks,6022,920427,NJ,1231,,UNITY BANCORP INC /DE/,Nasdaq,,
UONE,"URBAN ONE, INC.",NASDAQ,Radio Broadcasting Stations,4832,1041657,DE,1231,,"RADIO ONE, INC.; RADIO ONE INC","Nasdaq, Nasdaq",,
UONEK,"URBAN ONE, INC.",NASDAQ,Radio Broadcasting Stations,4832,1041657,DE,1231,,"RADIO ONE, INC.; RADIO ONE INC","Nasdaq, Nasdaq",,
UP,Wheels Up Experience Inc.,NYSE,"Air Transportation, Nonscheduled",4522,1819516,,1231,,Aspirational Consumer Lifestyle Corp.,NYSE,,
UPB,"Upstream Bio, Inc.",NASDAQ,Pharmaceutical Preparations,2834,2022626,DE,1231,,,Nasdaq,,
UPBD,"UPBOUND GROUP, INC.",NASDAQ,"Services-Equipment Rental & Leasing, NEC",7359,933036,DE,1231,,RENT A CENTER INC DE; RENTERS CHOICE INC,Nasdaq,,
UPC,Universe Pharmaceuticals INC,NASDAQ,Pharmaceutical Preparations,2834,1809616,F4,0930,,,Nasdaq,,
UPLD,"Upland Software, Inc.",NASDAQ,Services-Prepackaged Software,7372,1505155,TX,1231,,Silverback Acquisition Corp,Nasdaq,,
UPS,UNITED PARCEL SERVICE INC,NYSE,Trucking & Courier Services (No Air),4210,1090727,DE,1231,,,NYSE,,
UPST,"Upstart Holdings, Inc.",NASDAQ,Finance Services,6199,1647639,DE,1231,,,Nasdaq,,
UPWK,"UPWORK, INC",NASDAQ,Services-Computer Processing & Data Preparation,7374,1627475,DE,1231,,Upwork Inc.,Nasdaq,,
UPXI,"UPEXI, INC.",NASDAQ,Finance Services,6199,1775194,DE,0630,,"GROVE, INC.",Nasdaq,,
URBN,URBAN OUTFITTERS INC,NASDAQ,Retail-Family Clothing Stores,5651,912615,PA,0131,,,Nasdaq,,
URG,UR-ENERGY INC,NYSE American,Gold and Silver Ores,1040,1375205,Z4,1231,,,NYSE,,
URGN,UroGen Pharma Ltd.,NASDAQ,Pharmaceutical Preparations,2834,1668243,L3,1231,,,Nasdaq,,
URI,"UNITED RENTALS, INC.",NYSE,"Services-Equipment Rental & Leasing, NEC",7359,1067701,DE,1231,,UNITED RENTALS INC /DE,NYSE,,
UROY,Uranium Royalty Corp.,NASDAQ,Commodity Contracts Brokers & Dealers,6221,2143673,DE,0430,,,Nasdaq,,
USAR,"USA Rare Earth, Inc.",NASDAQ,Metal Mining,1000,1970622,E9,1231,,Inflection Point Acquisition Corp. II,Nasdaq,,
USAS,Americas Gold & Silver Corp,NYSE American,Metal Mining,1000,1286973,Z4,,,Americas Silver Corp; SCORPIO MINING CORP,NYSE,,
USAU,U.S. GOLD CORP.,NASDAQ,Metal Mining,1000,27093,NV,0430,,DATARAM CORP,Nasdaq,,
USB,US BANCORP \DE\,NYSE,National Commercial Banks,6021,36104,DE,1231,,FIRST BANK SYSTEM INC,"NYSE, NYSE, NYSE, NYSE, NYSE, NYSE, NYSE",,
USBC,"USBC, Inc.",NYSE American,Finance Services,6199,1074828,NV,1231,,"KNOW LABS, INC.; VISUALANT INC; Visualant, INC; STARBERRYS CORP; CIGAR KING CORP",NYSE,,
USCB,"USCB FINANCIAL HOLDINGS, INC.",NASDAQ,State Commercial Banks,6022,1901637,FL,1231,,,Nasdaq,,
USDE,StableCoinX Inc.,NASDAQ,Finance Services,6199,2080215,DE,1231,,,"Nasdaq, Nasdaq",,
USEA,United Maritime Corp,NASDAQ,Water Transportation,4400,1912847,1T,1231,,,Nasdaq,,
USFD,US Foods Holding Corp.,NYSE,Wholesale-Groceries & Related Products,5140,1665918,IL,0102,,,NYSE,,
USGO,U.S. GoldMining Inc.,NASDAQ,Gold and Silver Ores,1040,1947244,NV,1231,,,Nasdaq,,
USIO,"Usio, Inc.",NASDAQ,"Functions Related To Depository Banking, NEC",6099,1088034,NV,1231,,PAYMENT DATA SYSTEMS INC; Payment Data Systems Inc; BILLSERV INC; BILLSERV COM INC,Nasdaq,,
USLM,UNITED STATES LIME & MINERALS INC,NASDAQ,Mining & Quarrying of  Nonmetallic Minerals (No Fuels),1400,82020,TX,1231,,SCOTTISH HERITABLE INC,Nasdaq,,
USNA,USANA HEALTH SCIENCES INC,NYSE,Medicinal Chemicals & Botanical Products,2833,896264,UT,0103,,USANA INC,NYSE,,
USPH,U S PHYSICAL THERAPY INC /NV,NYSE,Services-Health Services,8000,885978,NV,1231,,,NYSE,,
UTHR,UNITED THERAPEUTICS Corp,NASDAQ,Pharmaceutical Preparations,2834,1082554,DE,1231,,,Nasdaq,,
UTI,UNIVERSAL TECHNICAL INSTITUTE INC,NYSE,Services-Educational Services,8200,1261654,DE,0930,,UNIVERSAL TECHNICAL INSTITUTE INC,NYSE,,
UTL,UNITIL CORP,NYSE,Electric & Other Services Combined,4931,755001,NH,1231,,,NYSE,,
UTMD,UTAH MEDICAL PRODUCTS INC,NASDAQ,Surgical & Medical Instruments & Apparatus,3841,706698,UT,1231,,,Nasdaq,,
UTSI,UTSTARCOM HOLDINGS CORP.,NASDAQ,"Communications Equipment, NEC",3669,1030471,E9,1231,,UTSTARCOM INC,Nasdaq,,
UTZ,"Utz Brands, Inc.",NYSE,Miscellaneous Food Preparations & Kindred Products,2090,1739566,DE,0103,,Collier Creek Holdings,NYSE,,
UUU,"UNIVERSAL SAFETY PRODUCTS, INC.",NYSE American,"Wholesale-Electronic Parts & Equipment, NEC",5065,102109,MD,0331,,UNIVERSAL SECURITY INSTRUMENTS INC,NYSE,,
UUUU,ENERGY FUELS INC,NYSE American,Mining & Quarrying of  Nonmetallic Minerals (No Fuels),1400,1385849,A6,1231,,,NYSE,,
UVE,"UNIVERSAL INSURANCE HOLDINGS, INC.",NYSE,"Fire, Marine & Casualty Insurance",6331,891166,DE,1231,,"UNIVERSAL INSURANCE HOLDINGS, INC.; UNIVERSAL INSURANCE HOLDINGS INC; UNIVERSAL HEIGHTS INC",NYSE,,
UVSP,UNIVEST FINANCIAL Corp,NASDAQ,State Commercial Banks,6022,102212,PA,1231,,UNIVEST CORP OF PENNSYLVANIA,Nasdaq,,
UVV,UNIVERSAL CORP /VA/,NYSE,Wholesale-Farm Product Raw Materials,5150,102037,VA,0331,,,NYSE,,
UWMC,UWM Holdings Corp,NYSE,Mortgage Bankers & Loan Correspondents,6162,1783398,DE,1231,,"Gores Holdings IV, Inc.",NYSE,,
UZX,Linkage Global Inc,NASDAQ,Retail-Catalog & Mail-Order Houses,5961,1969401,M0,,,,Nasdaq,,
V,VISA INC.,NYSE,"Services-Business Services, NEC",7389,1403161,DE,0930,,,NYSE,,
VABK,Virginia National Bankshares Corp,NASDAQ,National Commercial Banks,6021,1572334,VA,1231,,,Nasdaq,,
VAC,MARRIOTT VACATIONS WORLDWIDE Corp,NYSE,Real Estate Agents & Managers (For Others),6531,1524358,X1,1231,,,NYSE,,
VAI,Senmiao Technology Ltd,NASDAQ,Services-Auto Rental & Leasing (No Drivers),7510,1711012,NV,0331,,,"Nasdaq, Nasdaq",,
VAL,Valaris Ltd,NYSE,Drilling Oil & Gas Wells,1381,314808,,1231,,Valaris plc; Ensco Rowan plc; Ensco plc; Ensco International plc; ENSCO INTERNATIONAL INC; ENERGY SERVICE COMPANY INC,"NYSE, NYSE",,
VALU,VALUE LINE INC,NASDAQ,Investment Advice,6282,717720,NY,0430,,,Nasdaq,,
VANI,"Vivani Medical, Inc.",NASDAQ,Electromedical & Electrotherapeutic Apparatus,3845,1266806,DE,1231,,SECOND SIGHT MEDICAL PRODUCTS INC; SECOUND SIGHT MEDICAL PRODUCTS INC,Nasdaq,,
VATE,INNOVATE Corp.,NYSE,Fabricated Structural Metal Products,3440,1006837,DE,1231,,"HC2 Holdings, Inc.; HC2 HOLDINGS, INC.; PTGi HOLDING, INC.; PRIMUS TELECOMMUNICATIONS GROUP INC",NYSE,,
VBIO,"Valion Bio, Inc.",NASDAQ,Pharmaceutical Preparations,2834,1787740,DE,1231,,"Tivic Health Systems, Inc.",Nasdaq,,
VBNK,VersaBank,NASDAQ,"Commercial Banks, NEC",6029,1690639,Z4,1031,,,Nasdaq,,
VC,VISTEON CORP,NASDAQ,Motor Vehicle Parts & Accessories,3714,1111335,DE,1231,,,Nasdaq,,
VCEL,Vericel Corp,NASDAQ,"Biological Products, (No Diagnostic Substances)",2836,887359,MI,1231,,AASTROM BIOSCIENCES INC,Nasdaq,,
VCIG,VCI Global Ltd,NASDAQ,Services-Facilities Support Management Services,8744,1930510,N8,1231,,,Nasdaq,,
VCTR,"Victory Capital Holdings, Inc.",NASDAQ,Investment Advice,6282,1570827,DE,1231,,,Nasdaq,,
VCYT,"VERACYTE, INC.",NASDAQ,Services-Medical Laboratories,8071,1384101,DE,1231,,CALDEROME INC,Nasdaq,,
VECO,VEECO INSTRUMENTS INC,NASDAQ,"Special Industry Machinery, NEC",3559,103145,DE,1231,,,Nasdaq,,
VEEA,VEEA INC.,NASDAQ,Services-Computer Integrated Systems Design,7373,1840317,DE,1231,,Plum Acquisition Corp. I,"Nasdaq, Nasdaq",,
VEEE,"Twin Vee PowerCats, Co.",NASDAQ,Ship & Boat Building & Repairing,3730,1855509,,1231,,,Nasdaq,,
VEEV,VEEVA SYSTEMS INC,NYSE,Services-Prepackaged Software,7372,1393052,DE,0131,,VERTICALS ONDEMAND INC,NYSE,,
VEL,"Velocity Financial, Inc.",NYSE,Finance Services,6199,1692376,DE,1231,,"Velocity Financial, LLC",NYSE,,
VELO,"Velo3D, Inc.",NASDAQ,"Special Industry Machinery, NEC",3559,1825079,DE,1231,,JAWS Spitfire Acquisition Corp,"Nasdaq, OTC",,
VENU,Venu Holding Corp,NYSE American,Services-Amusement & Recreation Services,7900,1770501,CO,1231,,"Venu Holding Corp; NOTES LIVE, INC.; B ENTERTAINMENT LLC; Bourbon Brothers Entertainment, LLC",NYSE,,
VERA,"Vera Therapeutics, Inc.",NASDAQ,Pharmaceutical Preparations,2834,1831828,DE,1231,,,Nasdaq,,
VERI,"Veritone, Inc.",NASDAQ,Services-Computer Processing & Data Preparation,7374,1615165,DE,1231,,,Nasdaq,,
VERU,VERU INC.,NASDAQ,Pharmaceutical Preparations,2834,863894,WI,0930,,FEMALE HEALTH CO,Nasdaq,,
VERX,"Vertex, Inc.",NASDAQ,Services-Prepackaged Software,7372,1806837,DE,1231,,,Nasdaq,,
VET,VERMILION ENERGY INC.,NYSE,Crude Petroleum & Natural Gas,1311,1293135,A0,1231,,VERMILION ENERGY TRUST,NYSE,,
VFC,V F CORP,NYSE,"Men's & Boys' Furnishgs, Work Clothg, & Allied Garments",2320,103379,PA,0328,,V F CORP/NC; V F CORP /PA/,NYSE,,
VFF,"Village Farms International, Inc.",NASDAQ,Agricultural Production-Crops,0100,1584549,A6,1231,,,Nasdaq,,
VFS,VinFast Auto Ltd.,NASDAQ,Motor Vehicles & Passenger Car Bodies,3711,1913510,U0,1231,,VinFast Auto Pte. Ltd.; Vinfast Trading & Investment Pte. Ltd.,"Nasdaq, Nasdaq",,
VG,"Venture Global, Inc.",NYSE,Natural Gas Distribution,4924,2007855,DE,1231,,,NYSE,,
VGAS,"Verde Clean Fuels, Inc.",NASDAQ,Industrial Organic Chemicals,2860,1841425,DE,1231,,CENAQ Energy Corp.,"Nasdaq, Nasdaq",,
VGNT,Versigent PLC,NYSE,Motor Vehicle Parts & Accessories,3714,2078008,Y9,1231,,Versigent Ltd; Cyprium Holdings Ltd,NYSE,,
VGZ,VISTA GOLD CORP,NYSE American,Gold and Silver Ores,1040,783324,,1231,,GRANGES INC,NYSE,,
VHC,VirnetX Holding Corp,NASDAQ,Patent Owners & Lessors,6794,1082324,DE,1231,,PASW INC; PACIFIC SOFTWORKS INC,Nasdaq,,
VHCP,Vine Hill Capital Investment Corp. II,NASDAQ,Blank Checks,6770,2086264,E9,1231,,,"Nasdaq, Nasdaq, Nasdaq",,
VHI,VALHI INC /DE/,NYSE,Industrial Inorganic Chemicals,2810,59255,DE,1231,,,NYSE,,
VHUB,"VenHub Global, Inc.",NASDAQ,Misc Industrial & Commercial Machinery & Equipment,3590,1972234,DE,1231,,"Autonomous Solutions, Inc.",Nasdaq,,
VIA,"Via Transportation, Inc.",NYSE,Services-Prepackaged Software,7372,1603015,DE,1231,,"Via Transporation, Inc.",NYSE,,
VIAV,VIAVI SOLUTIONS INC.,NASDAQ,Semiconductors & Related Devices,3674,912093,DE,0627,,JDS UNIPHASE CORP /CA/; UNIPHASE CORP /CA/,Nasdaq,,
VICI,VICI PROPERTIES INC.,NYSE,Real Estate Investment Trusts,6798,1705696,MD,1231,,,NYSE,,
VICR,VICOR CORP,NASDAQ,"Electronic Components, NEC",3679,751978,DE,1231,,,Nasdaq,,
VIDA,VIDA Global Inc.,NYSE American,Services-Prepackaged Software,7372,1973062,DE,1231,,,NYSE,,
VIK,Viking Holdings Ltd,NYSE,Water Transportation,4400,1745201,D0,1231,,,NYSE,,
VINP,Vinci Compass Investments Ltd.,NASDAQ,Investment Advice,6282,1826286,E9,1231,,Vinci Partners Investments Ltd.,Nasdaq,,
VIP,Vulcan Infrastructure & Power Inc.,NASDAQ,Finance Services,6199,1844971,DE,1231,,Greenidge Generation Holdings Inc.,"Nasdaq, Nasdaq",,
VIR,"Vir Biotechnology, Inc.",NASDAQ,"Biological Products, (No Diagnostic Substances)",2836,1706431,DE,1231,,,Nasdaq,,
VIRC,VIRCO MFG CORPORATION,NASDAQ,Public Bldg & Related Furniture,2531,751365,DE,0131,,,Nasdaq,,
VIRT,"Virtu Financial, Inc.",NYSE,"Security Brokers, Dealers & Flotation Companies",6211,1592386,DE,1231,,,NYSE,,
VISN,"Vistance Networks, Inc.",NASDAQ,Radio & Tv Broadcasting & Communications Equipment,3663,1517228,DE,1231,,"CommScope Holding Company, Inc.",Nasdaq,,
VITL,"Vital Farms, Inc.",NASDAQ,Food and Kindred Products,2000,1579733,DE,1227,,,Nasdaq,,
VIVK,"Vivakor, Inc.",NASDAQ,Refuse Systems,4953,1450704,NV,1231,,,Nasdaq,,
VIVO,VivoPower PLC,NASDAQ,Electric & Other Services Combined,4931,1681348,X0,0630,,VivoPower International PLC,Nasdaq,,
VIVS,"VivoSim Labs, INC.",NASDAQ,"Biological Products, (No Diagnostic Substances)",2836,1497253,DE,0331,,"ORGANOVO HOLDINGS, INC.; REAL ESTATE RESTORATION & RENTAL, INC.",Nasdaq,,
VKTX,"Viking Therapeutics, Inc.",NASDAQ,Pharmaceutical Preparations,2834,1607678,DE,1231,,,Nasdaq,,
VLGEA,VILLAGE SUPER MARKET INC,NASDAQ,Retail-Grocery Stores,5411,103595,NJ,0727,,,Nasdaq,,
VLN,Valens Semiconductor Ltd.,NYSE,Semiconductors & Related Devices,3674,1863006,L3,1231,,,"NYSE, OTC",,
VLO,VALERO ENERGY CORP/TX,NYSE,Petroleum Refining,2911,1035002,DE,1231,,VALERO REFINING & MARKETING CO,NYSE,,
VLOS,Velos Acquisition I Corp.,NASDAQ,Blank Checks,6770,2016072,E9,1231,,M3-Brigade Acquisition V Corp.,"Nasdaq, Nasdaq, Nasdaq",,
VLTO,Veralto Corp,NYSE,Instruments For Meas & Testing of  Electricity & Elec Signals,3825,1967680,X1,1231,,,NYSE,,
VLY,VALLEY NATIONAL BANCORP,NASDAQ,National Commercial Banks,6021,714310,NJ,1231,,,"Nasdaq, Nasdaq, Nasdaq, Nasdaq",,
VMAR,Vision Marine Technologies Inc.,NASDAQ,Ship & Boat Building & Repairing,3730,1813783,A8,,,,Nasdaq,,
VMC,Vulcan Materials CO,NYSE,Mining & Quarrying of  Nonmetallic Minerals (No Fuels),1400,1396009,NJ,1231,,"Virginia Holdco, Inc.",NYSE,,
VMD,"VIEMED HEALTHCARE, INC.",NASDAQ,"Services-Misc Health & Allied Services, NEC",8090,1729149,A1,1231,,,Nasdaq,,
VMET,Versamet Royalties Corp,NASDAQ,Mineral Royalty Traders,6795,2080073,A1,1231,,Versamet Royalties Corporation,Nasdaq,,
VMI,VALMONT INDUSTRIES INC,NYSE,Fabricated Structural Metal Products,3440,102729,DE,1226,,,NYSE,,
VMRK,VIVMARK RESIDENTIAL,NYSE,Real Estate Investment Trusts,6798,906107,,1231,,EQUITY RESIDENTIAL; EQUITY RESIDENTIAL PROPERTIES TRUST,NYSE,,
VNCE,VINCE HOLDING CORP.,NASDAQ,Retail-Apparel & Accessory Stores,5600,1579157,DE,0201,,Apparel Holding Corp.,Nasdaq,,
VNDA,Vanda Pharmaceuticals Inc.,NASDAQ,Pharmaceutical Preparations,2834,1347178,DE,1231,,,Nasdaq,,
VNOM,"Viper Energy, Inc.",NASDAQ,Crude Petroleum & Natural Gas,1311,2074176,DE,1231,,"New Cobra Pubco, Inc.",Nasdaq,,
VNRX,VOLITIONRX LTD,NYSE American,In Vitro & In Vivo Diagnostic Substances,2835,93314,DE,1231,,VOLITIONRX LTD; STANDARD CAPITAL CORP,NYSE,,
VNT,Vontier Corp,NYSE,Totalizing Fluid Meters & Counting Devices,3824,1786842,DE,1231,,TTF Holdings Corp.,NYSE,,
VNTG,Vantage Corp (Singapore),NYSE American,Arrangement of  Transportation of  Freight & Cargo,4731,2027160,,,,,NYSE,,
VOGX,"Vogenx, Inc.",NASDAQ,Pharmaceutical Preparations,2834,1903784,DE,1231,,,Nasdaq,,
VOR,Vor Biopharma Inc.,NASDAQ,"Biological Products, (No Diagnostic Substances)",2836,1817229,,1231,,,Nasdaq,,
VOXR,VOX ROYALTY CORP.,NASDAQ,Gold and Silver Ores,1040,1907909,A6,1231,,,Nasdaq,,
VOYA,"Voya Financial, Inc.",NYSE,Life Insurance,6311,1535929,DE,1231,,"ING U.S., Inc.","NYSE, NYSE",,
VOYG,"Voyager Technologies, Inc./TX",NYSE,Guided Missiles & Space Vehicles & Parts,3760,1788060,TX,1231,,"Voyager Technologies, Inc./DE; Voyager Space Holdings, Inc.",NYSE,,
VPG,"Vishay Precision Group, Inc.",NYSE,Electronic Components & Accessories,3670,1487952,DE,1231,,,NYSE,,
VRA,"Vera Bradley, Inc.",NASDAQ,Leather & Leather Products,3100,1495320,,0130,,"Vera Bradley, Inc.",Nasdaq,,
VRAX,Virax Biolabs Group Ltd,NASDAQ,In Vitro & In Vivo Diagnostic Substances,2835,1885827,E9,0331,,Virax Biolabs (Cayman) Ltd,Nasdaq,,
VRCA,Verrica Pharmaceuticals Inc.,NASDAQ,Pharmaceutical Preparations,2834,1660334,DE,1231,,,Nasdaq,,
VRDN,"Viridian Therapeutics, Inc.\DE",NASDAQ,Pharmaceutical Preparations,2834,1590750,DE,1231,,"MIRAGEN THERAPEUTICS, INC.; SIGNAL GENETICS, INC.; SIGNAL GENETICS LLC",Nasdaq,,
VREX,Varex Imaging Corp,NASDAQ,"Electronic Components, NEC",3679,1681622,DE,1002,,Varex Imaging Corp,Nasdaq,,
VRM,"Vroom, Inc.",NASDAQ,Retail-Auto Dealers & Gasoline Stations,5500,1580864,DE,1231,,"AutoAmerica, Inc.","Nasdaq, OTC",,
VRME,"VerifyMe, Inc.",NASDAQ,Finance Services,6199,1104038,NV,1231,,LASERLOCK TECHNOLOGIES INC,Nasdaq,,
VRNS,VARONIS SYSTEMS INC,NASDAQ,Services-Prepackaged Software,7372,1361113,DE,1231,,,Nasdaq,,
VRRM,VERRA MOBILITY Corp,NASDAQ,Transportation Services,4700,1682745,,1231,,"Gores Holdings II, Inc.",Nasdaq,,
VRSK,"Verisk Analytics, Inc.",NASDAQ,Services-Computer Processing & Data Preparation,7374,1442145,DE,1231,,,Nasdaq,,
VRSN,VERISIGN INC/CA,NASDAQ,Services-Computer Programming Services,7371,1014473,DE,1231,,,Nasdaq,,
VRT,Vertiv Holdings Co,NYSE,"Electronic Components, NEC",3679,1674101,DE,1231,,GS Acquisition Holdings Corp,NYSE,,
VRTS,"VIRTUS INVESTMENT PARTNERS, INC.",NYSE,Investment Advice,6282,883237,DE,1231,,PHOENIX INVESTMENT PARTNERS LTD/CT; PHOENIX DUFF & PHELPS CORP; DUFF & PHELPS CORP,NYSE,,
VRTX,VERTEX PHARMACEUTICALS INC / MA,NASDAQ,Pharmaceutical Preparations,2834,875320,MA,1231,,,Nasdaq,,
VRXA,Veraxa Biotech AG - Post de-SPAC,NASDAQ,Pharmaceutical Preparations,2834,2079109,V8,1231,,Veraxa Biotech Holding AG,"Nasdaq, Nasdaq",,
VS,Versus Systems Inc.,NASDAQ,Services-Computer Processing & Data Preparation,7374,1701963,A1,1231,,,Nasdaq,,
VSAT,VIASAT INC,NASDAQ,"Communications Services, NEC",4899,797721,DE,0331,,,Nasdaq,,
VSEC,VSE CORP,NASDAQ,Services-Engineering Services,8711,102752,DE,1231,,,"Nasdaq, Nasdaq",,
VSH,VISHAY INTERTECHNOLOGY INC,NYSE,Electronic Components & Accessories,3670,103730,DE,1231,,,NYSE,,
VSME,VS MEDIA Holdings Ltd,NASDAQ,Services-Advertising Agencies,7311,1951294,D8,1231,,,Nasdaq,,
VSNT,"Versant Media Group, Inc.",NASDAQ,Television Broadcasting Stations,4833,2067876,PA,1231,,,Nasdaq,,
VST,Vistra Corp.,NYSE,Electric Services,4911,1692819,DE,1231,,Vistra Energy Corp.; Vistra Energy Corp,NYSE,,
VSTM,"Verastem, Inc.",NASDAQ,Pharmaceutical Preparations,2834,1526119,MA,1231,,,Nasdaq,,
VSTS,Vestis Corp,NYSE,Wholesale-Miscellaneous Nondurable Goods,5190,1967649,DE,1003,,"Epic NewCo, Inc.",NYSE,,
VSXY,Victoria's Secret & Co.,NYSE,Retail-Women's Clothing Stores,5621,1856437,,0130,,Victorias Secret & Co,NYSE,,
VTAK,"Catheter Precision, Inc.",NYSE American,Surgical & Medical Instruments & Apparatus,3841,1716621,DE,1231,,"Ra Medical Systems, Inc.",NYSE,,
VTEX,VTEX,NYSE,Services-Prepackaged Software,7372,1793663,E9,1231,,,NYSE,,
VTGN,"Vistagen Therapeutics, Inc.",NASDAQ,Pharmaceutical Preparations,2834,1411685,NV,0331,,"Excaliber Enterprises, Ltd.",Nasdaq,,
VTIX,Virtuix Holdings Inc.,NASDAQ,"Computer Peripheral Equipment, NEC",3577,1606242,DE,0331,,,Nasdaq,,
VTOL,Bristow Group Inc.,NYSE,"Air Transportation, Nonscheduled",4522,1525221,,1231,,ERA GROUP INC.,NYSE,,
VTR,"Ventas, Inc.",NYSE,Real Estate Investment Trusts,6798,740260,DE,1231,,VENTAS INC; VENCOR INC,NYSE,,
VTRS,Viatris Inc,NASDAQ,Pharmaceutical Preparations,2834,1792044,DE,1231,,Upjohn Inc,Nasdaq,,
VTS,"Vitesse Energy, Inc.",NYSE,Crude Petroleum & Natural Gas,1311,1944558,DE,1231,,,NYSE,,
VTSI,"VirTra, Inc",NASDAQ,Miscellaneous Manufacturing Industries,3990,1085243,NV,1231,,VIRTRA SYSTEMS INC; GAMECOM INC,Nasdaq,,
VTVT,vTv Therapeutics Inc.,NASDAQ,Pharmaceutical Preparations,2834,1641489,DE,1231,,,Nasdaq,,
VUZI,Vuzix Corp,NASDAQ,Radio & Tv Broadcasting & Communications Equipment,3663,1463972,DE,1231,,,Nasdaq,,
VVOS,"Vivos Therapeutics, Inc.",NASDAQ,Surgical & Medical Instruments & Apparatus,3841,1716166,DE,1231,,"Vivos BioTechnologies, Inc.",Nasdaq,,
VVV,VALVOLINE INC,NYSE,Miscellaneous Products of  Petroleum & Coal,2990,1674910,,0930,,,NYSE,,
VVX,"V2X, Inc.",NYSE,Services-Facilities Support Management Services,8744,1601548,IN,1231,,"Vectrus, Inc.; Exelis MSCO Inc.",NYSE,,
VWAV,"VisionWave Holdings, Inc.",NASDAQ,Services-Prepackaged Software,7372,2038439,DE,0930,,,"Nasdaq, Nasdaq",,
VYGR,"Voyager Therapeutics, Inc.",NASDAQ,"Biological Products, (No Diagnostic Substances)",2836,1640266,DE,1231,,,Nasdaq,,
VYX,NCR Voyix Corp,NYSE,Calculating & Accounting Machines (No Electronic Computers),3578,70866,MD,1231,,NCR CORP,"NYSE, OTC",,
VZ,VERIZON COMMUNICATIONS INC,NYSE,Telephone Communications (No Radiotelephone),4813,732712,DE,1231,,BELL ATLANTIC CORP,NYSE,,
VZLA,Vizsla Silver Corp.,NYSE American,Gold and Silver Ores,1040,1796073,A1,0430,,Vizsla Resources Corp.,NYSE,,
W,Wayfair Inc.,NYSE,Retail-Catalog & Mail-Order Houses,5961,1616707,,1231,,,NYSE,,
WAB,WESTINGHOUSE AIR BRAKE TECHNOLOGIES CORP,NYSE,Railroad Equipment,3743,943452,DE,1231,,WABTEC CORP; WESTINGHOUSE AIR BRAKE CO /DE/,NYSE,,
WABC,WESTAMERICA BANCORPORATION,NASDAQ,National Commercial Banks,6021,311094,CA,1231,,,Nasdaq,,
WAFD,WAFD INC,NASDAQ,National Commercial Banks,6021,936528,WA,0930,,WASHINGTON FEDERAL INC,"Nasdaq, Nasdaq",,
WAFU,Wah Fu Education Group Ltd,NASDAQ,Services-Educational Services,8200,1716770,D8,0331,,,Nasdaq,,
WAL,WESTERN ALLIANCE BANCORPORATION,NYSE,State Commercial Banks,6022,1212545,DE,1231,,WESTERN ALLIANCE BANCORPORATION,"NYSE, NYSE",,
WALD,Waldencast plc,NASDAQ,"Perfumes, Cosmetics & Other Toilet Preparations",2844,1840199,,,,Waldencast Acquisition Corp.,"Nasdaq, Nasdaq",,
WAT,WATERS CORP /DE/,NYSE,Laboratory Analytical Instruments,3826,1000697,DE,1231,,,NYSE,,
WATR,Air Water Ventures Ltd,NASDAQ,Beverages,2080,2092314,E9,1231,,,Nasdaq,,
WATT,Energous Corp,NASDAQ,Radio & Tv Broadcasting & Communications Equipment,3663,1575793,DE,1231,,DvineWave Inc.,Nasdaq,,
WAY,Waystar Holding Corp.,NASDAQ,Services-Computer Integrated Systems Design,7373,1990354,DE,1231,,,Nasdaq,,
WBD,"Warner Bros. Discovery, Inc.",NASDAQ,Cable & Other Pay Television Services,4841,1437107,DE,1231,,"Discovery, Inc.; Discovery Communications, Inc.",Nasdaq,,
WBI,WaterBridge Infrastructure LLC,NYSE,"Oil & Gas Field Services, NEC",1389,2064947,DE,1231,,,NYSE,,
WBTN,WEBTOON Entertainment Inc.,NASDAQ,Miscellaneous Publishing,2741,1997859,DE,1231,,,Nasdaq,,
WBUY,WEBUY GLOBAL LTD,NASDAQ,Retail-Miscellaneous Retail,5900,1946703,E9,1231,,,Nasdaq,,
WBX,Wallbox N.V.,NYSE,"Miscellaneous Electrical Machinery, Equipment & Supplies",3690,1866501,P7,1231,,Wallbox B.V.,"NYSE, OTC",,
WCC,WESCO INTERNATIONAL INC,NYSE,"Wholesale-Electrical Apparatus & Equipment, Wiring Supplies ",5063,929008,,1231,,CDW HOLDING CORP,NYSE,,
WCN,"Waste Connections, Inc.",NYSE,Refuse Systems,4953,1318220,A6,1231,,Progressive Waste Solutions Ltd.; IESI-BFC Ltd; BFI Canada Ltd; BFI Canada Income Fund,NYSE,,
WCT,Wellchange Holdings Co Ltd,NASDAQ,Services-Prepackaged Software,7372,1990251,,1231,,,Nasdaq,,
WD,"Walker & Dunlop, Inc.",NYSE,Finance Services,6199,1497770,MD,1231,,,NYSE,,
WDAY,"Workday, Inc.",NASDAQ,Services-Computer Processing & Data Preparation,7374,1327811,DE,0131,,Workday Inc; North Tahoe Power Tools Inc,Nasdaq,,
WDC,WESTERN DIGITAL CORP,NASDAQ,Computer Storage Devices,3572,106040,DE,0703,,,Nasdaq,,
WDFC,WD 40 CO,NASDAQ,Miscellaneous Chemical Products,2890,105132,DE,0831,,,Nasdaq,,
WEAV,"Weave Communications, Inc.",NYSE,Services-Prepackaged Software,7372,1609151,DE,1231,,,NYSE,,
WEC,"WEC ENERGY GROUP, INC.",NYSE,Electric & Other Services Combined,4931,783325,WI,1231,,WISCONSIN ENERGY CORP,NYSE,,
WELL,WELLTOWER INC.,NYSE,Real Estate Investment Trusts,6798,766704,DE,1231,,HEALTH CARE REIT INC /DE/,NYSE,,
WEN,Wendy's Co,NASDAQ,Retail-Eating & Drinking Places,5810,30697,DE,0103,,"WENDY'S/ARBY'S GROUP, INC.; TRIARC COMPANIES INC",Nasdaq,,
WENC,West Enclave Merger Corp.,NYSE,Blank Checks,6770,2104260,E9,1231,,,"NYSE, NYSE, NYSE",,
WERN,WERNER ENTERPRISES INC,NASDAQ,Trucking (No Local),4213,793074,NE,1231,,,Nasdaq,,
WEST,Westrock Coffee Co,NASDAQ,Beverages,2080,1806347,DE,1231,,"Westrock Coffee Holdings, LLC",Nasdaq,,
WETH,Wetouch Technology Inc.,NASDAQ,"Computer Peripheral Equipment, NEC",3577,1826660,NV,1231,,,Nasdaq,,
WETO,Wetour Robotics Ltd,NASDAQ,Local & Suburban Transit & Interurban Hwy Passenger Trans,4100,1941158,E9,0630,,Webus International Ltd.,Nasdaq,,
WEX,WEX Inc.,NYSE,"Services-Business Services, NEC",7389,1309108,DE,1231,,Wright Express CORP,NYSE,,
WEYS,WEYCO GROUP INC,NASDAQ,"Wholesale-Apparel, Piece Goods & Notions",5130,106532,WI,1231,,,Nasdaq,,
WFC,WELLS FARGO & COMPANY/MN,NYSE,National Commercial Banks,6021,72971,DE,1231,,WELLS FARGO & CO/MN; NORWEST CORP,"NYSE, NYSE, NYSE, NYSE, OTC, NYSE, NYSE, NYSE",,
WFCF,"Where Food Comes From, Inc.",NASDAQ,Services-Prepackaged Software,7372,1360565,,1231,,"Integrated Management Information, Inc.",Nasdaq,,
WFF,WF Holding Ltd,NASDAQ,Miscellaneous Manufacturing Industries,3990,1980210,E9,1231,,,Nasdaq,,
WFG,"WEST FRASER TIMBER CO., LTD",NYSE,"Sawmills & Planting Mills, General",2421,1402388,A1,1231,,,NYSE,,
WFRD,Weatherford International plc,NASDAQ,Oil & Gas Field Machinery & Equipment,3533,1603923,,1231,,Weatherford International Ltd,Nasdaq,,
WGO,WINNEBAGO INDUSTRIES INC,NYSE,Motor Homes,3716,107687,MN,0830,,,NYSE,,
WGS,GeneDx Holdings Corp.,NASDAQ,Services-Health Services,8000,1818331,DE,1231,,"Sema4 Holdings Corp.; CM Life Sciences, Inc.",Nasdaq,,
WH,"WYNDHAM HOTELS & RESORTS, INC.",NYSE,Hotels & Motels,7011,1722684,DE,1231,,,NYSE,,
WHD,"Cactus, Inc.",NYSE,Oil & Gas Field Machinery & Equipment,3533,1699136,,1231,,,NYSE,,
WHG,WESTWOOD HOLDINGS GROUP INC,NYSE,Investment Advice,6282,1165002,DE,1231,,,NYSE,,
WHK,WhiteHawk Minerals Corp.,NYSE,Crude Petroleum & Natural Gas,1311,1921603,DE,1231,,WhiteHawk Income Corp,NYSE,,
WHR,WHIRLPOOL CORP /DE/,NYSE,Household Appliances,3630,106640,DE,1231,,,"NYSE, NYSE",,
WHWK,"Whitehawk Therapeutics, Inc.",NASDAQ,Pharmaceutical Preparations,2834,1422142,DE,1231,,"Aadi Bioscience, Inc.; Aerpio Pharmaceuticals, Inc.; ZETA ACQUISITION CORP II",Nasdaq,,
WIMI,WiMi Hologram Cloud Inc.,NASDAQ,Services-Prepackaged Software,7372,1770088,E9,1231,,,Nasdaq,,
WINA,WINMARK CORP,NASDAQ,Retail-Miscellaneous Retail,5900,908315,MN,1226,,GROW BIZ INTERNATIONAL INC,Nasdaq,,
WING,Wingstop Inc.,NASDAQ,Retail-Eating  Places,5812,1636222,DE,1226,,,Nasdaq,,
WIT,WIPRO LTD,NYSE,Services-Computer Programming Services,7371,1123799,,0331,,,NYSE,,
WIX,Wix.com Ltd.,NASDAQ,"Services-Computer Programming, Data Processing, Etc.",7370,1576789,L3,1231,,Wixpress Ltd.,Nasdaq,,
WK,WORKIVA INC,NYSE,Services-Prepackaged Software,7372,1445305,DE,1231,,WORKIVA LLC; WEBFILINGS LLC; WEB FILINGS LLC,NYSE,,
WKC,WORLD KINECT CORP,NYSE,Wholesale-Petroleum & Petroleum Products (No Bulk Stations),5172,789460,FL,1231,,WORLD FUEL SERVICES CORP; INTERNATIONAL RECOVERY CORP,NYSE,,
WKHS,Workhorse Group Inc.,NASDAQ,Motor Vehicles & Passenger Car Bodies,3711,1425287,NV,1231,,"AMP Holding Inc.; Title Starts Online, Inc.",Nasdaq,,
WKSP,Worksport Ltd,NASDAQ,Motor Vehicle Parts & Accessories,3714,1096275,NV,1231,,"Worksport Ltd; Worksport, Ltd; Franchise Holdings International, Inc.; TMANGLOBAL COM INC",Nasdaq,,
WLCO,Wilco 63 Corporation - Class A Ordinary Shares,NASDAQ,,,,,,,,,,
WLDN,"Willdan Group, Inc.",NASDAQ,Services-Engineering Services,8711,1370450,DE,0101,,,Nasdaq,,
WLDS,Wearable Devices Ltd.,NASDAQ,Computer Communications Equipment,3576,1887673,L3,1231,,,"Nasdaq, Nasdaq",,
WLFC,WILLIS LEASE FINANCE CORP,NASDAQ,"Wholesale-Machinery, Equipment & Supplies",5080,1018164,DE,1231,,,Nasdaq,,
WLK,WESTLAKE CORP,NYSE,Industrial Organic Chemicals,2860,1262823,DE,1231,,WESTLAKE CHEMICAL CORP,NYSE,,
WLTH,WEALTHFRONT CORP,NASDAQ,Finance Services,6199,1524566,DE,0131,,WEALTHFRONT INC,Nasdaq,,
WLY,"JOHN WILEY & SONS, INC.",NYSE,Books: Publishing or  Publishing & Printing,2731,107140,NY,0430,,"WILEY JOHN & SONS, INC.; WILEY JOHN & SONS INC","NYSE, NYSE",,
WLYB,"JOHN WILEY & SONS, INC.",NYSE,Books: Publishing or  Publishing & Printing,2731,107140,NY,0430,,"WILEY JOHN & SONS, INC.; WILEY JOHN & SONS INC","NYSE, NYSE",,
WM,WASTE MANAGEMENT INC,NYSE,Refuse Systems,4953,823768,DE,1231,,USA WASTE SERVICES INC,NYSE,,
WMB,"WILLIAMS COMPANIES, INC.",NYSE,Natural Gas Transmission,4922,107263,DE,1231,,WILLIAMS COMPANIES INC,NYSE,,
WMG,Warner Music Group Corp.,NASDAQ,Services-Amusement & Recreation Services,7900,1319161,DE,0930,,,Nasdaq,,
WMK,WEIS MARKETS INC,NYSE,Retail-Grocery Stores,5411,105418,PA,1226,,,NYSE,,
WMS,"ADVANCED DRAINAGE SYSTEMS, INC.",NYSE,Plastics Foam Products,3086,1604028,DE,0331,,,NYSE,,
WMT,Walmart Inc.,NASDAQ,Retail-Variety Stores,5331,104169,DE,0131,,Walmart Inc.; WAL MART STORES INC,Nasdaq,,
WNC,WABASH NATIONAL Corp,NYSE,Truck Trailers,3715,879526,DE,1231,,WABASH NATIONAL CORP /DE,NYSE,,
WNEB,"Western New England Bancorp, Inc.",NASDAQ,"Savings Institution, Federally Chartered",6035,1157647,MA,1231,,WESTFIELD FINANCIAL INC,Nasdaq,,
WNW,Meiwu Technology Co Ltd,NASDAQ,"Soap, Detergents, Cleang Preparations, Perfumes, Cosmetics",2840,1787803,D8,1231,,Wunong Net Technology Co Ltd,Nasdaq,,
WOK,WORK Medical Technology Group LTD,NASDAQ,Surgical & Medical Instruments & Apparatus,3841,1929783,F4,0930,,WORK Medical Technology Group LTD; WORK Medical Technology LTD,Nasdaq,,
WOLF,"WOLFSPEED, INC.",NYSE,Semiconductors & Related Devices,3674,895419,DE,0629,,"CREE, INC.; CREE INC; CREE RESEARCH INC /NC/",NYSE,,
WOOF,"Petco Health & Wellness Company, Inc.",NASDAQ,"Retail-Retail Stores, NEC",5990,1826470,DE,0130,,PET Acquisition LLC,Nasdaq,,
WOR,"WORTHINGTON ENTERPRISES, INC.",NYSE,"Steel Works, Blast Furnaces & Rolling & Finishing Mills",3310,108516,OH,0531,,WORTHINGTON INDUSTRIES INC,NYSE,,
WPC,W. P. Carey Inc.,NYSE,Real Estate Investment Trusts,6798,1025378,MD,1231,,W P CAREY & CO LLC; CAREY W P & CO LLC; CAREY DIVERSIFIED LLC; CAREY DIVERSIFIED PROPERTIES LLC,NYSE,,
WPM,Wheaton Precious Metals Corp.,NYSE,Gold and Silver Ores,1040,1323404,A6,1231,,Silver Wheaton Corp.,NYSE,,
WPRT,WESTPORT FUEL SYSTEMS INC.,NASDAQ,Engines & Turbines,3510,1370416,,,,WESTPORT INNOVATIONS INC,Nasdaq,,
WRAP,"WRAP TECHNOLOGIES, INC.",NASDAQ,"Ordnance & Accessories, (No Vehicles/Guided Missiles)",3480,1702924,DE,1231,,,Nasdaq,,
WRB,BERKLEY W R CORP,NYSE,"Fire, Marine & Casualty Insurance",6331,11544,DE,1231,,,"NYSE, NYSE, NYSE, NYSE, NYSE",,
WRB$E,W.R. Berkley Corporation 5.70% Subordinated Debentures due 2058,NYSE,,,,,,,,,,
WRB$F,W.R. Berkley Corporation 5.10% Subordinated Debentures due 2059,NYSE,,,,,,,,,,
WRB$G,W.R. Berkley Corporation 4.25% Subordinated Debentures due 2060,NYSE,,,,,,,,,,
WRB$H,W.R. Berkley Corporation 4.125% Subordinated Debentures due 2061,NYSE,,,,,,,,,,
WRBY,Warby Parker Inc.,NYSE,Ophthalmic Goods,3851,1504776,DE,1231,,"JAND, Inc.",NYSE,,
WRLD,WORLD ACCEPTANCE CORP,NASDAQ,Personal Credit Institutions,6141,108385,SC,0331,,,Nasdaq,,
WRN,Western Copper & Gold Corp,NYSE American,Metal Mining,1000,1364125,A1,1231,,Western Copper CORP,NYSE,,
WS,"Worthington Steel, Inc.",NYSE,"Steel Works, Blast Furnaces & Rolling & Finishing Mills",3310,1968487,OH,0531,,,NYSE,,
WSBC,WESBANCO INC,NASDAQ,National Commercial Banks,6021,203596,WV,1231,,,"Nasdaq, Nasdaq",,
WSBF,"Waterstone Financial, Inc.",NASDAQ,"Savings Institution, Federally Chartered",6035,1569994,MD,1231,,,Nasdaq,,
WSBK,"Winchester Bancorp, Inc./MD/",NASDAQ,"Savings Institutions, Not Federally Chartered",6036,2047235,MD,1231,,,Nasdaq,,
WSC,WillScot Holdings Corp,NASDAQ,Services-Miscellaneous Equipment Rental & Leasing,7350,1647088,DE,1231,,WillScot Mobile Mini Holdings Corp.; WillScot Corp; Double Eagle Acquisition Corp.; Double Eagle Acquisitions Corp.,Nasdaq,,
WSE,Wise Group plc,NASDAQ,"Services-Business Services, NEC",7389,2099039,Y9,0331,,,Nasdaq,,
WSFS,WSFS FINANCIAL CORP,NASDAQ,National Commercial Banks,6021,828944,DE,1231,,,Nasdaq,,
WSHP,WeShop Holdings Ltd,NASDAQ,Retail-Miscellaneous Retail,5900,2048271,D8,1231,,,Nasdaq,,
WSM,WILLIAMS SONOMA INC,NYSE,"Retail-Home Furniture, Furnishings & Equipment Stores",5700,719955,DE,0131,,,NYSE,,
WSO,WATSCO INC,NYSE,Wholesale-Hardware & Plumbing & Heating Equipment & Supplies,5070,105016,FL,1231,,,"NYSE, NYSE",,
WSO.B,"Watsco, Inc. Class B Common Stock",NYSE,,,,,,,,,,
WST,WEST PHARMACEUTICAL SERVICES INC,NYSE,Surgical & Medical Instruments & Apparatus,3841,105770,PA,1231,,WEST CO INC,NYSE,,
WT,"WisdomTree, Inc.",NYSE,"Security Brokers, Dealers & Flotation Companies",6211,880631,DE,1231,,"WisdomTree Investments, Inc.; INDEX DEVELOPMENT PARTNERS INC; INDIVIDUAL INVESTOR GROUP INC",NYSE,,
WTBA,WEST BANCORPORATION INC,NASDAQ,State Commercial Banks,6022,1166928,IA,1231,,,Nasdaq,,
WTF,Waton Financial Ltd,NASDAQ,"Security & Commodity Brokers, Dealers, Exchanges & Services",6200,1987363,D8,0331,,,Nasdaq,,
WTFC,WINTRUST FINANCIAL CORP,NASDAQ,State Commercial Banks,6022,1015328,IL,1231,,,"Nasdaq, Nasdaq",,
WTI,W&T OFFSHORE INC,NYSE,Crude Petroleum & Natural Gas,1311,1288403,TX,1231,,,NYSE,,
WTM,WHITE MOUNTAINS INSURANCE GROUP LTD,NYSE,"Fire, Marine & Casualty Insurance",6331,776867,D0,1231,,WHITE MOUNTAINS INSURANCE GROUP INC; FUND AMERICAN ENTERPRISES HOLDINGS INC,NYSE,,
WTRG,"Essential Utilities, Inc.",NYSE,Water Supply,4941,78128,PA,1231,,AQUA AMERICA INC; PHILADELPHIA SUBURBAN CORP,NYSE,,
WTS,WATTS WATER TECHNOLOGIES INC,NYSE,Miscellaneous Fabricated Metal Products,3490,795403,DE,1231,,WATTS WATER TECHNOLOGIES INC; WATTS INDUSTRIES INC,NYSE,,
WTTR,"Select Water Solutions, Inc.",NYSE,"Oil & Gas Field Services, NEC",1389,1693256,DE,1231,,"Select Energy Services, Inc.",NYSE,,
WTW,WILLIS TOWERS WATSON PLC,NASDAQ,"Insurance Agents, Brokers & Service",6411,1140536,L2,1231,,WILLIS GROUP HOLDINGS PLC; WILLIS GROUP HOLDINGS LTD,Nasdaq,,
WU,Western Union CO,NYSE,"Services-Business Services, NEC",7389,1365135,DE,1231,,,NYSE,,
WULF,TERAWULF INC.,NASDAQ,Finance Services,6199,1083301,DE,1231,,IKONICS CORP; CHROMALINE CORP,Nasdaq,,
WVE,"Wave Life Sciences, Inc.",NASDAQ,Pharmaceutical Preparations,2834,1631574,DE,1231,,Wave Life Sciences Ltd.; Wave Life Sciences LTD.; WAVE Life Sciences Ltd.; Wave Life Sciences Pte Ltd,Nasdaq,,
WVVI,WILLAMETTE VALLEY VINEYARDS INC,NASDAQ,Beverages,2080,838875,OR,1231,,,"Nasdaq, Nasdaq",,
WW,"WW INTERNATIONAL, INC.",NASDAQ,Services-Personal Services,7200,105319,VA,1231,,WEIGHT WATCHERS INTERNATIONAL INC,Nasdaq,,
WWD,"Woodward, Inc.",NASDAQ,Electrical Industrial Apparatus,3620,108312,DE,0930,,WOODWARD GOVERNOR CO,Nasdaq,,
WWR,"WESTWATER RESOURCES, INC.",NYSE American,Metal Mining,1000,839470,DE,1231,,URANIUM RESOURCES INC /DE/,NYSE,,
WWW,WOLVERINE WORLD WIDE INC /DE/,NYSE,"Footwear, (No Rubber)",3140,110471,MI,1230,,,NYSE,,
WXM,WF International Ltd.,NASDAQ,Construction - Special Trade Contractors,1700,1979610,E9,0930,,,Nasdaq,,
WY,WEYERHAEUSER CO,NYSE,Real Estate Investment Trusts,6798,106535,WA,1231,,,NYSE,,
WYFI,"WhiteFiber, Inc.",NASDAQ,Finance Services,6199,2042022,E9,1231,,"White Fiber, Inc.",Nasdaq,,
WYNN,WYNN RESORTS LTD,NASDAQ,Hotels & Motels,7011,1174922,,1231,,,Nasdaq,,
WYY,WIDEPOINT CORP,NYSE American,Services-Computer Integrated Systems Design,7373,1034760,DE,1231,,ZMAX CORP,NYSE,,
XAIR,"Beyond Air, Inc.",NASDAQ,Surgical & Medical Instruments & Apparatus,3841,1641631,DE,0331,,"AIT Therapeutics, Inc.; KokiCare, Inc.",Nasdaq,,
XBIO,"Xenetic Biosciences, Inc.",NASDAQ,Pharmaceutical Preparations,2834,1534525,NV,1231,,"General Sales & Leasing, Inc.; GENERAL AIRCRAFT INC.",Nasdaq,,
XBIT,XBiotech Inc.,NASDAQ,Pharmaceutical Preparations,2834,1626878,A1,1231,,,Nasdaq,,
XBP,"XBP Global Holdings, Inc.",NASDAQ,"Services-Business Services, NEC",7389,1839530,DE,1231,,"XBP Europe Holdings, Inc.; CF Acquisition Corp. VIII","Nasdaq, Nasdaq",,
XCH,XCHG Ltd,NASDAQ,"Miscellaneous Electrical Machinery, Equipment & Supplies",3690,1979887,E9,1231,,,Nasdaq,,
XCUR,"EXICURE, INC.",NASDAQ,Pharmaceutical Preparations,2834,1698530,DE,1231,,Max-1 Acquisition Corp,Nasdaq,,
XE,"X-Energy, Inc.",NASDAQ,Fabricated Plate Work (Boiler Shops),3443,2088896,DE,1231,,,Nasdaq,,
XEL,XCEL ENERGY INC,NASDAQ,Electric & Other Services Combined,4931,72903,MN,1231,,NORTHERN STATES POWER CO /MN/,"Nasdaq, Nasdaq",,
XELB,"XCel Brands, Inc.",NASDAQ,Patent Owners & Lessors,6794,1083220,DE,1231,,"NETFABRIC HOLDINGS, INC; HOUSTON OPERATING CO",Nasdaq,,
XENE,Xenon Pharmaceuticals Inc.,NASDAQ,Pharmaceutical Preparations,2834,1582313,A1,1231,,,Nasdaq,,
XERS,"Xeris Biopharma Holdings, Inc.",NASDAQ,Pharmaceutical Preparations,2834,1867096,,1231,,,Nasdaq,,
XFLH,XFLH Capital Corp,NYSE,Blank Checks,6770,2088103,E9,0831,,,"NYSE, NYSE, NYSE",,
XFOR,"X4 Pharmaceuticals, Inc",NASDAQ,"Biological Products, (No Diagnostic Substances)",2836,1501697,DE,1231,,"Arsanis, Inc.",Nasdaq,,
XGN,EXAGEN INC.,NASDAQ,Services-Medical Laboratories,8071,1274737,DE,1231,,EXAGEN DIAGNOSTICS INC,Nasdaq,,
XHLD,"TEN Holdings, Inc.",NASDAQ,"Services-Business Services, NEC",7389,2030954,NV,1231,,,Nasdaq,,
XHR,"Xenia Hotels & Resorts, Inc.",NYSE,Hotels & Motels,7011,1616000,FL,1231,,,NYSE,,
XLAB,Exascale Labs Holdings Inc.,NASDAQ,Services-Prepackaged Software,7372,2109869,DE,0630,,D. Boral ARC Merger Corp,"Nasdaq, Nasdaq",,
XLO,"Xilio Therapeutics, Inc.",NASDAQ,Pharmaceutical Preparations,2834,1840233,DE,1231,,,Nasdaq,,
XMAX,XMax Inc.,NASDAQ,Household Furniture,2510,1473334,NV,1231,,"Nova Lifestyle, Inc.; Stevens Resources, Inc.",Nasdaq,,
XMTR,"Xometry, Inc.",NASDAQ,"Services-Business Services, NEC",7389,1657573,MD,1231,,,Nasdaq,,
XNCR,Xencor Inc,NASDAQ,Pharmaceutical Preparations,2834,1326732,DE,1231,,,Nasdaq,,
XNDU,Xanadu Quantum Technologies Ltd,NASDAQ,Electronic Computers,3571,2097163,A6,1231,,,Nasdaq,,
XOM,ExxonMobil Holdings Corp,NYSE,Petroleum Refining,2911,2115436,TX,1231,,,NYSE,,
XOS,"Xos, Inc.",NASDAQ,Motor Vehicle Parts & Accessories,3714,1819493,DE,1231,,NextGen Acquisition Corp,Nasdaq,,
XP,XP Inc.,NASDAQ,"Security Brokers, Dealers & Flotation Companies",6211,1787425,E9,1231,,,Nasdaq,,
XPEL,"XPEL, Inc.",NASDAQ,"Coating, Engraving & Allied Services",3470,1767258,NV,1231,,,Nasdaq,,
XPER,Xperi Inc.,NYSE,Services-Prepackaged Software,7372,1788999,DE,1231,,"Xperi, Inc.; TiVo Product HoldCo LLC",NYSE,,
XPL,SOLITARIO RESOURCES CORP.,NYSE American,Gold and Silver Ores,1040,917225,CO,1231,,SOLITARIO ZINC CORP.; SOLITARIO EXPLORATION & ROYALTY CORP.; SOLITARIO RESOURCES CORP,NYSE,,
XPO,"XPO, Inc.",NYSE,Transportation Services,4700,1166003,,1231,,"XPO Logistics, Inc.; EXPRESS-1 EXPEDITED SOLUTIONS INC; SEGMENTZ INC",NYSE,,
XPOF,"Xponential Fitness, Inc.",NYSE,Services-Miscellaneous Amusement & Recreation,7990,1802156,DE,1231,,,NYSE,,
XPON,"Expion Energy, Inc.",NASDAQ,"Miscellaneous Electrical Machinery, Equipment & Supplies",3690,1894954,NV,1231,,Expion Energy Inc.; Expion360 Inc.,Nasdaq,,
XPRO,Expro Ltd,NYSE,"Oil & Gas Field Services, NEC",1389,2126198,E9,1231,,,NYSE,,
XRAY,DENTSPLY SIRONA Inc.,NASDAQ,Dental Equipment & Supplies,3843,818479,DE,1231,,DENTSPLY INTERNATIONAL INC /DE/,Nasdaq,,
XRN,Chiron Real Estate Inc.,NYSE,Real Estate Investment Trusts,6798,1533615,MD,1231,,"Global Medical REIT Inc.; SCOOP MEDIA, INC.","NYSE, NYSE, NYSE",,
XRTX,XORTX Therapeutics Inc.,NASDAQ,Pharmaceutical Preparations,2834,1729214,A1,1231,,,Nasdaq,,
XRX,Xerox Holdings Corp,NASDAQ,"Computer Peripheral Equipment, NEC",3577,1770450,CT,1231,,,"Nasdaq, Nasdaq",,
XTIA,"XTI Aerospace, Inc.",NASDAQ,Services-Computer Programming Services,7371,1529113,NV,1231,,INPIXON; Sysorex Global; Sysorex Global Holdings Corp.; Sysorex Global Holding Corp.,Nasdaq,,
XTND,"Xtend AI Robotics, Inc.",NYSE,Guided Missiles & Space Vehicles & Parts,3760,2111860,DE,1231,,,NYSE,,
XTNT,"Xtant Medical Holdings, Inc.",NYSE American,Surgical & Medical Instruments & Apparatus,3841,1453593,DE,1231,,"Bacterin International Holdings, Inc.; K KITZ INC",NYSE,,
XWEL,"XWELL, Inc.",NASDAQ,Services-Personal Services,7200,1410428,DE,1231,,"XpresSpa Group, Inc.; FORM Holdings Corp.; Vringo Inc",Nasdaq,,
XXI,"Twenty One Capital, Inc.",NYSE,Finance Services,6199,2070457,TX,1231,,,NYSE,,
XXII,"22nd Century Group, Inc.",NASDAQ,Cigarettes,2111,1347858,FL,1231,,Touchstone Mining LTD,Nasdaq,,
XYL,Xylem Inc.,NYSE,Pumps & Pumping Equipment,3561,1524472,IN,1231,,"ITT WCO, Inc.",NYSE,,
XYZ,"Block, Inc.",NYSE,Services-Prepackaged Software,7372,1512673,DE,1231,,"Square, Inc.","NYSE, OTC",,
XZO,"Exzeo Group, Inc.",NYSE,Services-Prepackaged Software,7372,1873951,FL,1231,,"TypTap Insurance Group, Inc.",NYSE,,
YAAS,Youxin Technology Ltd,NASDAQ,Services-Prepackaged Software,7372,1964946,E9,0930,,,Nasdaq,,
YARW,"Yarrow Bioscience, Inc.",NASDAQ,Pharmaceutical Preparations,2834,1566044,DE,1231,,"VYNE Therapeutics Inc.; Menlo Therapeutics Inc.; Menlo Therapeutics, Inc.; Tigercat Pharma, Inc.",Nasdaq,,
YCBD,"cbdMD, Inc.",NYSE American,"Perfumes, Cosmetics & Other Toilet Preparations",2844,1644903,NC,0930,,"Level Brands, Inc.; LEVEL BEAUTY GROUP, INC.",NYSE,,
YDDL,One & one Green Technologies. INC,NASDAQ,Wholesale-Misc Durable Goods,5090,2034723,,,,,Nasdaq,,
YDES,YD Bio Ltd,NASDAQ,Services-Medical Laboratories,8071,2011674,E9,1231,,"True Velocity, Inc./DE","Nasdaq, Nasdaq",,
YDKG,Yueda Digital Holding,NASDAQ,Finance Services,6199,1413745,E9,1231,,AIRNET TECHNOLOGY INC.; AIRMEDIA GROUP INC.,Nasdaq,,
YELP,YELP INC,NYSE,Services-Personal Services,7200,1345016,DE,1231,,YELP! INC,NYSE,,
YETI,"YETI Holdings, Inc.",NYSE,"Sporting & Athletic Goods, NEC",3949,1670592,DE,0102,,,NYSE,,
YEXT,"Yext, Inc.",NYSE,Services-Computer Processing & Data Preparation,7374,1614178,DE,0131,,,NYSE,,
YFOR,YYForce Inc.,NASDAQ,Services-Help Supply Services,7363,1985337,D8,,,YY Group Holding Ltd.,"Nasdaq, Nasdaq",,
YHC,LQR House Inc.,NASDAQ,Beverages,2080,1843165,DE,1231,,,Nasdaq,,
YHGJ,YUNHONG GREEN CTI LTD.,NASDAQ,"Fabricated Rubber Products, NEC",3060,1042187,IL,1231,,Yunhong CTI Ltd.; CTI INDUSTRIES CORP,Nasdaq,,
YHNA,YHN Acquisition I Ltd,NASDAQ,Blank Checks,6770,2020987,D8,1231,,,"Nasdaq, Nasdaq, Nasdaq",,
YIBO,Planet Image International Ltd,NASDAQ,"Computer Peripheral Equipment, NEC",3577,1868395,E9,1231,,,Nasdaq,,
YICC,Yorkville International Capital Corp.,NASDAQ,Blank Checks,6770,2130386,E9,1231,,,"Nasdaq, Nasdaq, Nasdaq",,
YJ,Yunji Inc.,NASDAQ,"Retail-Retail Stores, NEC",5990,1759614,E9,1231,,,Nasdaq,,
YMAT,"J-Star Holding Co., Ltd.",NASDAQ,"Sporting & Athletic Goods, NEC",3949,1875016,,,,,Nasdaq,,
YORW,YORK WATER CO,NASDAQ,Water Supply,4941,108985,PA,1231,,,Nasdaq,,
YOU,"Clear Secure, Inc.",NYSE,Services-Prepackaged Software,7372,1856314,DE,1231,,,NYSE,,
YSWY,"Yesway, Inc.",NASDAQ,Retail-Grocery Stores,5411,1859836,DE,1231,,,Nasdaq,,
YSXT,"YSX Tech Co., Ltd",NASDAQ,"Services-Automotive Repair, Services & Parking",7500,1993463,E9,0331,,,Nasdaq,,
YTRA,"Yatra Online, Inc.",NASDAQ,Transportation Services,4700,1516899,E9,0331,,,Nasdaq,,
YUM,YUM BRANDS INC,NYSE,Retail-Eating  Places,5812,1041061,NC,1231,,TRICON GLOBAL RESTAURANTS INC,NYSE,,
YUMC,"Yum China Holdings, Inc.",NYSE,Retail-Eating  Places,5812,1673358,DE,1231,,"Yum! China Holding, Inc.",NYSE,,
YXT,YXT.COM GROUP HOLDING Ltd,NASDAQ,Services-Prepackaged Software,7372,1872090,E9,1231,,,Nasdaq,,
YYAI,AIRWA INC.,NASDAQ,"Services-Computer Programming, Data Processing, Etc.",7370,1674440,DE,0430,,Connexa Sports Technologies Inc.; Slinger Bag Inc.; LAZEX INC.,Nasdaq,,
Z,"ZILLOW GROUP, INC.",NASDAQ,"Services-Business Services, NEC",7389,1617640,WA,1231,,Zebra Holdco Inc.,"Nasdaq, Nasdaq",,
ZBAO,Zhibao Technology Inc.,NASDAQ,"Insurance Agents, Brokers & Service",6411,1966750,E9,0630,,,Nasdaq,,
ZBH,"ZIMMER BIOMET HOLDINGS, INC.",NYSE,"Orthopedic, Prosthetic & Surgical Appliances & Supplies",3842,1136869,DE,1231,,ZIMMER HOLDINGS INC,NYSE,,
ZBIO,"Zenas BioPharma, Inc.",NASDAQ,Pharmaceutical Preparations,2834,1953926,DE,1231,,Zenas BioPharma (Cayman) Ltd,Nasdaq,,
ZBRA,ZEBRA TECHNOLOGIES CORP,NASDAQ,General Industrial Machinery & Equipment,3560,877212,,1231,,ZEBRA TECHNOLOGIES CORP/DE,Nasdaq,,
ZCMD,Zhongchao Inc.,NASDAQ,Services-Educational Services,8200,1785566,E9,1231,,,Nasdaq,,
ZD,"ZIFF DAVIS, INC.",NASDAQ,Telegraph & Other Message Communications,4822,1084048,,1231,,"J2 GLOBAL, INC.; J2 GLOBAL COMMUNICATIONS INC; JFAX COM INC",Nasdaq,,
ZDAI,"DirectBooking Technology Co., Ltd.",NASDAQ,General Bldg Contractors - Nonresidential Bldgs,1540,1966678,E9,0331,,Primega Group Holdings Ltd,Nasdaq,,
ZDGE,"Zedge, Inc.",NYSE American,Services-Prepackaged Software,7372,1667313,DE,0731,,,NYSE,,
ZENA,"ZenaTech, Inc.",NASDAQ,Services-Prepackaged Software,7372,1997403,Z4,1231,,,Nasdaq,,
ZEO,Zeo Energy Corp.,NASDAQ,Construction - Special Trade Contractors,1700,1865506,,1231,,ESGEN Acquisition Corp,"Nasdaq, Nasdaq",,
ZETA,Zeta Global Holdings Corp.,NYSE,Services-Prepackaged Software,7372,1851003,DE,1231,,,NYSE,,
ZG,"ZILLOW GROUP, INC.",NASDAQ,"Services-Business Services, NEC",7389,1617640,WA,1231,,Zebra Holdco Inc.,"Nasdaq, Nasdaq",,
ZGN,Ermenegildo Zegna N.V.,NYSE,Apparel & Other Finishd Prods of  Fabrics & Similar Matl,2300,1877787,P7,1231,,Ermenegildo Zegna Holditalia S.p.A.,NYSE,,
ZIM,ZIM Integrated Shipping Services Ltd.,NYSE,Deep Sea Foreign Transportation of  Freight,4412,1654126,L3,1231,,,NYSE,,
ZION,"ZIONS BANCORPORATION, NATIONAL ASSOCIATION /UT/",NASDAQ,National Commercial Banks,6021,109380,UT,1231,,ZIONS BANCORPORATION /UT/,"Nasdaq, Nasdaq",,
ZIP,"ZIPRECRUITER, INC.",NYSE,"Services-Computer Programming, Data Processing, Etc.",7370,1617553,DE,1231,,,NYSE,,
ZJK,"ZJK Industrial Co., Ltd.",NASDAQ,"Bolts, Nuts, Screws, Rivets & Washers",3452,1941506,E9,1231,,,Nasdaq,,
ZJYL,Jin Medical International Ltd.,NASDAQ,"Orthopedic, Prosthetic & Surgical Appliances & Supplies",3842,1837821,E9,0930,,,Nasdaq,,
ZKIN,"ZK International Group Co., Ltd.",NASDAQ,Miscellaneous Fabricated Metal Products,3490,1687451,D8,0930,,,Nasdaq,,
ZM,"Zoom Communications, Inc.",NASDAQ,"Services-Computer Programming, Data Processing, Etc.",7370,1585521,DE,0131,,"Zoom Video Communications, Inc.",Nasdaq,,
ZNB,Zeta Network Group,NASDAQ,Services-Educational Services,8200,1747661,E9,0630,,"Color Star Technology Co., Ltd.; Huitao Technology Co., Ltd.; China Advanced Construction Materials Group, Inc./Cayman",Nasdaq,,
ZNTL,"Zentalis Pharmaceuticals, Inc.",NASDAQ,Pharmaceutical Preparations,2834,1725160,,1231,,"Zentalis Pharmaceuticals, LLC; Zeno Pharma, LLC",Nasdaq,,
ZONE,Zone Frontier Inc.,NYSE American,"Specialty Cleaning, Polishing and Sanitation Preparations",2842,1956741,NV,0630,,"CleanCore Solutions, Inc.",NYSE,,
ZOOZ,ZOOZ Strategy Ltd.,NASDAQ,Misc Industrial & Commercial Machinery & Equipment,3590,1992818,L3,1231,,ZOOZ Power Ltd.,"Nasdaq, Nasdaq",,
ZS,"Zscaler, Inc.",NASDAQ,Services-Computer Programming Services,7371,1713683,DE,0731,,,Nasdaq,,
ZSQR,Z Squared Inc.,NASDAQ,Finance Services,6199,1759186,DE,1231,,"Coeptis Therapeutics Holdings, Inc.; Bull Horn Holdings Corp.",Nasdaq,,
ZSTK,ZeroStack Corp.,NASDAQ,Finance Services,6199,1790169,TX,1231,,Flora Growth Corp.,Nasdaq,,
ZTG,Zenta Group Co Ltd,NASDAQ,Services-Management Consulting Services,8742,2011458,E9,0930,,,Nasdaq,,
ZTS,Zoetis Inc.,NYSE,Pharmaceutical Preparations,2834,1555280,,1231,,,NYSE,,
ZUMZ,Zumiez Inc,NASDAQ,Retail-Apparel & Accessory Stores,5600,1318008,WA,0203,,Zumiez Inc,Nasdaq,,
ZURA,Zura Bio Ltd,NASDAQ,"Biological Products, (No Diagnostic Substances)",2836,1855644,E9,1231,,JATT Acquisition Corp,Nasdaq,,
ZVIA,Zevia PBC,NYSE,Bottled & Canned Soft Drinks & Carbonated Waters,2086,1854139,DE,1231,,,NYSE,,
ZVRA,"ZEVRA THERAPEUTICS, INC.",NASDAQ,Pharmaceutical Preparations,2834,1434647,DE,1231,,"KEMPHARM, INC; KEMPHARM INC",Nasdaq,,
ZWS,Zurn Elkay Water Solutions Corp,NYSE,General Industrial Machinery & Equipment,3560,1439288,DE,1231,,"Zurn Water Solutions Corp; Rexnord Corp; Rexnord Holdings, Inc",NYSE,,
ZYBT,Zhengye Biotechnology Holding Ltd,NASDAQ,Pharmaceutical Preparations,2834,1975641,F4,,,,Nasdaq,,
ZYME,Zymeworks Inc.,NASDAQ,Pharmaceutical Preparations,2834,1937653,DE,1231,,Zymeworks Delaware Inc.,Nasdaq,,
